# Blender 5.2.0 LTS
# www.blender.org
mtllib animal.mtl
o Object_4
v 1.395882 3.809563 0.661667
v 1.523781 3.646272 0.470161
v 1.567982 3.774563 0.507164
v 1.854481 4.093713 0.163162
v 1.452579 4.229753 0.454063
v 1.582779 3.970013 0.497261
v 1.582779 3.970013 0.497261
v 1.395882 3.809563 0.661667
v 1.567982 3.774563 0.507164
v 1.396481 3.581302 0.549965
v 1.401878 4.013622 0.684265
v 1.192982 3.582442 0.657463
v 0.329681 3.884333 0.881668
v 0.097881 3.689343 0.538666
v 0.371578 3.606512 0.650566
v 0.015282 3.882333 0.623665
v 0.347080 4.325802 0.861565
v 0.051182 4.755953 0.592964
v 0.005379 4.366743 0.633362
v 1.223282 3.844703 0.816261
v 1.127979 4.302032 0.797768
v 1.276581 4.813773 0.572762
v 1.100182 4.768693 0.726868
v 1.452579 4.229753 0.454063
v 1.453381 4.858493 0.416763
v 1.353680 5.030523 0.396065
v 1.215279 5.059733 0.468765
v 1.077179 5.088964 0.541168
v 0.735180 4.791203 0.814766
v 1.100182 4.768693 0.726868
v 0.732681 5.134563 0.601166
v 0.369080 4.779153 0.774567
v 0.151180 5.013713 0.488068
v 0.395882 5.096323 0.566963
v 0.775681 3.873463 0.962265
v 0.776279 3.564652 0.703865
v 1.220081 4.057373 0.871262
v 1.223282 3.844703 0.816261
v 1.220081 4.057373 0.871262
v 0.776081 4.078743 1.011261
v 0.330280 4.094512 0.933266
v -0.013821 4.088472 0.653267
v 1.127979 4.302032 0.797768
v 0.741280 4.319762 0.918365
v 1.127979 4.302032 0.797768
v 1.215279 5.059733 -0.783836
v 1.265179 5.201354 -0.509232
v 1.353680 5.030523 -0.711136
v 1.096081 5.281543 -0.544632
v 1.452579 4.229753 -0.769135
v 1.682980 4.280473 -0.447632
v 1.854481 4.093713 -0.478233
v 1.435181 5.120323 -0.473839
v 1.463879 5.162943 -0.157532
v 1.287979 5.255253 -0.157532
v 1.077179 5.088964 -0.856232
v 0.732681 5.134563 -0.916237
v 0.734581 5.343613 -0.571632
v 1.077179 5.088964 -0.856232
v 0.395882 5.096323 -0.882034
v 0.151180 5.013703 -0.803139
v 0.380280 5.280493 -0.553635
v 0.070381 5.099633 -0.538437
v 0.735580 5.412004 -0.157532
v 1.113380 5.346323 -0.157532
v 1.113380 5.346323 -0.157532
v 0.364182 5.339314 -0.157532
v 0.029881 5.140653 -0.157532
v 1.435181 5.120323 0.158867
v 1.265179 5.201354 0.194168
v 1.353680 5.030523 0.396065
v 1.452579 4.229753 0.454063
v 1.854481 4.093713 0.163162
v 1.682980 4.280473 0.132568
v 1.215279 5.059733 0.468765
v 1.096081 5.281543 0.229568
v 1.077179 5.088964 0.541168
v 0.380280 5.280493 0.238564
v 0.151180 5.013713 0.488068
v 0.395882 5.096323 0.566963
v 0.070282 5.099633 0.223366
v 0.732681 5.134563 0.601166
v 0.734581 5.343613 0.256561
v 1.096081 5.281543 0.229568
v 0.020382 3.878213 -0.940933
v -0.215118 4.083823 -0.591637
v -0.010921 4.095513 -0.973236
v 0.005981 4.357933 -0.949532
v -0.142021 3.836603 -0.579239
v 0.098282 3.693683 -0.855034
v -0.215820 3.810863 -0.169434
v 0.031681 3.602413 -0.552338
v -0.022121 3.560602 -0.159935
v -0.299320 4.072353 -0.167534
v -0.217121 4.378003 -0.587738
v 0.051182 4.756243 -0.907738
v -0.145420 4.773344 -0.572136
v 0.151180 5.013703 -0.803139
v 0.070381 5.099633 -0.538437
v -0.217419 4.793763 -0.157837
v 0.029881 5.140653 -0.157532
v -0.299519 4.378583 -0.161438
v -0.135818 3.817413 0.238861
v -0.299320 4.072353 -0.167534
v 0.017681 3.609582 0.239265
v 0.097881 3.689343 0.538666
v 0.015282 3.882333 0.623665
v -0.213921 4.075513 0.263565
v -0.013821 4.088472 0.653267
v 0.005379 4.366743 0.633362
v -0.225922 4.391013 0.270668
v -0.145920 4.771973 0.257263
v 0.151180 5.013713 0.488068
v 0.070282 5.099633 0.223366
v 0.051182 4.755953 0.592964
v 1.223282 3.844703 -1.131332
v 0.775681 3.873463 -1.277237
v 1.220081 4.057373 -1.186333
v 0.776081 4.078743 -1.326233
v 1.192982 3.582443 -0.972534
v 0.776279 3.564653 -1.018936
v 1.220081 4.057373 -1.186333
v 1.401878 4.013623 -0.999336
v 1.223282 3.844703 -1.131332
v 0.371880 3.606293 -0.965439
v 0.330181 3.884433 -1.196236
v 0.330681 4.094503 -1.247833
v 0.020382 3.878213 -0.940933
v -0.010921 4.095513 -0.973236
v 1.127979 4.302033 -1.112839
v 0.741280 4.319763 -1.233437
v 0.369080 4.779143 -1.089638
v 0.735180 4.791203 -1.129837
v 1.100182 4.768693 -1.041939
v 1.127979 4.302033 -1.112839
v 0.347279 4.326093 -1.176437
v 0.005981 4.357933 -0.949532
v 0.051182 4.756243 -0.907738
v 1.395882 3.809563 -0.976738
v 1.395882 3.809563 -0.976738
v 1.523781 3.646273 -0.785233
v 1.396481 3.581303 -0.865036
v 1.582779 3.970013 -0.812332
v 1.582779 3.970013 -0.812332
v 1.567982 3.774563 -0.822136
v 1.567982 3.774563 -0.822136
v 1.854481 4.093713 -0.478233
v 1.452579 4.229753 -0.769135
v 1.276581 4.813773 -0.887733
v 1.100182 4.768693 -1.041939
v 0.098282 3.693683 -0.855034
v 1.453381 4.858493 -0.731834
v 1.452579 4.229753 -0.769135
v 1.215279 5.059733 -0.783836
v 1.077179 5.088964 -0.856232
v 1.077179 5.088964 -0.856232
v 1.353680 5.030523 -0.711136
v 0.732681 5.134563 -0.916237
v 0.395882 5.096323 -0.882034
v 0.151180 5.013703 -0.803139
v 0.780281 3.322243 -0.570938
v 1.192982 3.582443 -0.972534
v 1.148682 3.375563 -0.514732
v 1.396481 3.581303 -0.865036
v 1.488480 3.433403 -0.486832
v 1.165779 3.307702 -0.157532
v 0.782581 3.244222 -0.157532
v 1.533680 3.402412 -0.157532
v 0.406078 3.364763 -0.540436
v 0.371880 3.606293 -0.965439
v 0.385979 3.300492 -0.157532
v 0.031681 3.602413 -0.552338
v 1.715179 3.601503 -0.486137
v 1.523781 3.646273 -0.785233
v 1.777981 3.588262 -0.157532
v 0.776279 3.564653 -1.018936
v 0.098282 3.693683 -0.855034
v -0.022121 3.560602 -0.159935
v 1.715179 3.601502 0.171066
v 1.148682 3.375562 0.199661
v 1.488480 3.433402 0.171768
v 1.192982 3.582442 0.657463
v 0.780281 3.322242 0.255867
v 0.403980 3.378092 0.249168
v 0.017681 3.609582 0.239265
v 0.371578 3.606512 0.650566
v 1.396481 3.581302 0.549965
v 1.523781 3.646272 0.470161
v 0.776279 3.564652 0.703865
v 0.097881 3.689343 0.538666
v 1.849781 3.861413 -0.493935
v 1.777981 3.588262 -0.157532
v 1.715179 3.601503 -0.486137
v 1.854481 4.093713 -0.478233
v 1.913582 3.886943 -0.157532
v 1.849781 3.861413 -0.493935
v 1.582779 3.970013 -0.812332
v 1.582779 3.970013 -0.812332
v 1.682980 4.280473 -0.447632
v 1.927780 4.120523 -0.157532
v 1.913582 3.886943 -0.157532
v 1.523781 3.646273 -0.785233
v 1.401878 4.013623 -0.999336
v 1.220081 4.057373 -1.186333
v 1.127979 4.302033 -1.112839
v 1.452579 4.229753 -0.769135
v 1.290180 4.265893 -0.941032
v 1.567982 3.774563 -0.822136
v 1.567982 3.774563 -0.822136
v 1.595581 4.909983 -0.457039
v 1.682980 4.280473 -0.447632
v 1.453381 4.858493 -0.731834
v 1.435181 5.120323 -0.473839
v 1.634182 4.938024 -0.157532
v 1.763680 4.322323 -0.157532
v 1.763680 4.322323 -0.157532
v 1.452579 4.229753 -0.769135
v 1.452579 4.229753 -0.769135
v 1.276581 4.813773 -0.887733
v 1.290180 4.265893 -0.941032
v 1.127979 4.302033 -1.112839
v 1.353680 5.030523 -0.711136
v 1.463879 5.162943 -0.157532
v 1.682980 4.280473 0.132568
v 1.849781 3.861413 0.178963
v 1.854481 4.093713 0.163162
v 1.715179 3.601502 0.171066
v 1.849781 3.861413 0.178963
v 1.582779 3.970013 0.497261
v 1.582779 3.970013 0.497261
v 1.523781 3.646272 0.470161
v 1.567982 3.774563 0.507164
v 1.567982 3.774563 0.507164
v 1.452579 4.229753 0.454063
v 1.401878 4.013622 0.684265
v 1.127979 4.302032 0.797768
v 1.220081 4.057373 0.871262
v 1.290180 4.265893 0.625961
v 1.595581 4.909983 0.141968
v 1.682980 4.280473 0.132568
v 1.435181 5.120323 0.158867
v 1.453381 4.858493 0.416763
v 1.452579 4.229753 0.454063
v 1.452579 4.229753 0.454063
v 1.353680 5.030523 0.396065
v 1.276581 4.813773 0.572762
v 1.127979 4.302032 0.797768
v 0.824181 0.101855 -0.304436
v 0.931782 0.004168 -0.400337
v 0.947479 0.106545 -0.389336
v 0.829479 0.003358 -0.316734
v 0.534481 0.002853 -0.369835
v 0.677479 0.160129 -0.321236
v 0.522179 0.143691 -0.369736
v 0.830082 0.156512 -0.315536
v 0.932678 0.184062 -0.398933
v 0.689381 0.002561 -0.323036
v 0.820580 0.156645 -0.722336
v 0.837879 0.229652 -0.637337
v 0.922878 0.182798 -0.648338
v 0.678680 0.160967 -0.714935
v 0.868279 0.241138 -0.522835
v 0.973080 0.194323 -0.522835
v 0.932678 0.184062 -0.398933
v 0.843079 0.226495 -0.415237
v 0.677479 0.160129 -0.321236
v 0.830082 0.156512 -0.315536
v 0.475079 0.003423 -0.518738
v 0.533680 0.144060 -0.682037
v 0.545979 0.003152 -0.681839
v 0.462681 0.144046 -0.518738
v 0.522179 0.143691 -0.369736
v 0.534481 0.002853 -0.369835
v 0.679581 0.002952 -0.715034
v 0.814381 0.101830 -0.733635
v 0.819981 0.003407 -0.721237
v 0.678680 0.160967 -0.714935
v 0.820580 0.156645 -0.722336
v 0.936481 0.106302 -0.658333
v 0.533680 0.144060 -0.682037
v 0.922081 0.004123 -0.646935
v 0.545979 0.003152 -0.681839
v 0.922878 0.182798 -0.648338
v 0.819981 0.003407 -0.721237
v 0.689381 0.003358 -0.522736
v 0.679581 0.002952 -0.715034
v 0.545979 0.003152 -0.681839
v 0.475079 0.003423 -0.518738
v 0.819981 0.003407 -0.522736
v 0.922081 0.004123 -0.646935
v 0.970982 0.004757 -0.522736
v 0.931782 0.004168 -0.400337
v 0.689381 0.002561 -0.323036
v 0.534481 0.002853 -0.369835
v 0.829479 0.003358 -0.316734
v 0.922081 0.004123 -0.646935
v 0.998081 0.111052 -0.523033
v 0.970982 0.004757 -0.522736
v 0.936481 0.106302 -0.658333
v 0.922878 0.182798 -0.648338
v 0.973080 0.194323 -0.522835
v 0.931782 0.004168 -0.400337
v 0.947479 0.106545 -0.389336
v 0.932678 0.184062 -0.398933
v 0.753880 2.214912 -1.687439
v 0.915379 2.382152 -1.586739
v 0.753880 2.364852 -1.539833
v 0.753880 2.364852 -1.539833
v 0.597881 2.375522 -1.584435
v 0.627182 2.442712 -1.546936
v 0.627182 2.442712 -1.546936
v 0.598579 2.543852 -1.592438
v 0.556980 2.511232 -1.622337
v 0.915379 2.675392 -1.722137
v 0.897579 2.557762 -1.598434
v 0.950779 2.543602 -1.622337
v 0.877380 2.453282 -1.551338
v 0.752781 2.423732 -1.536736
v 0.915379 2.540032 -2.015434
v 0.753880 2.707272 -1.914734
v 0.950779 2.639843 -1.883636
v 0.556980 2.639843 -1.883636
v 0.753880 2.707272 -1.914734
v 0.592381 2.540032 -2.015434
v 0.592381 2.675392 -1.722137
v 0.915379 2.675392 -1.722137
v 0.753880 2.722353 -1.704834
v 0.624180 2.648602 -1.640434
v 0.741779 2.683162 -1.654335
v 0.863682 2.658642 -1.644035
v 0.597881 2.240162 -1.877632
v 0.562481 2.275712 -1.716232
v 0.482780 2.428722 -1.801132
v 0.556980 2.346212 -1.979836
v 0.592381 2.540032 -2.015434
v 0.556980 2.639843 -1.883636
v 0.592381 2.675392 -1.722137
v 0.556980 2.511232 -1.622337
v 0.597881 2.375522 -1.584435
v 0.627182 2.442712 -1.546936
v 0.624180 2.648602 -1.640434
v 0.598579 2.543852 -1.592438
v 0.592381 2.540032 -2.015434
v 0.753880 2.347453 -2.047234
v 0.556980 2.346212 -1.979836
v 0.753880 2.557333 -2.062332
v 0.915379 2.540032 -2.015434
v 0.950779 2.378572 -1.979836
v 0.915379 2.246782 -1.880035
v 0.753880 2.707272 -1.914734
v 0.915379 2.246782 -1.880035
v 0.753880 2.214912 -1.687439
v 0.753880 2.199822 -1.897339
v 0.556980 2.346212 -1.979836
v 0.753880 2.199822 -1.897339
v 0.597881 2.240162 -1.877632
v 0.753880 2.347453 -2.047234
v 0.950779 2.282342 -1.718536
v 0.562481 2.275712 -1.716232
v 0.597881 2.375522 -1.584435
v 0.915379 2.382152 -1.586739
v 1.025082 2.461092 -1.801132
v 0.915379 2.246782 -1.880035
v 0.950779 2.378572 -1.979836
v 0.915379 2.540032 -2.015434
v 0.950779 2.639843 -1.883636
v 0.915379 2.675392 -1.722137
v 0.950779 2.282342 -1.718536
v 0.915379 2.382152 -1.586739
v 0.950779 2.543602 -1.622337
v 0.897579 2.557762 -1.598434
v 0.863682 2.658642 -1.644035
v 0.753880 2.347452 1.732262
v 0.915379 2.246782 1.564964
v 0.950779 2.378572 1.664764
v 0.592381 2.540032 1.700363
v 0.753880 2.557332 1.747261
v 0.753880 2.707272 1.599663
v 0.915379 2.540032 1.700363
v 0.753880 2.557332 1.747261
v 0.556980 2.346212 1.664764
v 0.624180 2.648602 1.325363
v 0.753880 2.722352 1.389763
v 0.741779 2.683162 1.339264
v 0.592381 2.675392 1.407066
v 0.863682 2.658642 1.328964
v 0.753880 2.722352 1.389763
v 0.915379 2.675392 1.407066
v 0.753880 2.707272 1.599663
v 0.753880 2.707272 1.599663
v 0.915379 2.540032 1.700363
v 0.950779 2.639842 1.568565
v 0.556980 2.639842 1.568565
v 0.592381 2.540032 1.700363
v 0.482780 2.428722 1.486061
v 0.597881 2.375522 1.269363
v 0.562481 2.275712 1.401161
v 0.556980 2.511232 1.307266
v 0.627182 2.442712 1.231865
v 0.624180 2.648602 1.325363
v 0.598579 2.543852 1.277367
v 0.592381 2.675392 1.407066
v 0.597881 2.240162 1.562668
v 0.556980 2.346212 1.664764
v 0.592381 2.540032 1.700363
v 0.556980 2.639842 1.568565
v 0.877380 2.453282 1.236267
v 0.915379 2.382152 1.271767
v 0.753880 2.364852 1.224762
v 0.627182 2.442712 1.231865
v 0.627182 2.442712 1.231865
v 0.753880 2.364852 1.224762
v 0.597881 2.375522 1.269363
v 0.752781 2.423732 1.221664
v 0.950779 2.543602 1.307266
v 0.556980 2.511232 1.307266
v 0.598579 2.543852 1.277367
v 0.753880 2.214912 1.372368
v 0.897579 2.557762 1.283363
v 0.915379 2.675392 1.407066
v 0.915379 2.246782 1.564964
v 0.753880 2.214912 1.372368
v 0.950779 2.282342 1.403564
v 0.597881 2.240162 1.562668
v 0.562481 2.275712 1.401161
v 0.597881 2.375522 1.269363
v 0.915379 2.382152 1.271767
v 0.753880 2.199822 1.582268
v 0.753880 2.199822 1.582268
v 0.556980 2.346212 1.664764
v 0.753880 2.347452 1.732262
v 0.950779 2.282342 1.403564
v 0.915379 2.382152 1.271767
v 1.025082 2.461092 1.486061
v 0.950779 2.543602 1.307266
v 0.915379 2.675392 1.407066
v 0.897579 2.557762 1.283363
v 0.863682 2.658642 1.328964
v 0.915379 2.246782 1.564964
v 0.950779 2.378572 1.664764
v 0.915379 2.540032 1.700363
v 0.950779 2.639842 1.568565
v 0.814381 0.101829 0.418564
v 0.819981 0.003406 0.406166
v 0.922081 0.004123 0.331863
v 0.533680 0.144059 0.366966
v 0.545979 0.003151 0.366867
v 0.679581 0.002952 0.399963
v 0.936481 0.106301 0.343369
v 0.922878 0.182797 0.333267
v 0.820580 0.156644 0.407265
v 0.678680 0.160967 0.399864
v 0.932678 0.184061 0.083862
v 0.830082 0.156512 0.000565
v 0.843079 0.226495 0.100166
v 0.677479 0.160129 0.006165
v 0.973080 0.194322 0.207764
v 0.868279 0.241138 0.207863
v 0.922878 0.182797 0.333267
v 0.820580 0.156644 0.407265
v 0.837879 0.229651 0.322266
v 0.678680 0.160967 0.399864
v 0.522179 0.143691 0.054665
v 0.534481 0.002853 0.054764
v 0.475079 0.003423 0.203667
v 0.462681 0.144045 0.203667
v 0.533680 0.144059 0.366966
v 0.545979 0.003151 0.366867
v 0.689381 0.002560 0.007965
v 0.824181 0.101855 -0.010635
v 0.829479 0.003357 0.001762
v 0.677479 0.160129 0.006165
v 0.830082 0.156512 0.000565
v 0.947479 0.106545 0.074265
v 0.534481 0.002853 0.054764
v 0.931782 0.004167 0.085266
v 0.522179 0.143691 0.054665
v 0.932678 0.184061 0.083862
v 0.819981 0.003406 0.207664
v 0.689381 0.002560 0.007965
v 0.829479 0.003357 0.001762
v 0.689381 0.003357 0.207664
v 0.534481 0.002853 0.054764
v 0.475079 0.003423 0.203667
v 0.931782 0.004167 0.085266
v 0.970982 0.004757 0.207664
v 0.922081 0.004123 0.331863
v 0.819981 0.003406 0.406166
v 0.679581 0.002952 0.399963
v 0.545979 0.003151 0.366867
v 0.998081 0.111052 0.207962
v 0.970982 0.004757 0.207664
v 0.931782 0.004167 0.085266
v 0.947479 0.106545 0.074265
v 0.932678 0.184061 0.083862
v 0.973080 0.194322 0.207764
v 0.922081 0.004123 0.331863
v 0.936481 0.106301 0.343369
v 0.922878 0.182797 0.333267
vn 0.6128 -0.2593 0.7465
vn 0.6384 -0.5201 0.5674
vn 0.7102 -0.2368 0.6630
vn 0.4406 -0.6765 0.5901
vn 0.2688 -0.7194 0.6405
vn 0.4246 -0.3538 0.8334
vn 0.8431 0.3073 0.4413
vn 0.7239 0.2991 0.6217
vn 0.7240 0.1969 0.6611
vn 0.7240 0.1967 0.6612
vn 0.6129 -0.2592 0.7464
vn 0.7115 -0.2293 0.6642
vn 0.7158 0.1730 0.6765
vn 0.5265 0.1257 0.8408
vn 0.4957 0.2911 0.8183
vn 0.6152 0.2682 0.7414
vn 0.4413 0.3073 0.8431
vn 0.4876 0.6134 0.6213
vn 0.3385 0.6534 0.6771
vn 0.5668 0.5903 0.5747
vn 0.7305 0.2671 0.6285
vn 0.7256 0.2918 0.6232
vn -0.3779 -0.4172 0.8265
vn -0.5834 -0.6544 0.4811
vn -0.3156 -0.7417 0.5919
vn -0.7159 -0.3855 0.5822
vn 0.0312 -0.4252 0.9046
vn -0.0000 -0.7708 0.6371
vn 0.4245 -0.3538 0.8334
vn -0.3929 0.0236 0.9193
vn -0.7621 -0.0629 0.6444
vn 0.0790 0.0632 0.9949
vn -0.7155 0.1416 0.6842
vn 0.5264 0.1257 0.8409
vn 0.4956 0.2912 0.8183
vn 0.0705 0.2823 0.9567
vn -0.3547 0.2286 0.9066
vn -0.6613 0.3386 0.6693
vn -0.3075 0.3548 0.8829
vn -0.5609 0.6161 0.5530
vn -0.2925 0.6956 0.6562
vn 0.0629 0.3693 0.9272
vn 0.0316 0.7107 0.7028
vn 0.4412 0.3073 0.8432
vn 0.4956 0.2911 0.8183
vn 0.0316 0.7107 -0.7028
vn 0.0079 0.9379 -0.3468
vn 0.3385 0.6535 -0.6770
vn 0.3163 0.8856 -0.3400
vn -0.2925 0.6957 -0.6561
vn -0.0080 1.0000 -0.0000
vn 0.3233 0.9463 -0.0000
vn -0.3307 0.8897 -0.3149
vn -0.5609 0.6162 -0.5529
vn -0.3538 0.9353 -0.0000
vn -0.6525 0.6998 -0.2909
vn -0.6789 0.7342 -0.0000
vn -0.3307 0.8896 0.3149
vn -0.5609 0.6162 0.5530
vn -0.2925 0.6957 0.6561
vn -0.6525 0.6997 0.2909
vn 0.0078 0.9379 0.3468
vn 0.3385 0.6536 0.6770
vn 0.3163 0.8856 0.3400
vn 0.4876 0.6135 -0.6212
vn 0.4483 0.8337 -0.3225
vn 0.5667 0.5905 -0.5746
vn 0.6284 0.7150 -0.3064
vn 0.3386 0.6535 -0.6770
vn 0.3234 0.9463 -0.0000
vn 0.4566 0.8897 -0.0000
vn 0.6455 0.7638 -0.0000
vn 0.6284 0.7150 0.3064
vn 0.4483 0.8337 0.3225
vn 0.5667 0.5905 0.5746
vn 0.3165 0.8856 0.3400
vn 0.4875 0.6135 0.6212
vn 0.3385 0.6535 0.6770
vn 0.7239 0.2991 -0.6216
vn 0.8185 0.3778 -0.4329
vn 0.8431 0.3073 -0.4413
vn 0.7239 0.2990 0.6217
vn 0.8184 0.3778 0.4329
vn -0.8563 -0.4321 0.2828
vn -0.9874 -0.1580 -0.0079
vn -0.8896 -0.4566 -0.0079
vn -0.6519 -0.7067 0.2749
vn -0.6750 -0.7378 -0.0000
vn -0.5835 -0.6543 0.4810
vn -0.7159 -0.3855 0.5821
vn -0.9335 -0.1412 0.3295
vn -0.7622 -0.0629 0.6443
vn -0.9962 0.0870 -0.0079
vn -0.7156 0.1415 0.6840
vn -0.9328 0.0949 0.3478
vn -0.6614 0.3386 0.6692
vn -0.8721 0.3614 0.3300
vn -0.5610 0.6161 0.5529
vn -0.9196 0.3930 -0.0000
vn -0.6526 0.6997 0.2909
vn -0.6790 0.7341 -0.0000
vn -0.7099 -0.3943 -0.5836
vn -0.9339 -0.1177 -0.3375
vn -0.7557 -0.0472 -0.6532
vn -0.7195 0.1423 -0.6798
vn -0.8532 -0.4266 -0.3002
vn -0.5835 -0.6544 -0.4809
vn -0.6391 -0.7179 -0.2761
vn -0.9874 -0.1580 -0.0081
vn -0.9295 0.1024 -0.3544
vn -0.6676 0.3298 -0.6675
vn -0.8721 0.3614 -0.3300
vn -0.5610 0.6161 -0.5529
vn -0.6526 0.6996 -0.2909
vn 0.6128 -0.2593 -0.7464
vn 0.6383 -0.5201 -0.5675
vn 0.4406 -0.6765 -0.5901
vn 0.7103 -0.2368 -0.6629
vn 0.2688 -0.7194 -0.6405
vn 0.4246 -0.3538 -0.8334
vn 0.5265 0.1257 -0.8408
vn 0.7158 0.1730 -0.6765
vn 0.6129 -0.2592 -0.7464
vn 0.7240 0.1967 -0.6612
vn 0.7116 -0.2291 -0.6642
vn 0.7240 0.1969 -0.6611
vn 0.7239 0.2990 -0.6217
vn 0.6152 0.2682 -0.7414
vn 0.4957 0.2911 -0.8183
vn 0.4414 0.3073 -0.8431
vn 0.4876 0.6134 -0.6213
vn 0.3386 0.6534 -0.6771
vn 0.5668 0.5903 -0.5747
vn 0.7305 0.2671 -0.6285
vn 0.7256 0.2918 -0.6232
vn 0.4245 -0.3538 -0.8334
vn 0.0312 -0.4250 -0.9047
vn 0.5264 0.1257 -0.8409
vn -0.0000 -0.7708 -0.6371
vn -0.3156 -0.7417 -0.5919
vn 0.0789 0.0632 -0.9949
vn 0.4956 0.2911 -0.8183
vn -0.3778 -0.4172 -0.8265
vn -0.5834 -0.6544 -0.4810
vn -0.7098 -0.3943 -0.5837
vn 0.0706 0.2823 -0.9567
vn -0.3862 0.0236 -0.9221
vn -0.7556 -0.0472 -0.6533
vn -0.7194 0.1423 -0.6799
vn -0.3547 0.2286 -0.9066
vn -0.6675 0.3298 -0.6676
vn -0.3066 0.3616 -0.8805
vn -0.5608 0.6161 -0.5531
vn -0.2925 0.6956 -0.6562
vn 0.0629 0.3693 -0.9272
vn 0.3385 0.6534 -0.6771
vn 0.4412 0.3073 -0.8431
vn 0.0079 -0.9438 -0.3303
vn 0.2688 -0.7195 -0.6404
vn 0.1815 -0.9391 -0.2919
vn -0.3156 -0.7418 -0.5917
vn 0.4406 -0.6766 -0.5900
vn -0.3158 -0.9001 -0.3000
vn -0.5834 -0.6545 -0.4809
vn -0.6390 -0.7180 -0.2761
vn 0.0157 -0.9999 -0.0000
vn -0.3398 -0.9405 -0.0000
vn -0.6518 -0.7069 0.2749
vn -0.3151 -0.8980 0.3072
vn -0.5834 -0.6544 0.4810
vn -0.3156 -0.7417 0.5918
vn -0.0000 -0.9438 0.3304
vn -0.0000 -0.7709 0.6370
vn 0.2688 -0.7195 0.6404
vn 0.1815 -0.9390 0.2920
vn 0.4405 -0.6767 0.5900
vn 0.1885 -0.9821 -0.0000
vn 0.4032 -0.8697 0.2846
vn 0.6383 -0.5202 0.5674
vn 0.7308 -0.5974 0.3301
vn 0.4251 -0.9052 -0.0000
vn 0.7816 -0.6238 -0.0000
vn 0.7309 -0.5974 -0.3301
vn 0.4032 -0.8697 -0.2846
vn 0.6383 -0.5202 -0.5674
vn 0.8906 -0.2130 -0.4019
vn 0.7817 -0.6237 -0.0000
vn 0.7309 -0.5973 -0.3301
vn 0.6384 -0.5201 -0.5674
vn 0.7103 -0.2369 -0.6629
vn 0.9737 -0.2278 -0.0000
vn 0.8906 -0.2129 0.4019
vn 0.7309 -0.5973 0.3301
vn 0.7103 -0.2368 0.6629
vn 0.7158 0.1731 -0.6765
vn 0.7240 0.2991 -0.6216
vn 0.7241 0.1968 -0.6610
vn 0.7083 0.2676 -0.6532
vn 0.4957 0.2911 -0.8182
vn 0.5265 0.1258 -0.8408
vn 0.8432 0.3073 -0.4412
vn 0.9755 -0.2202 -0.0000
vn 0.8906 -0.2127 -0.4020
vn 0.7240 0.1967 -0.6611
vn 0.7116 -0.2291 -0.6641
vn 0.9405 0.3399 -0.0000
vn 0.8185 0.3778 -0.4328
vn 0.9006 0.4347 -0.0000
vn 0.8185 0.3778 0.4328
vn 0.8432 0.3073 0.4412
vn 0.8906 -0.2128 0.4020
vn 0.7241 0.1967 0.6611
vn 0.7116 -0.2291 0.6641
vn 0.7240 0.2991 0.6216
vn 0.7158 0.1731 0.6765
vn 0.7241 0.1968 0.6610
vn 0.7083 0.2676 0.6532
vn 0.4958 0.2911 0.8182
vn 0.8723 0.3458 -0.3457
vn 0.8209 0.3710 -0.4341
vn 0.7306 0.2671 -0.6284
vn 0.7257 0.2918 -0.6231
vn 0.5668 0.5904 -0.5746
vn 0.9022 0.4314 -0.0000
vn 0.6285 0.7149 -0.3064
vn 0.6153 0.2681 -0.7413
vn 0.7083 0.2674 -0.6532
vn 0.9154 0.4025 -0.0000
vn 0.6456 0.7637 -0.0000
vn 0.6286 0.7149 0.3064
vn 0.8723 0.3458 0.3458
vn 0.5668 0.5904 0.5746
vn 0.8209 0.3710 0.4341
vn 0.7306 0.2671 0.6284
vn 0.7257 0.2918 0.6231
vn 0.6152 0.2681 0.7414
vn 0.2517 0.0315 0.9673
vn 0.7945 -0.1730 0.5821
vn 0.8016 0.0236 0.5974
vn 0.2909 -0.1022 0.9513
vn -0.1883 -0.0471 0.9810
vn 0.2515 0.4793 0.8409
vn 0.6129 0.5893 0.5264
vn -0.0867 0.0788 0.9931
vn -0.6611 -0.0629 0.7477
vn -0.6870 -0.0158 0.7265
vn 0.2279 0.4480 -0.8645
vn 0.5676 0.4178 -0.7095
vn 0.5981 0.5667 -0.5666
vn -0.0550 0.0314 -0.9980
vn 0.8847 0.4660 0.0079
vn 0.7883 0.6149 -0.0237
vn 0.6128 0.5893 0.5264
vn 0.5455 0.4901 0.6799
vn 0.2514 0.4794 0.8408
vn -0.9961 -0.0865 -0.0157
vn -0.6533 -0.0473 -0.7556
vn -0.6231 -0.0473 -0.7807
vn -0.9992 -0.0394 -0.0079
vn -0.6611 -0.0630 0.7476
vn -0.1654 -0.0313 -0.9857
vn 0.2201 0.0315 -0.9750
vn 0.2599 -0.0945 -0.9610
vn 0.7575 -0.1657 -0.6314
vn 0.7634 0.0236 -0.6455
vn 0.2279 0.4479 -0.8646
vn 0.5981 0.5667 -0.5667
vn -0.6533 -0.0472 -0.7556
vn -0.6230 -0.0473 -0.7808
vn -0.0000 -1.0000 -0.0000
vn -0.0000 -1.0000 -0.0079
vn 0.0079 -1.0000 -0.0000
vn 0.0079 -1.0000 -0.0001
vn 0.0078 -1.0000 -0.0000
vn 0.7576 -0.1657 -0.6313
vn 0.9992 0.0236 -0.0315
vn 0.9750 -0.2201 -0.0314
vn 0.7945 -0.1731 0.5821
vn 0.7635 0.0236 -0.6453
vn 0.8017 0.0236 0.5973
vn 0.5982 0.5666 -0.5667
vn 0.6129 0.5893 0.5265
vn 0.7883 0.6148 -0.0236
vn 0.0157 -0.4969 0.8677
vn -0.5907 -0.3703 0.7169
vn 0.0158 -0.9081 0.4185
vn -0.5032 -0.1101 0.8571
vn 0.0158 -0.2369 0.9714
vn -0.5033 -0.1100 0.8571
vn -0.7642 0.2757 0.5831
vn -0.8647 0.1493 0.4796
vn 0.6006 -0.3320 0.7273
vn 0.0159 -0.4969 0.8677
vn 0.4563 -0.0394 0.8890
vn 0.8128 0.2446 0.5287
vn 0.6126 0.3535 0.7069
vn 0.6003 0.7662 0.2291
vn 0.5765 0.2843 -0.7660
vn 0.0001 0.9082 -0.4186
vn 0.7056 0.6429 -0.2980
vn 0.6003 0.7663 0.2291
vn 0.0079 0.9787 0.2052
vn 0.4084 0.7227 0.5576
vn -0.0473 0.8754 0.4811
vn -0.7237 0.6293 -0.2832
vn -0.0000 0.9082 -0.4185
vn -0.5818 0.2830 -0.7625
vn -0.6294 0.7475 0.2124
vn -0.5685 0.6553 0.4974
vn -0.5333 -0.8078 -0.2510
vn -0.6753 -0.6673 0.3141
vn -0.9984 -0.0551 0.0079
vn -0.6845 -0.3540 -0.6373
vn -0.5817 0.2830 -0.7625
vn -0.5908 -0.3702 0.7169
vn -0.6295 0.7474 0.2125
vn -0.8647 0.1494 0.4795
vn -0.5033 -0.1101 0.8570
vn -0.7642 0.2759 0.5830
vn -0.5817 0.2830 -0.7626
vn 0.0157 -0.4155 -0.9095
vn -0.0000 0.3468 -0.9379
vn -0.0000 0.9082 -0.4186
vn 0.5764 0.2842 -0.7661
vn 0.7056 -0.2979 -0.6429
vn 0.5765 -0.7660 -0.2843
vn 0.5765 -0.7661 -0.2843
vn 0.0237 -0.9411 -0.3372
vn 0.0157 -0.4155 -0.9094
vn 0.7056 -0.6429 0.2980
vn 0.6007 -0.3320 0.7273
vn 0.0235 -0.9411 -0.3372
vn -0.5332 -0.8079 -0.2510
vn -0.6752 -0.6674 0.3141
vn -0.5908 -0.3703 0.7168
vn 1.0000 -0.0000 -0.0001
vn 0.7057 -0.6429 0.2979
vn 0.6008 -0.3320 0.7272
vn 0.7056 0.6429 -0.2979
vn 0.6004 0.7662 0.2291
vn 0.6127 0.3535 0.7068
vn 0.4085 0.7225 0.5577
vn -0.5817 0.2830 0.7626
vn -0.0002 0.3468 0.9379
vn -0.0000 0.9082 0.4186
vn 0.0157 -0.4155 0.9095
vn -0.6845 -0.3541 0.6373
vn 0.5765 -0.7660 0.2843
vn 0.7056 -0.2979 0.6429
vn 0.5765 0.2843 0.7661
vn 0.0002 0.3468 0.9379
vn 0.4084 0.7226 -0.5577
vn 0.0079 0.9787 -0.2052
vn 0.6003 0.7663 -0.2291
vn -0.0473 0.8754 -0.4811
vn 0.0002 0.9082 0.4185
vn 0.7056 0.6430 0.2979
vn 0.5765 0.2843 0.7660
vn -0.5684 0.6554 -0.4974
vn 0.0077 0.9787 -0.2052
vn -0.6294 0.7475 -0.2124
vn -0.7237 0.6293 0.2832
vn -0.5818 0.2830 0.7625
vn -0.9984 -0.0551 -0.0079
vn -0.5909 -0.3702 -0.7168
vn -0.6753 -0.6674 -0.3140
vn -0.5333 -0.8078 0.2510
vn -0.6295 0.7474 -0.2124
vn -0.8647 0.1494 -0.4795
vn -0.5033 -0.1101 -0.8571
vn -0.5685 0.6553 -0.4974
vn -0.7642 0.2759 -0.5830
vn -0.5032 -0.1101 -0.8571
vn 0.0157 -0.4969 -0.8677
vn -0.5908 -0.3702 -0.7169
vn 0.0158 -0.9081 -0.4185
vn 0.0158 -0.2369 -0.9714
vn -0.8647 0.1493 -0.4796
vn -0.7642 0.2757 -0.5831
vn 0.4563 -0.0394 -0.8890
vn 0.6007 -0.3320 -0.7273
vn 0.0159 -0.4969 -0.8677
vn 0.8128 0.2447 -0.5287
vn 0.6126 0.3535 -0.7069
vn 0.6003 0.7662 -0.2291
vn 0.5765 -0.7661 0.2843
vn 0.0159 -0.9081 -0.4185
vn 0.7056 -0.6429 -0.2979
vn 0.6007 -0.3320 -0.7272
vn 0.0237 -0.9411 0.3372
vn 0.0157 -0.4156 0.9094
vn -0.5332 -0.8079 0.2510
vn -0.6752 -0.6674 -0.3141
vn -0.5908 -0.3702 -0.7168
vn 0.0234 -0.9411 0.3373
vn -0.6845 -0.3541 0.6372
vn 0.7056 -0.6429 -0.2980
vn 0.6008 -0.3320 -0.7272
vn 1.0000 -0.0000 -0.0000
vn 0.8128 0.2446 -0.5286
vn 0.7056 0.6429 0.2980
vn 0.6004 0.7662 -0.2291
vn 0.6127 0.3535 -0.7068
vn 0.4085 0.7226 -0.5577
vn 0.2202 0.0314 0.9750
vn 0.2599 -0.0945 0.9610
vn 0.7575 -0.1657 0.6314
vn 0.7634 0.0236 0.6455
vn -0.1656 -0.0316 0.9857
vn 0.2279 0.4480 0.8645
vn 0.5981 0.5667 0.5667
vn -0.0550 0.0314 0.9980
vn -0.6533 -0.0472 0.7556
vn -0.6230 -0.0473 0.7808
vn 0.6128 0.5894 -0.5264
vn 0.2515 0.4794 -0.8408
vn 0.5510 0.4880 -0.6769
vn -0.0867 0.0788 -0.9931
vn 0.8847 0.4660 -0.0079
vn 0.7883 0.6149 0.0237
vn 0.5675 0.4178 0.7095
vn -0.6870 -0.0158 -0.7265
vn -0.6611 -0.0630 -0.7477
vn -0.9961 -0.0863 0.0157
vn -0.9992 -0.0394 0.0079
vn -0.1883 -0.0471 -0.9810
vn 0.2517 0.0314 -0.9673
vn 0.2909 -0.1021 -0.9513
vn 0.7945 -0.1730 -0.5821
vn 0.8016 0.0236 -0.5975
vn 0.2515 0.4793 -0.8408
vn 0.6129 0.5893 -0.5264
vn 0.0079 -1.0000 0.0001
vn 0.9992 0.0236 0.0315
vn 0.9749 -0.2202 0.0315
vn 0.7945 -0.1731 -0.5821
vn 0.7577 -0.1657 0.6313
vn 0.8017 0.0236 -0.5972
vn 0.7635 0.0236 0.6454
vn 0.7884 0.6148 0.0236
vt 30.072701 -33.064800
vt 30.088699 -33.085201
vt 30.094200 -33.069199
vt 30.072800 -33.093399
vt 30.047400 -33.093201
vt 30.051100 -33.060398
vt 30.129999 -33.029301
vt 30.079800 -33.012299
vt 30.096100 -33.044800
vt 30.073500 -33.039299
vt 30.050699 -33.033798
vt 30.039200 -33.003300
vt 30.057800 -32.939301
vt 30.035801 -32.944901
vt 30.050100 -32.908501
vt 30.032900 -32.904900
vt 30.067400 -32.912201
vt 30.079901 -32.933701
vt 29.939400 -33.055500
vt 29.910500 -33.079800
vt 29.944700 -33.090199
vt 29.900101 -33.055698
vt 29.995199 -33.056801
vt 29.995300 -33.095402
vt 29.939501 -33.029202
vt 29.896500 -33.029999
vt 29.995199 -33.031200
vt 29.898899 -32.995201
vt 29.990900 -33.000999
vt 29.941601 -33.000301
vt 29.904600 -32.946499
vt 29.944401 -32.943600
vt 29.917101 -32.914299
vt 29.947701 -32.903999
vt 29.990101 -32.942101
vt 29.989799 -32.899200
vt 30.094801 -32.989799
vt 30.051800 -32.990002
vt 30.087299 -33.032902
vt 30.048401 -33.035198
vt 30.090599 -32.947701
vt 30.000000 -32.990200
vt 30.000000 -33.037399
vt 30.049500 -32.945801
vt 30.080700 -32.917099
vt 30.000000 -32.943802
vt 30.047600 -32.907001
vt 30.000000 -32.902000
vt 29.950500 -32.945801
vt 29.919300 -32.917099
vt 29.909401 -32.947701
vt 29.952400 -32.907001
vt 29.948200 -32.990002
vt 29.905199 -32.989799
vt 29.912701 -33.032902
vt 29.951599 -33.035198
vt 30.078300 -33.050098
vt 30.044001 -33.056400
vt 30.069201 -33.067402
vt 30.039499 -33.077599
vt 30.000000 -33.059200
vt 30.000000 -33.081200
vt 29.960501 -33.077599
vt 29.955999 -33.056400
vt 29.930799 -33.067402
vt 29.921700 -33.050098
vt 30.076500 -33.079800
vt 30.036301 -33.108601
vt 30.040100 -33.130001
vt 29.923500 -33.079800
vt 29.959900 -33.130001
vt 29.963699 -33.108601
vt 30.049500 -33.063801
vt 29.998800 -33.032001
vt 29.998501 -33.064701
vt 30.049601 -33.089802
vt 29.999701 -33.095901
vt 30.087000 -33.079800
vt 30.097601 -33.055698
vt 30.052601 -33.031601
vt 30.101400 -33.029999
vt 29.999500 -32.993698
vt 30.098900 -32.995201
vt 30.053499 -32.992100
vt 30.093800 -32.946499
vt 30.051901 -32.944500
vt 30.080700 -32.914299
vt 30.000000 -32.941799
vt 30.047600 -32.903599
vt 30.000000 -32.898399
vt 29.902100 -33.056198
vt 29.945700 -33.030499
vt 29.898001 -33.029099
vt 29.900999 -32.996300
vt 29.947300 -33.061401
vt 29.912800 -33.079300
vt 29.950701 -33.090698
vt 29.946199 -32.993801
vt 29.906200 -32.946499
vt 29.948200 -32.944302
vt 29.919300 -32.914299
vt 29.952400 -32.903599
vt 29.927299 -33.064800
vt 29.911301 -33.085201
vt 29.927200 -33.093399
vt 29.905800 -33.069199
vt 29.952600 -33.093201
vt 29.948900 -33.060398
vt 29.949301 -33.033798
vt 29.926500 -33.039299
vt 29.903900 -33.044800
vt 29.870001 -33.029301
vt 29.920200 -33.012299
vt 29.942200 -32.939301
vt 29.960800 -33.003300
vt 29.964199 -32.944901
vt 29.949900 -32.908501
vt 29.967100 -32.904900
vt 29.932600 -32.912201
vt 29.920099 -32.933701
vt 30.004801 -33.056801
vt 30.004700 -33.095402
vt 30.055300 -33.090199
vt 30.004801 -33.031200
vt 30.060499 -33.055500
vt 30.089500 -33.079300
vt 30.099199 -33.056198
vt 30.009100 -33.000999
vt 30.060400 -33.029202
vt 30.103100 -33.029099
vt 30.101000 -32.996300
vt 30.058399 -33.000301
vt 30.095400 -32.946499
vt 30.055599 -32.943600
vt 30.082899 -32.914299
vt 30.052299 -32.903999
vt 30.009899 -32.942101
vt 30.010201 -32.899200
vt 29.948299 -32.995800
vt 29.898100 -33.047401
vt 29.955400 -33.041801
vt 29.892300 -32.995300
vt 29.899000 -32.944698
vt 29.911600 -33.072800
vt 29.952101 -32.949001
vt 29.912800 -32.910500
vt 29.950701 -32.902199
vt 30.000000 -32.996101
vt 30.000000 -32.946499
vt 29.999701 -32.895500
vt 30.049601 -32.900398
vt 30.050800 -32.948700
vt 30.087000 -32.910500
vt 30.101000 -32.944698
vt 30.051701 -32.995800
vt 30.107700 -32.995300
vt 30.101900 -33.047401
vt 30.044600 -33.041801
vt 30.088400 -33.072800
vt 30.000000 -33.043900
vt 30.041201 -33.084301
vt 30.078501 -33.088699
vt 30.041100 -33.112598
vt 30.000000 -33.089901
vt 30.000000 -33.120499
vt 29.958900 -33.112598
vt 29.958799 -33.084301
vt 29.921499 -33.088699
vt 30.042101 -33.058300
vt 30.000000 -33.092499
vt 30.041100 -33.090801
vt 30.078501 -33.085201
vt 30.083099 -33.069199
vt 30.000000 -33.055099
vt 29.957899 -33.058300
vt 29.958900 -33.090801
vt 29.921499 -33.085201
vt 29.916901 -33.069199
vt 30.105200 -33.039299
vt 30.076500 -33.012299
vt 30.081900 -33.044800
vt 30.097900 -33.007801
vt 30.119400 -33.003300
vt 30.128599 -33.033798
vt 30.040100 -33.029301
vt 30.000000 -33.025902
vt 30.036301 -33.006001
vt 30.000000 -33.000702
vt 29.963699 -33.006001
vt 29.959900 -33.029301
vt 29.918100 -33.044800
vt 29.923500 -33.012299
vt 29.894800 -33.039299
vt 29.902100 -33.007801
vt 29.880600 -33.003300
vt 29.871401 -33.033798
vt 30.037399 -32.927299
vt 30.071800 -32.933701
vt 30.069201 -32.912201
vt 30.039499 -32.901001
vt 30.091299 -32.939301
vt 30.000000 -32.923801
vt 30.000000 -32.895599
vt 29.960501 -32.901001
vt 29.962601 -32.927299
vt 29.930799 -32.912201
vt 29.928200 -32.933701
vt 29.908701 -32.939301
vt 2.011720 -7.002501
vt 2.025180 -7.014709
vt 2.027140 -7.001910
vt 2.012390 -7.014811
vt 1.994880 -7.014910
vt 2.012460 -6.995670
vt 2.025300 -6.992220
vt 1.993390 -6.995210
vt 1.975510 -7.014870
vt 1.973970 -6.997270
vt 2.025410 -7.011280
vt 2.014790 -7.013430
vt 2.016160 -7.024070
vt 2.024480 -6.993540
vt 2.000480 -7.017241
vt 2.000470 -7.030340
vt 1.984980 -7.025300
vt 1.987020 -7.014090
vt 1.974570 -7.012461
vt 1.975270 -6.993390
vt 2.000040 -7.014800
vt 1.979620 -6.997220
vt 1.979650 -7.014840
vt 2.000040 -6.997230
vt 2.018670 -6.997270
vt 2.018650 -7.014870
vt 2.006340 -7.014860
vt 1.989500 -7.002501
vt 1.988800 -7.014811
vt 1.976030 -7.014720
vt 1.974240 -7.001940
vt 1.988720 -6.995650
vt 1.975930 -6.992380
vt 2.006460 -6.995110
vt 2.024580 -6.997220
vt 2.023050 -7.014840
vt 1.974730 -7.011200
vt 1.999540 -6.994880
vt 1.975500 -6.993660
vt 1.979650 -6.976950
vt 2.000040 -6.968090
vt 2.018650 -6.975510
vt 2.024500 -6.994880
vt 1.999540 -7.011200
vt 1.984020 -7.023970
vt 2.025290 -7.012390
vt 1.999540 -7.030080
vt 2.014830 -7.025180
vt 2.015980 -7.014720
vt 2.000500 -7.001350
vt 2.000460 -7.014640
vt 1.985160 -7.014709
vt 2.017410 -7.001940
vt 1.983780 -7.001910
vt 2.016160 -6.992380
vt 1.984980 -6.992220
vt 2.000470 -6.990940
vt 28.000000 -57.012001
vt 27.980499 -57.010700
vt 28.000000 -57.030800
vt 27.984200 -57.002300
vt 27.999901 -57.004700
vt 27.980600 -56.989700
vt 27.975401 -56.993698
vt 28.020201 -57.009899
vt 28.015400 -57.000999
vt 28.024599 -56.989700
vt 28.018000 -56.987900
vt 28.020201 -56.973202
vt 28.027000 -57.020199
vt 28.014400 -57.000000
vt 28.010500 -57.024601
vt 27.990299 -57.020199
vt 27.988199 -57.000000
vt 27.980600 -57.013699
vt 27.981800 -56.998501
vt 28.010500 -56.975399
vt 28.027000 -56.979801
vt 27.990299 -56.979801
vt 27.980101 -56.983799
vt 27.990200 -57.027599
vt 28.010401 -57.023201
vt 27.999800 -57.004002
vt 27.977501 -57.014400
vt 27.973000 -56.990101
vt 27.989500 -56.977699
vt 28.026899 -57.010700
vt 28.009701 -56.973202
vt 28.022200 -56.993698
vt 28.031601 -57.002300
vt 28.019899 -56.976601
vt 28.025900 -56.989700
vt 28.020201 -56.990101
vt 28.000000 -57.014198
vt 28.024599 -57.014400
vt 28.000000 -56.987999
vt 28.000000 -56.969200
vt 27.979799 -56.990101
vt 27.975401 -57.010300
vt 27.979799 -57.026798
vt 27.989901 -57.020199
vt 28.014000 -57.000000
vt 27.987801 -57.000000
vt 27.969000 -57.000000
vt 28.010099 -57.024601
vt 28.026600 -57.020199
vt 27.977501 -56.975399
vt 27.990200 -56.980499
vt 28.010401 -56.976101
vt 28.026899 -56.980499
vt 28.000200 -57.000000
vt 28.010099 -57.026798
vt 28.022499 -57.010300
vt 27.989901 -57.022301
vt 28.027000 -56.990101
vt 27.973400 -57.009899
vt 28.010500 -56.977699
vt 27.977800 -56.989700
vt 27.990299 -56.973202
vt 27.974899 -56.987900
vt 27.980600 -56.975300
vt 59.979801 -4.990130
vt 60.000000 -4.987970
vt 60.000000 -4.969230
vt 60.000000 -5.014200
vt 59.975399 -5.014360
vt 60.020199 -5.026790
vt 60.024601 -5.010310
vt 60.020199 -4.990130
vt 60.019402 -5.013720
vt 60.011799 -5.000000
vt 60.009701 -5.020190
vt 60.018200 -4.998490
vt 59.985600 -5.000000
vt 59.989498 -5.024610
vt 59.973000 -5.020190
vt 60.019901 -4.983780
vt 60.009701 -4.979810
vt 59.989498 -4.975390
vt 59.973000 -4.979810
vt 60.000198 -5.004050
vt 59.973099 -5.010700
vt 59.989601 -5.023170
vt 60.009800 -5.027620
vt 60.022499 -5.014360
vt 60.027000 -4.990130
vt 60.010502 -4.977660
vt 59.990299 -4.973210
vt 59.977798 -4.993730
vt 59.968399 -5.002300
vt 59.980099 -4.976560
vt 59.974098 -4.989650
vt 60.015800 -5.002300
vt 60.000000 -5.012030
vt 60.019501 -5.010700
vt 60.000000 -5.030770
vt 60.000099 -5.004670
vt 60.024601 -4.993730
vt 60.019402 -4.989650
vt 59.984600 -5.000980
vt 59.979801 -5.009870
vt 59.975399 -4.989690
vt 59.981998 -4.987920
vt 59.979801 -4.973210
vt 60.010101 -5.020190
vt 59.986000 -5.000000
vt 59.989899 -5.024610
vt 59.973400 -5.020190
vt 60.012199 -5.000000
vt 60.030998 -5.000000
vt 60.009800 -4.980500
vt 59.989601 -4.976080
vt 59.973099 -4.980500
vt 60.022499 -4.975390
vt 60.010101 -5.022340
vt 60.026600 -5.009870
vt 59.999802 -5.000000
vt 60.022202 -4.989690
vt 59.989899 -5.026790
vt 59.977501 -5.010310
vt 59.973000 -4.990130
vt 59.989498 -4.977660
vt 60.009701 -4.973210
vt 60.025101 -4.987920
vt 60.019402 -4.975310
vt 18.010500 -37.002499
vt 18.011200 -37.014801
vt 18.024000 -37.014702
vt 18.025801 -37.001900
vt 17.993700 -37.014900
vt 18.011299 -36.995701
vt 18.024099 -36.992401
vt 17.993500 -36.995098
vt 17.975401 -36.997200
vt 17.976900 -37.014801
vt 18.014999 -37.025299
vt 18.025400 -37.012501
vt 18.013000 -37.014099
vt 18.024700 -36.993401
vt 17.999500 -37.017200
vt 17.999500 -37.030300
vt 17.983801 -37.024101
vt 17.985201 -37.013401
vt 17.974600 -37.011299
vt 17.975500 -36.993500
vt 17.981300 -36.997299
vt 17.981300 -37.014900
vt 18.000000 -37.014801
vt 18.000000 -36.997200
vt 18.020399 -36.997200
vt 18.020399 -37.014801
vt 18.005100 -37.014900
vt 17.988300 -37.002499
vt 17.987600 -37.014801
vt 17.974800 -37.014702
vt 17.972900 -37.001900
vt 18.006599 -36.995201
vt 18.024500 -37.014900
vt 18.025999 -36.997299
vt 17.987499 -36.995701
vt 17.974701 -36.992199
vt 18.000500 -37.011200
vt 17.975500 -36.994900
vt 17.974701 -37.012402
vt 17.985201 -37.025200
vt 18.000500 -37.030102
vt 18.016001 -37.023998
vt 18.025299 -37.011200
vt 18.000500 -36.994900
vt 17.981300 -36.975498
vt 18.024500 -36.993698
vt 18.000000 -36.968102
vt 18.020399 -36.977001
vt 17.999500 -37.001400
vt 17.999500 -37.014599
vt 18.014799 -37.014702
vt 17.983999 -37.014702
vt 18.016199 -37.001900
vt 17.982599 -37.001900
vt 18.014999 -36.992199
vt 17.983801 -36.992401
vt 17.999500 -36.990898
s 1
usemtl Doctor1Mtl
f 1/1/1 2/2/2 3/3/3
f 1/1/1 10/4/4 2/2/2
f 1/1/1 12/5/5 10/4/4
f 12/5/5 1/1/1 20/6/6
f 4/7/7 5/8/8 6/9/9
f 7/9/10 8/1/11 9/3/12
f 11/10/13 8/1/11 7/9/10
f 11/10/13 20/6/6 8/1/11
f 37/11/14 20/6/6 11/10/13
f 21/12/15 22/13/16 23/14/17
f 27/15/18 23/14/17 22/13/16
f 23/14/17 27/15/18 28/16/19
f 22/13/16 26/17/20 27/15/18
f 26/17/20 22/13/16 25/18/21
f 22/13/16 24/8/22 25/18/21
f 13/19/23 14/20/24 15/21/25
f 14/20/24 13/19/23 16/22/26
f 15/21/25 35/23/27 13/19/23
f 35/23/27 15/21/25 36/24/28
f 12/5/5 35/23/27 36/24/28
f 35/23/27 12/5/5 38/6/29
f 41/25/30 16/22/26 13/19/23
f 41/25/30 42/26/31 16/22/26
f 40/27/32 13/19/23 35/23/27
f 40/27/32 41/25/30 13/19/23
f 41/25/30 19/28/33 42/26/31
f 39/11/34 40/27/32 35/23/27
f 39/11/34 35/23/27 38/6/29
f 43/12/35 40/27/32 39/11/34
f 40/27/32 43/12/35 44/29/36
f 44/29/36 41/25/30 40/27/32
f 19/28/33 41/25/30 17/30/37
f 41/25/30 44/29/36 17/30/37
f 17/30/37 18/31/38 19/28/33
f 18/31/38 17/30/37 32/32/39
f 44/29/36 32/32/39 17/30/37
f 32/32/39 33/33/40 18/31/38
f 33/33/40 32/32/39 34/34/41
f 29/35/42 34/34/41 32/32/39
f 32/32/39 44/29/36 29/35/42
f 34/34/41 29/35/42 31/36/43
f 29/35/42 28/16/19 31/36/43
f 28/16/19 29/35/42 30/14/44
f 44/29/36 30/14/44 29/35/42
f 30/14/44 44/29/36 45/12/45
f 57/37/46 58/38/47 59/39/48
f 58/38/47 49/40/49 59/39/48
f 60/41/50 58/38/47 57/37/46
f 58/38/47 64/42/51 49/40/49
f 64/42/51 66/43/52 49/40/49
f 58/38/47 60/41/50 62/44/53
f 62/44/53 64/42/51 58/38/47
f 61/45/54 62/44/53 60/41/50
f 64/42/51 62/44/53 67/46/55
f 62/44/53 61/45/54 63/47/56
f 63/47/56 67/46/55 62/44/53
f 67/46/55 63/47/56 68/48/57
f 78/49/58 79/50/59 80/51/60
f 79/50/59 78/49/58 81/52/61
f 67/46/55 81/52/61 78/49/58
f 81/52/61 67/46/55 68/48/57
f 78/49/58 64/42/51 67/46/55
f 80/51/60 83/53/62 78/49/58
f 64/42/51 78/49/58 83/53/62
f 83/53/62 80/51/60 82/54/43
f 82/54/43 77/55/63 83/53/62
f 83/53/62 77/55/63 84/56/64
f 83/53/62 84/56/64 64/42/51
f 64/42/51 84/56/64 66/43/52
f 46/57/65 47/58/66 48/59/67
f 53/60/68 48/59/67 47/58/66
f 47/58/66 46/57/65 49/40/49
f 56/39/69 49/40/49 46/57/65
f 49/40/49 65/43/70 47/58/66
f 47/58/66 55/61/71 53/60/68
f 55/61/71 47/58/66 65/43/70
f 54/62/72 53/60/68 55/61/71
f 55/61/71 69/63/73 54/62/72
f 65/43/70 70/64/74 55/61/71
f 55/61/71 70/64/74 69/63/73
f 70/64/74 71/65/75 69/63/73
f 65/43/70 76/56/76 70/64/74
f 70/64/74 75/66/77 71/65/75
f 76/56/76 75/66/77 70/64/74
f 76/56/76 77/55/78 75/66/77
f 50/67/79 51/68/80 52/69/81
f 72/70/82 73/71/7 74/72/83
f 103/73/84 104/74/85 91/75/86
f 105/76/87 91/75/86 93/77/88
f 91/75/86 105/76/87 103/73/84
f 106/78/89 103/73/84 105/76/87
f 107/79/90 103/73/84 106/78/89
f 104/74/85 103/73/84 108/80/91
f 107/79/90 108/80/91 103/73/84
f 108/80/91 107/79/90 109/81/92
f 108/80/91 102/82/93 104/74/85
f 110/83/94 108/80/91 109/81/92
f 108/80/91 110/83/94 111/84/95
f 102/82/93 108/80/91 111/84/95
f 115/85/96 111/84/95 110/83/94
f 112/86/97 102/82/93 111/84/95
f 111/84/95 115/85/96 112/86/97
f 113/87/98 112/86/97 115/85/96
f 102/82/93 112/86/97 100/88/99
f 112/86/97 113/87/98 114/89/100
f 114/89/100 100/88/99 112/86/97
f 100/88/99 114/89/100 101/90/101
f 85/91/102 86/92/103 87/93/104
f 86/92/103 88/94/105 87/93/104
f 86/92/103 85/91/102 89/95/106
f 89/95/106 85/91/102 90/96/107
f 89/95/106 90/96/107 92/97/108
f 91/75/86 89/95/106 92/97/108
f 91/75/86 92/97/108 93/77/88
f 94/74/109 89/95/106 91/75/86
f 89/95/106 94/74/109 86/92/103
f 88/94/105 86/92/103 95/98/110
f 94/74/109 95/98/110 86/92/103
f 95/98/110 96/99/111 88/94/105
f 95/98/110 94/74/109 102/82/93
f 96/99/111 95/98/110 97/100/112
f 102/82/93 97/100/112 95/98/110
f 97/100/112 98/101/113 96/99/111
f 97/100/112 102/82/93 100/88/99
f 98/101/113 97/100/112 99/102/114
f 100/88/99 99/102/114 97/100/112
f 99/102/114 100/88/99 101/90/101
f 140/103/115 141/104/116 142/105/117
f 140/103/115 146/106/118 141/104/116
f 120/107/119 140/103/115 142/105/117
f 140/103/115 120/107/119 124/108/120
f 122/109/121 123/110/122 124/108/120
f 123/110/122 139/103/123 124/108/120
f 123/110/122 144/111/124 139/103/123
f 144/111/124 145/106/125 139/103/123
f 147/112/81 143/111/126 148/113/127
f 149/114/128 130/115/129 150/116/130
f 150/116/130 154/117/131 149/114/128
f 154/117/131 150/116/130 156/118/132
f 157/119/133 149/114/128 154/117/131
f 149/114/128 157/119/133 152/120/134
f 152/120/134 153/113/135 149/114/128
f 116/108/136 117/121/137 118/109/138
f 117/121/137 116/108/136 120/107/119
f 117/121/137 120/107/119 121/122/139
f 125/123/140 117/121/137 121/122/139
f 119/124/141 118/109/138 117/121/137
f 119/124/141 130/115/142 118/109/138
f 117/121/137 125/123/140 126/125/143
f 117/121/137 126/125/143 119/124/141
f 151/126/144 126/125/143 125/123/140
f 126/125/143 151/126/144 128/127/145
f 130/115/142 119/124/141 131/128/146
f 127/129/147 119/124/141 126/125/143
f 128/127/145 127/129/147 126/125/143
f 127/129/147 131/128/146 119/124/141
f 127/129/147 128/127/145 129/130/148
f 137/131/149 127/129/147 129/130/148
f 137/131/149 136/132/150 127/129/147
f 131/128/146 127/129/147 136/132/150
f 138/133/151 136/132/150 137/131/149
f 138/133/151 132/134/152 136/132/150
f 132/134/152 131/128/146 136/132/150
f 132/134/152 138/133/151 160/135/153
f 160/135/153 159/136/154 132/134/152
f 159/136/154 133/137/155 132/134/152
f 132/134/152 133/137/155 131/128/146
f 159/136/154 158/138/46 133/137/155
f 155/118/156 133/137/155 158/138/46
f 133/137/155 155/118/156 134/116/157
f 134/116/157 131/128/146 133/137/155
f 131/128/146 134/116/157 135/115/142
f 161/139/158 162/140/159 163/141/160
f 162/140/159 161/139/158 176/142/139
f 161/139/158 170/143/161 176/142/139
f 164/144/162 163/141/160 162/140/159
f 170/143/161 161/139/158 169/145/163
f 169/145/163 177/146/164 170/143/161
f 177/146/164 169/145/163 172/147/165
f 167/148/166 169/145/163 161/139/158
f 163/141/160 167/148/166 161/139/158
f 171/149/167 172/147/165 169/145/163
f 169/145/163 167/148/166 171/149/167
f 172/147/165 171/149/167 178/150/88
f 171/149/167 185/151/168 178/150/88
f 171/149/167 184/152/169 185/151/168
f 167/148/166 184/152/169 171/149/167
f 184/152/169 190/153/170 185/151/168
f 184/152/169 186/154/171 190/153/170
f 183/155/172 186/154/171 184/152/169
f 167/148/166 183/155/172 184/152/169
f 183/155/172 189/156/173 186/154/171
f 183/155/172 182/157/174 189/156/173
f 182/157/174 183/155/172 180/158/175
f 167/148/166 180/158/175 183/155/172
f 180/158/175 187/159/176 182/157/174
f 180/158/175 167/148/166 166/160/177
f 167/148/166 163/141/160 166/160/177
f 187/159/176 180/158/175 181/161/178
f 166/160/177 181/161/178 180/158/175
f 181/161/178 188/162/179 187/159/176
f 188/162/179 181/161/178 179/163/180
f 168/164/181 179/163/180 181/161/178
f 181/161/178 166/160/177 168/164/181
f 179/163/180 168/164/181 175/165/182
f 168/164/181 173/166/183 175/165/182
f 166/160/177 165/167/184 168/164/181
f 173/166/183 168/164/181 165/167/184
f 165/167/184 166/160/177 163/141/160
f 174/168/185 173/166/183 165/167/184
f 163/141/160 164/144/162 165/167/184
f 165/167/184 164/144/162 174/168/185
f 191/169/186 192/170/187 193/171/188
f 202/172/189 191/169/186 193/171/188
f 191/169/186 202/172/189 208/173/190
f 191/169/186 201/174/191 192/170/187
f 225/175/192 192/170/187 201/174/191
f 192/170/187 225/175/192 227/176/193
f 225/175/192 231/177/2 227/176/193
f 231/177/2 225/175/192 232/178/194
f 203/179/195 206/180/196 198/181/197
f 206/180/196 203/179/195 207/182/198
f 207/182/198 203/179/195 205/183/199
f 203/179/195 204/184/200 205/183/199
f 194/185/201 195/174/202 196/169/203
f 196/169/203 197/181/204 194/185/201
f 197/181/204 196/169/203 209/173/205
f 195/174/202 194/185/201 200/186/206
f 199/187/207 200/186/206 194/185/201
f 199/187/207 216/188/208 200/186/206
f 224/189/209 200/186/206 216/188/208
f 200/186/206 224/189/209 226/190/210
f 226/190/210 195/174/202 200/186/206
f 195/174/202 226/190/210 228/175/211
f 230/191/212 228/175/211 226/190/210
f 228/175/211 230/191/212 233/178/213
f 234/192/214 235/193/215 229/191/216
f 235/193/215 234/192/214 238/194/217
f 236/195/218 235/193/215 238/194/217
f 235/193/215 236/195/218 237/196/14
f 210/197/219 211/187/220 212/198/221
f 212/198/221 211/187/220 218/180/222
f 222/199/223 210/197/219 212/198/221
f 210/197/219 215/188/224 211/187/220
f 222/199/223 213/200/225 210/197/219
f 219/201/226 217/180/222 220/182/227
f 221/183/129 219/201/226 220/182/227
f 213/200/225 214/202/228 210/197/219
f 214/202/228 215/188/224 210/197/219
f 213/200/225 223/203/229 214/202/228
f 241/204/230 214/202/228 223/203/229
f 239/205/231 215/188/224 214/202/228
f 214/202/228 241/204/230 239/205/231
f 245/206/232 239/205/231 241/204/230
f 215/188/224 239/205/231 240/189/233
f 239/205/231 245/206/232 242/207/234
f 242/207/234 240/189/233 239/205/231
f 240/189/233 242/207/234 244/192/235
f 243/192/235 246/208/236 238/194/217
f 246/208/236 247/195/15 238/194/217
f 248/209/237 249/210/238 250/211/239
f 249/210/238 248/209/237 251/212/240
f 248/209/237 257/213/241 251/212/240
f 250/211/239 255/214/242 248/209/237
f 255/214/242 250/211/239 256/215/243
f 253/216/244 248/209/237 255/214/242
f 257/213/241 248/209/237 253/216/244
f 253/216/244 252/217/245 257/213/241
f 252/217/245 253/216/244 254/218/246
f 258/219/247 259/220/248 260/221/249
f 259/220/248 258/219/247 261/222/250
f 262/223/251 260/221/249 259/220/248
f 260/221/249 262/223/251 263/224/252
f 262/223/251 264/225/253 263/224/252
f 262/223/251 265/226/254 264/225/253
f 267/227/255 264/225/253 265/226/254
f 265/226/254 266/228/244 267/227/255
f 268/229/256 269/230/257 270/231/258
f 269/230/257 268/229/256 271/232/259
f 271/232/259 268/229/256 272/233/246
f 272/233/246 268/229/256 273/234/260
f 274/235/261 275/236/262 276/237/263
f 275/236/262 281/238/264 276/237/263
f 279/239/265 281/238/264 275/236/262
f 278/240/266 279/239/265 275/236/262
f 278/240/266 283/241/267 279/239/265
f 277/242/250 278/240/266 275/236/262
f 275/236/262 274/235/261 277/242/250
f 277/242/250 274/235/261 280/243/268
f 280/243/268 274/235/261 282/244/269
f 284/245/270 285/246/270 286/247/270
f 285/246/270 287/248/270 286/247/270
f 287/248/270 285/246/270 288/249/270
f 285/246/270 294/250/271 288/249/270
f 294/250/271 285/246/270 293/251/270
f 285/246/270 284/245/270 289/252/272
f 289/252/272 293/251/270 285/246/270
f 290/253/273 289/252/272 284/245/270
f 293/251/270 289/252/272 295/254/274
f 290/253/273 291/255/272 289/252/272
f 292/256/272 295/254/274 289/252/272
f 289/252/272 291/255/272 292/256/272
f 296/257/275 297/258/276 298/259/277
f 297/258/276 302/260/278 298/259/277
f 297/258/276 296/257/275 299/261/279
f 302/260/278 297/258/276 303/262/280
f 300/263/281 297/258/276 299/261/279
f 297/258/276 304/264/282 303/262/280
f 300/263/281 301/265/283 297/258/276
f 304/264/282 297/258/276 301/265/283
f 308/266/284 309/267/285 305/268/286
f 308/266/284 310/269/287 309/267/285
f 310/269/287 308/266/284 318/270/288
f 311/269/289 312/271/290 313/272/291
f 305/268/286 306/273/292 307/266/293
f 317/274/294 307/266/293 306/273/292
f 307/266/293 317/274/294 318/270/288
f 316/275/295 317/274/294 306/273/292
f 317/274/294 316/275/295 315/276/296
f 314/277/297 315/276/296 316/275/295
f 319/278/298 320/279/299 321/280/300
f 320/279/299 326/281/301 321/280/300
f 327/282/302 326/281/301 320/279/299
f 327/282/302 330/283/303 326/281/301
f 330/283/303 327/282/302 329/284/304
f 322/285/305 323/279/306 324/286/307
f 325/287/308 323/279/306 322/285/305
f 323/279/306 325/287/308 327/282/302
f 327/282/302 325/287/308 328/288/309
f 328/288/309 329/284/304 327/282/302
f 331/289/310 332/290/311 333/291/312
f 334/292/313 331/289/310 333/291/312
f 333/291/312 335/293/314 334/292/313
f 335/293/314 333/291/312 336/294/305
f 339/295/315 333/291/312 332/290/311
f 336/294/305 333/291/312 337/296/316
f 333/291/312 339/295/315 338/297/317
f 333/291/312 338/297/317 337/296/316
f 338/297/317 339/295/315 340/298/318
f 338/297/317 341/299/309 337/296/316
f 341/299/309 338/297/317 342/300/319
f 343/301/320 344/302/321 345/303/313
f 344/302/321 343/301/320 346/304/322
f 343/301/320 350/305/323 346/304/322
f 347/306/324 344/302/321 346/304/322
f 350/305/323 347/306/324 346/304/322
f 344/302/321 347/306/324 348/307/325
f 349/308/326 344/302/321 348/307/325
f 351/309/327 352/310/286 353/311/328
f 357/312/329 351/309/327 353/311/328
f 358/313/330 352/310/286 351/309/327
f 361/314/331 352/310/286 358/313/330
f 354/315/313 355/311/332 356/316/333
f 355/311/332 354/315/313 357/312/321
f 352/310/286 356/316/333 355/311/332
f 356/316/333 352/310/286 359/317/334
f 352/310/286 360/318/335 359/317/334
f 362/319/336 363/320/326 364/321/325
f 363/320/326 362/319/336 368/322/337
f 364/321/325 365/323/298 362/319/336
f 368/322/337 362/319/336 369/324/338
f 365/323/298 366/325/339 362/319/336
f 362/319/336 370/326/295 369/324/338
f 367/327/340 362/319/336 366/325/339
f 362/319/336 367/327/340 370/326/295
f 371/328/341 367/327/340 372/329/342
f 376/330/343 377/331/344 378/332/345
f 376/330/343 373/333/346 377/331/344
f 373/333/346 376/330/343 381/334/347
f 373/333/346 374/335/348 375/336/349
f 373/333/346 375/336/349 379/337/350
f 379/337/350 380/331/351 373/333/346
f 379/337/350 378/332/345 380/331/351
f 386/338/352 387/339/353 388/340/354
f 387/339/353 386/338/352 384/341/355
f 387/339/353 390/342/356 388/340/354
f 390/342/356 392/343/357 388/340/354
f 390/342/356 391/344/358 392/343/357
f 382/345/359 383/339/360 384/341/355
f 385/346/361 383/339/360 382/345/359
f 385/346/361 389/342/345 383/339/360
f 389/342/345 385/346/361 393/347/362
f 389/342/345 393/347/362 394/348/363
f 395/349/364 396/350/365 397/351/366
f 403/352/367 395/349/364 397/351/366
f 404/353/347 395/349/364 403/352/367
f 405/354/343 395/349/364 404/353/347
f 395/349/364 405/354/343 406/355/362
f 402/356/368 395/349/364 406/355/362
f 396/350/365 395/349/364 398/357/369
f 395/349/364 402/356/368 398/357/369
f 396/350/365 398/357/369 399/358/370
f 400/359/371 398/357/369 402/356/368
f 398/357/369 400/359/371 401/360/372
f 410/361/373 412/362/374 413/363/375
f 412/362/374 418/364/376 413/363/375
f 412/362/374 410/361/373 414/365/377
f 411/361/370 416/366/378 417/367/379
f 407/368/380 408/369/381 409/362/382
f 408/369/381 418/364/376 409/362/382
f 414/365/377 407/368/380 409/362/382
f 407/368/380 415/370/383 408/369/381
f 415/370/383 407/368/380 419/371/384
f 419/371/384 420/372/385 415/370/383
f 421/373/386 422/374/387 423/375/388
f 422/374/387 427/376/389 423/375/388
f 421/373/386 429/377/390 422/374/387
f 421/373/386 431/378/391 429/377/390
f 422/374/376 424/379/392 425/380/393
f 422/374/376 425/380/393 426/381/394
f 424/379/392 422/374/376 428/377/395
f 428/377/395 430/382/396 424/379/392
f 430/382/396 428/377/395 431/378/346
f 432/383/397 433/384/398 434/385/399
f 434/385/399 433/384/398 435/386/400
f 434/385/399 439/387/348 432/383/397
f 439/387/348 434/385/399 440/388/349
f 440/388/349 434/385/399 441/389/358
f 441/389/358 434/385/399 442/390/401
f 436/391/402 434/385/399 435/386/400
f 434/385/399 436/391/402 442/390/401
f 436/391/402 437/392/403 438/393/404
f 443/394/405 444/395/406 445/396/407
f 449/397/408 443/394/405 445/396/407
f 443/394/405 448/398/409 444/395/406
f 443/394/405 449/397/408 451/399/410
f 450/400/411 451/399/410 449/397/408
f 452/401/412 443/394/405 451/399/410
f 443/394/405 452/401/412 448/398/409
f 452/401/412 446/402/413 448/398/409
f 446/402/413 447/403/414 448/398/409
f 453/404/415 454/405/416 455/406/417
f 456/407/418 455/406/417 454/405/416
f 458/408/419 453/404/415 455/406/417
f 457/409/420 453/404/415 458/408/419
f 458/408/419 459/410/411 457/409/420
f 459/410/411 458/408/419 461/411/421
f 461/411/421 460/412/410 459/410/411
f 460/412/410 461/411/421 462/413/412
f 463/414/422 464/415/423 465/416/424
f 466/417/425 463/414/422 465/416/424
f 465/416/424 467/418/413 466/417/425
f 467/418/413 465/416/424 468/419/414
f 469/420/426 470/421/427 471/422/428
f 470/421/427 476/423/429 471/422/428
f 476/423/429 470/421/427 474/424/430
f 470/421/427 469/420/426 472/425/418
f 472/425/418 469/420/426 475/426/423
f 477/427/422 472/425/418 475/426/423
f 472/425/418 473/428/431 470/421/427
f 473/428/431 474/424/430 470/421/427
f 474/424/430 473/428/431 478/429/432
f 479/430/272 480/431/270 481/432/274
f 485/433/272 479/430/272 481/432/274
f 479/430/272 485/433/272 486/434/272
f 487/435/433 479/430/272 486/434/272
f 487/435/433 488/436/270 479/430/272
f 480/431/270 479/430/272 482/437/270
f 488/436/270 482/437/270 479/430/272
f 482/437/270 483/438/270 480/431/270
f 482/437/270 488/436/270 489/439/270
f 483/438/270 482/437/270 484/440/270
f 490/441/270 482/437/270 489/439/270
f 482/437/270 490/441/270 484/440/270
f 491/442/434 492/443/435 493/444/436
f 491/442/434 497/445/437 492/443/435
f 494/446/438 491/442/434 493/444/436
f 497/445/437 491/442/434 498/447/439
f 495/448/432 491/442/434 494/446/438
f 498/447/439 491/442/434 499/449/411
f 491/442/434 495/448/432 496/450/440
f 496/450/440 499/449/411 491/442/434
o Object_5
v 0.837879 0.229651 0.322266
v 0.932079 0.789274 0.378464
v 0.732681 0.788675 0.456566
v 0.678680 0.160967 0.399864
v 0.533680 0.144059 0.366966
v 0.537079 0.900253 0.408562
v 0.741581 1.012122 0.473465
v 0.947979 0.900431 0.388664
v 0.959980 1.011912 0.397461
v 0.739281 0.900317 0.465668
v 1.022881 1.780672 0.452065
v 0.478081 1.756382 0.443268
v 0.736080 1.818702 0.522964
v 0.529282 0.900229 0.077965
v 0.522179 0.143691 0.054665
v 0.462681 0.144045 0.203667
v 0.469280 0.900214 0.244766
v 0.507278 1.419322 0.084267
v 0.416080 1.602432 0.260963
v 0.533680 0.144059 0.366966
v 0.537079 0.900253 0.408562
v 0.478081 1.756382 0.443268
v 0.744080 0.900196 0.007164
v 0.921780 0.788943 0.076164
v 0.735481 0.788532 0.007065
v 0.529282 0.900229 0.077965
v 0.677479 0.160129 0.006165
v 0.522179 0.143691 0.054665
v 0.750481 1.011852 0.007164
v 0.764278 1.343452 0.006966
v 0.952381 1.011632 0.071861
v 0.937180 0.900251 0.072868
v 0.507278 1.419322 0.084267
v 0.843079 0.226495 0.100166
v 1.011082 1.448352 0.073761
v 0.937180 0.900251 0.072868
v 0.979778 0.789525 0.224464
v 0.921780 0.788943 0.076164
v 0.998379 0.900569 0.228561
v 0.868279 0.241138 0.207863
v 0.843079 0.226495 0.100166
v 0.952381 1.011632 0.071861
v 1.063381 1.656652 0.265266
v 1.011280 1.012132 0.233368
v 1.011082 1.448352 0.073761
v 0.837879 0.229651 0.322266
v 0.932079 0.789274 0.378464
v 0.947979 0.900431 0.388664
v 1.022881 1.780672 0.452065
v 0.959980 1.011912 0.397461
v 0.735481 0.788532 -0.322136
v 0.843079 0.226495 -0.415237
v 0.921780 0.788944 -0.391136
v 0.677479 0.160129 -0.321236
v 0.529282 0.900229 -0.393036
v 0.522179 0.143691 -0.369736
v 0.937180 0.900251 -0.387932
v 0.744080 0.900196 -0.322235
v 0.952381 1.011632 -0.386932
v 1.011082 1.448352 -0.388832
v 0.764278 1.343452 -0.322037
v 0.750481 1.011852 -0.322235
v 0.507278 1.419322 -0.399338
v 0.537079 0.900254 -0.723633
v 0.533680 0.144059 -0.682037
v 0.469280 0.900214 -0.559837
v 0.462681 0.144045 -0.518738
v 0.416080 1.602432 -0.575935
v 0.478081 1.756382 -0.758339
v 0.507278 1.419322 -0.399338
v 0.529282 0.900229 -0.393036
v 0.522179 0.143691 -0.369736
v 0.741581 1.012122 -0.788536
v 0.947979 0.900431 -0.703636
v 0.739281 0.900318 -0.780739
v 0.537079 0.900254 -0.723633
v 0.732681 0.788677 -0.771637
v 0.478081 1.756382 -0.758339
v 1.022881 1.780672 -0.767136
v 0.959980 1.011912 -0.712532
v 0.736080 1.818702 -0.838036
v 0.932079 0.789274 -0.693436
v 0.837879 0.229651 -0.637337
v 0.678680 0.160967 -0.714935
v 0.533680 0.144059 -0.682037
v 0.947979 0.900431 -0.703636
v 0.998379 0.900569 -0.543533
v 0.932079 0.789274 -0.693436
v 0.979778 0.789525 -0.539536
v 0.837879 0.229651 -0.637337
v 0.868279 0.241138 -0.522835
v 1.011280 1.012132 -0.548439
v 0.959980 1.011912 -0.712532
v 1.022881 1.780672 -0.767136
v 1.063381 1.656652 -0.580338
v 1.011082 1.448352 -0.388832
v 0.937180 0.900251 -0.387932
v 0.921780 0.788944 -0.391136
v 0.843079 0.226495 -0.415237
v 0.952381 1.011632 -0.386932
v 0.736080 1.818702 0.522964
v 0.470982 2.040692 0.403366
v 0.478081 1.756382 0.443268
v 1.033680 2.040692 0.412262
v 1.022881 1.780672 0.452065
v 0.735882 2.040692 0.481766
v 0.507278 1.419322 -0.399338
v 0.290081 1.658622 -0.386734
v 0.416080 1.602432 -0.575935
v 0.459782 1.429792 -0.313637
v 0.246578 1.663592 -0.157532
v 0.452579 1.436862 -0.157532
v 0.285679 1.890392 -0.415436
v 0.478081 1.756382 -0.758339
v 0.470982 2.040692 -0.718338
v 0.304981 2.040692 -0.412834
v 0.227482 1.920742 -0.157532
v 0.250278 2.040692 -0.157532
v 0.459782 1.429792 -0.001434
v 0.246578 1.663592 -0.157532
v 0.507278 1.419322 0.084267
v 0.290081 1.658622 0.071663
v 0.416080 1.602432 0.260963
v 0.285679 1.890392 0.100464
v 0.478081 1.756382 0.443268
v 0.470982 2.040692 0.403366
v 0.304981 2.040692 0.097763
v 0.227482 1.920742 -0.157532
v 0.250278 2.040692 -0.157532
v 0.736080 1.818702 -0.838036
v 0.470982 2.040692 -0.718338
v 0.735882 2.040692 -0.796837
v 1.033680 2.040692 -0.727333
v 1.022881 1.780672 -0.767136
v 0.478081 1.756382 -0.758339
v 0.764278 1.343452 -0.322037
v 1.024281 1.447832 -0.306633
v 0.769581 1.359332 -0.259735
v 1.031780 1.443142 -0.157532
v 0.771980 1.360382 -0.157532
v 0.452579 1.436862 -0.157532
v 0.769581 1.359332 -0.259735
v 0.459782 1.429792 -0.313637
v 0.764278 1.343452 -0.322037
v 0.507278 1.419322 -0.399338
v 1.011082 1.448352 -0.388832
v 0.769581 1.359332 -0.055237
v 0.771980 1.360382 -0.157532
v 1.024281 1.447832 -0.008438
v 0.764278 1.343452 0.006966
v 0.769581 1.359332 -0.055237
v 0.764278 1.343452 0.006966
v 0.459782 1.429792 -0.001434
v 0.507278 1.419322 0.084267
v 1.011082 1.448352 0.073761
v 1.063381 1.656652 -0.580338
v 1.210381 1.946692 -0.477539
v 1.196682 1.746072 -0.421135
v 1.246181 1.787132 -0.157532
v 1.024281 1.447832 -0.306633
v 1.031780 1.443142 -0.157532
v 1.022881 1.780672 -0.767136
v 1.011082 1.448352 -0.388832
v 1.284679 1.994602 -0.157532
v 1.212780 2.040692 -0.463432
v 1.283581 2.040692 -0.157532
v 1.033680 2.040692 -0.727333
v 1.246181 1.787132 -0.157532
v 1.024281 1.447832 -0.008438
v 1.031780 1.443142 -0.157532
v 1.196682 1.746072 0.106064
v 1.210381 1.946692 0.162567
v 1.063381 1.656652 0.265266
v 1.022881 1.780672 0.452065
v 1.011082 1.448352 0.073761
v 1.212780 2.040692 0.148361
v 1.284679 1.994602 -0.157532
v 1.283581 2.040692 -0.157532
v 1.033680 2.040692 0.412262
vn 0.5675 0.4178 0.7095
vn 0.7319 -0.1653 0.6611
vn 0.0709 -0.1024 0.9922
vn -0.0550 0.0313 0.9980
vn -0.6533 -0.0472 0.7556
vn -0.6527 -0.0629 0.7550
vn 0.0395 -0.0869 0.9954
vn 0.7163 -0.1338 0.6849
vn 0.0157 -0.0785 0.9968
vn -0.6324 -0.0000 0.7747
vn 0.7067 -0.1099 0.6989
vn -0.0157 0.0549 0.9984
vn 0.6232 -0.0394 0.7811
vn -0.6790 -0.0000 -0.7341
vn -0.6870 -0.0158 -0.7265
vn -0.9992 -0.0393 0.0079
vn -0.9994 -0.0315 0.0158
vn -0.5275 -0.8424 0.1101
vn -0.9206 -0.2202 0.3225
vn 0.0079 -0.0079 -0.9999
vn 0.7184 -0.1105 -0.6868
vn 0.0393 -0.0157 -0.9991
vn 0.6879 -0.0949 -0.7196
vn 0.5433 0.4962 -0.6772
vn -0.0867 0.0788 -0.9931
vn -0.6789 -0.0000 -0.7342
vn -0.0000 -0.0079 -1.0000
vn -0.5275 -0.8424 0.1104
vn 0.7014 -0.0709 -0.7093
vn 0.0314 -0.9964 -0.0783
vn 0.6693 -0.7243 0.1654
vn 0.6879 -0.0949 -0.7195
vn 0.9846 -0.1733 -0.0237
vn 0.8847 0.4661 -0.0079
vn 0.5433 0.4961 -0.6773
vn 0.5676 0.4178 0.7094
vn 0.7319 -0.1653 0.6610
vn 0.9895 -0.1412 -0.0316
vn 0.7014 -0.0709 -0.7092
vn 0.7163 -0.1338 0.6848
vn 0.9939 -0.1104 -0.0079
vn 0.6692 -0.7245 0.1653
vn 0.7067 -0.1100 0.6989
vn 0.8370 -0.3869 0.3869
vn 0.6232 -0.0395 0.7811
vn 0.0394 -0.0157 0.9991
vn 0.5455 0.4901 0.6799
vn 0.7177 -0.1183 0.6862
vn -0.0867 0.0788 0.9931
vn -0.6870 -0.0158 0.7265
vn -0.6789 -0.0000 0.7342
vn 0.0079 -0.0079 0.9999
vn 0.6879 -0.0949 0.7196
vn -0.0000 -0.0079 1.0000
vn -0.7704 -0.0314 0.6368
vn 0.7014 -0.0710 0.7093
vn 0.0079 -0.0158 0.9998
vn 0.8507 -0.0787 0.5197
vn -0.6527 -0.0629 -0.7550
vn -0.6533 -0.0472 -0.7556
vn -0.9994 -0.0315 -0.0158
vn -0.9992 -0.0393 -0.0079
vn -0.9206 -0.2203 -0.3226
vn -0.6324 -0.0000 -0.7747
vn -0.7705 -0.0315 0.6367
vn -0.6790 -0.0000 0.7341
vn 0.0157 -0.0707 -0.9974
vn 0.7155 -0.1416 -0.6841
vn 0.0395 -0.0869 -0.9954
vn 0.7319 -0.1653 -0.6611
vn 0.7067 -0.1099 -0.6989
vn 0.6232 -0.0395 -0.7811
vn -0.0157 0.0549 -0.9984
vn 0.0709 -0.1024 -0.9922
vn 0.5676 0.4178 -0.7094
vn -0.0550 0.0314 -0.9980
vn 0.7155 -0.1415 -0.6841
vn 0.9895 -0.1413 0.0316
vn 0.9846 -0.1733 0.0236
vn 0.5675 0.4178 -0.7095
vn 0.8847 0.4661 0.0079
vn 0.7178 -0.1183 0.6861
vn 0.6880 -0.0949 0.7195
vn 0.7014 -0.0710 0.7092
vn 0.9939 -0.1104 0.0079
vn 0.8507 -0.0788 0.5198
vn 0.9830 -0.0944 -0.1573
vn 0.6232 -0.0394 -0.7811
vn -0.0157 0.0551 0.9984
vn -0.6205 0.1492 0.7699
vn -0.6323 -0.0000 0.7747
vn -0.0315 0.1733 0.9844
vn 0.5517 0.1025 0.8277
vn -0.5275 -0.8424 -0.1103
vn -0.8909 -0.3547 -0.2838
vn -0.9205 -0.2203 -0.3226
vn -0.5581 -0.8252 -0.0865
vn -0.9354 -0.3537 -0.0000
vn -0.5364 -0.8440 -0.0000
vn -0.9352 0.0157 -0.3537
vn -0.6324 -0.0000 -0.7746
vn -0.6206 0.1493 -0.7698
vn -0.9985 0.0550 -0.0002
vn -0.9277 0.1886 -0.3223
vn -0.9678 0.2518 -0.0002
vn -0.5581 -0.8252 0.0865
vn -0.9354 -0.3537 0.0001
vn -0.8909 -0.3547 0.2838
vn -0.5275 -0.8424 0.1102
vn -0.9205 -0.2203 0.3226
vn -0.9353 0.0157 0.3536
vn -0.6206 0.1492 0.7698
vn -0.9985 0.0550 0.0001
vn -0.9277 0.1886 0.3223
vn -0.9678 0.2518 -0.0000
vn -0.0157 0.0551 -0.9984
vn -0.6204 0.1493 -0.7699
vn -0.0315 0.1732 -0.9844
vn -0.6323 -0.0000 -0.7747
vn 0.5517 0.1025 -0.8277
vn 0.0314 -0.9964 0.0785
vn 0.6304 -0.7723 -0.0788
vn 0.0552 -0.9980 0.0314
vn 0.6693 -0.7244 -0.1653
vn 0.6237 -0.7817 -0.0000
vn 0.0472 -0.9989 -0.0000
vn 0.0552 -0.9980 -0.0314
vn 0.0474 -0.9989 -0.0000
vn 0.6303 -0.7723 0.0788
vn 0.0315 -0.9964 -0.0785
vn 0.6692 -0.7244 0.1653
vn -0.5363 -0.8440 -0.0000
vn 0.0550 -0.9980 0.0314
vn -0.5580 -0.8253 -0.0865
vn 0.0312 -0.9964 0.0785
vn -0.5274 -0.8424 -0.1102
vn 0.0550 -0.9980 -0.0314
vn -0.5580 -0.8253 0.0865
vn 0.0312 -0.9964 -0.0785
vn -0.5274 -0.8425 0.1102
vn 0.8370 -0.3869 -0.3869
vn 0.9173 -0.0705 -0.3920
vn 0.8982 -0.3545 -0.2600
vn 0.6693 -0.7243 -0.1654
vn 0.6233 -0.0395 -0.7810
vn 0.6305 -0.7722 -0.0788
vn 0.5519 0.1025 -0.8276
vn 0.9463 -0.3233 -0.0000
vn 0.6237 -0.7816 -0.0000
vn 0.9223 0.0158 -0.3862
vn 0.9980 -0.0629 -0.0002
vn 0.9999 0.0157 -0.0002
vn 0.9463 -0.3233 0.0001
vn 0.6305 -0.7722 0.0788
vn 0.6238 -0.7816 -0.0000
vn 0.8982 -0.3545 0.2600
vn 0.6693 -0.7244 0.1654
vn 0.9173 -0.0705 0.3920
vn 0.6233 -0.0394 0.7810
vn 0.5518 0.1025 0.8277
vn 0.9980 -0.0629 -0.0000
vn 0.9223 0.0158 0.3862
vn 0.9999 0.0157 0.0002
vt 38.012299 -19.093901
vt 38.023998 -19.024000
vt 37.999100 -19.024099
vt 37.992401 -19.102501
vt 37.974201 -19.104601
vt 37.974701 -19.010099
vt 37.999901 -19.010099
vt 38.026001 -19.010099
vt 38.000198 -18.996099
vt 37.967300 -18.903099
vt 38.027500 -18.996201
vt 37.999500 -18.895300
vt 38.035400 -18.900101
vt 37.976700 -19.010099
vt 37.973801 -19.104700
vt 37.992401 -19.104601
vt 37.997501 -19.010099
vt 37.977501 -18.945200
vt 38.012798 -19.104601
vt 37.999500 -18.922300
vt 38.018002 -19.010099
vt 38.022301 -18.903099
vt 37.999500 -19.010099
vt 37.977200 -19.024000
vt 38.000500 -19.024099
vt 37.975300 -19.010099
vt 37.987099 -19.094299
vt 38.007801 -19.102600
vt 38.027199 -19.104700
vt 38.026299 -19.010099
vt 37.998699 -18.996201
vt 38.029099 -18.945200
vt 37.973400 -18.996201
vt 37.996899 -18.954700
vt 37.966099 -18.941601
vt 38.023998 -19.010099
vt 38.005001 -19.024000
vt 38.023602 -19.024000
vt 38.007099 -19.092501
vt 38.020500 -19.094299
vt 37.992802 -19.093901
vt 37.985802 -19.024000
vt 38.004501 -19.010099
vt 38.024101 -18.996201
vt 37.984501 -19.010099
vt 38.003899 -18.996099
vt 38.023800 -18.941601
vt 37.983398 -18.996201
vt 37.999901 -18.915600
vt 37.976601 -18.900101
vt 13.999500 -39.024101
vt 14.012900 -39.094299
vt 14.022800 -39.023998
vt 13.992200 -39.102600
vt 13.972800 -39.104698
vt 13.973700 -39.010101
vt 14.000500 -39.010101
vt 14.024700 -39.010101
vt 14.001300 -38.996201
vt 13.970900 -38.945202
vt 14.026600 -38.996201
vt 14.003100 -38.954700
vt 14.033900 -38.941601
vt 13.982000 -39.010101
vt 13.987200 -39.104599
vt 14.002500 -39.010101
vt 14.007600 -39.104599
vt 14.000500 -38.922298
vt 13.977700 -38.903099
vt 14.022500 -38.945202
vt 14.023300 -39.010101
vt 14.026200 -39.104698
vt 13.999800 -38.996101
vt 13.974000 -39.010101
vt 14.000100 -39.010101
vt 13.976000 -39.023998
vt 13.972500 -38.996201
vt 13.964600 -38.900101
vt 14.000500 -38.895302
vt 14.032700 -38.903099
vt 14.025300 -39.010101
vt 14.000900 -39.024101
vt 13.987700 -39.093899
vt 14.025800 -39.104599
vt 14.007600 -39.102501
vt 14.015500 -39.010101
vt 13.995500 -39.010101
vt 14.014200 -39.023998
vt 13.995000 -39.023998
vt 14.007200 -39.093899
vt 13.992900 -39.092499
vt 13.976400 -39.023998
vt 13.979500 -39.094299
vt 13.976000 -39.010101
vt 13.975900 -38.996201
vt 13.996100 -38.996101
vt 13.976200 -38.941601
vt 14.016600 -38.996201
vt 14.000100 -38.915600
vt 14.023400 -38.900101
vt 23.997499 -6.984170
vt 23.964399 -6.956420
vt 23.965300 -6.991960
vt 23.997499 -6.956420
vt 24.034700 -6.956420
vt 24.033300 -6.988920
vt 23.969801 -7.034090
vt 23.971399 -7.004180
vt 23.947701 -7.011200
vt 23.980499 -7.032780
vt 24.000000 -7.003560
vt 24.000000 -7.031900
vt 23.967800 -6.975210
vt 23.924900 -6.991960
vt 23.929899 -6.956420
vt 24.000000 -6.971420
vt 23.968100 -6.956420
vt 24.000000 -6.956420
vt 24.019501 -7.032780
vt 24.028601 -7.004180
vt 24.030199 -7.034090
vt 24.052299 -7.011200
vt 24.032200 -6.975210
vt 24.075100 -6.991960
vt 24.070101 -6.956420
vt 24.031900 -6.956420
vt 24.002501 -6.984170
vt 24.035601 -6.956420
vt 24.002501 -6.956420
vt 24.034700 -6.991960
vt 23.965300 -6.956420
vt 23.966700 -6.988920
vt 23.979401 -7.001030
vt 23.981400 -7.033530
vt 23.987200 -7.001690
vt 23.971100 -7.031879
vt 24.000000 -7.034460
vt 24.000000 -7.001989
vt 24.012800 -7.001690
vt 24.018600 -7.033530
vt 24.020599 -7.001030
vt 24.028900 -7.031879
vt 24.000000 -6.962070
vt 23.980499 -6.962970
vt 23.969801 -6.968900
vt 24.019501 -6.962970
vt 24.030199 -6.968900
vt 24.052900 -7.004430
vt 24.040001 -6.968170
vt 24.033001 -6.993250
vt 24.028900 -7.030470
vt 24.076200 -6.988920
vt 24.018600 -7.030530
vt 24.071199 -6.956420
vt 24.000000 -6.988120
vt 24.000000 -7.031120
vt 24.038200 -6.956420
vt 24.000000 -6.962180
vt 23.981400 -7.030530
vt 23.966999 -6.993250
vt 23.971100 -7.030470
vt 23.947100 -7.004430
vt 23.959999 -6.968170
vt 23.923800 -6.988920
vt 23.928801 -6.956420
vt 23.961800 -6.956420
s 1
usemtl Body0101Mtl
f 500/451/441 501/452/442 502/453/443
f 502/453/443 503/454/444 500/451/441
f 502/453/443 504/455/445 503/454/444
f 504/455/445 502/453/443 505/456/446
f 501/452/442 509/457/447 502/453/443
f 509/457/447 505/456/446 502/453/443
f 509/457/447 501/452/442 507/458/448
f 506/459/449 505/456/446 509/457/447
f 507/458/448 506/459/449 509/457/447
f 506/459/449 511/460/450 505/456/446
f 506/459/449 507/458/448 508/461/451
f 511/460/450 506/459/449 512/462/452
f 510/463/453 506/459/449 508/461/451
f 512/462/452 506/459/449 510/463/453
f 513/464/454 514/465/455 515/466/456
f 515/466/456 516/467/457 513/464/454
f 516/467/457 517/468/458 513/464/454
f 516/467/457 515/466/456 519/469/445
f 517/468/458 516/467/457 518/470/459
f 519/469/445 520/471/446 516/467/457
f 520/471/446 518/470/459 516/467/457
f 518/470/459 520/471/446 521/472/450
f 522/473/460 523/474/461 524/475/462
f 531/476/463 523/474/461 522/473/460
f 533/477/464 524/475/462 523/474/461
f 524/475/462 533/477/464 526/478/465
f 524/475/462 526/478/465 527/479/455
f 527/479/455 525/480/466 524/475/462
f 525/480/466 522/473/460 524/475/462
f 528/481/467 531/476/463 522/473/460
f 525/480/466 528/481/467 522/473/460
f 525/480/466 532/482/468 528/481/467
f 530/483/469 531/476/463 528/481/467
f 528/481/467 532/482/468 529/484/470
f 529/484/470 530/483/469 528/481/467
f 534/485/471 530/483/469 529/484/470
f 535/486/472 536/487/473 537/488/461
f 537/488/461 539/489/474 540/490/475
f 539/489/474 537/488/461 536/487/473
f 536/487/473 545/491/476 539/489/474
f 545/491/476 536/487/473 546/492/477
f 538/493/478 536/487/473 535/486/472
f 538/493/478 546/492/477 536/487/473
f 541/494/479 538/493/478 535/486/472
f 547/495/480 546/492/477 538/493/478
f 543/496/481 538/493/478 541/494/479
f 543/496/481 547/495/480 538/493/478
f 544/497/482 543/496/481 541/494/479
f 549/498/483 547/495/480 543/496/481
f 542/499/484 543/496/481 544/497/482
f 542/499/484 549/498/483 543/496/481
f 548/500/485 549/498/483 542/499/484
f 550/501/486 551/502/487 552/503/488
f 551/502/487 550/501/486 553/504/489
f 550/501/486 555/505/490 553/504/489
f 554/506/491 555/505/490 550/501/486
f 557/507/492 550/501/486 552/503/488
f 554/506/491 550/501/486 557/507/492
f 556/508/493 557/507/492 552/503/488
f 554/506/491 557/507/492 561/509/494
f 561/509/494 557/507/492 556/508/493
f 562/510/495 554/506/491 561/509/494
f 558/511/496 561/509/494 556/508/493
f 560/512/497 562/510/495 561/509/494
f 560/512/497 561/509/494 558/511/496
f 558/511/496 559/513/498 560/512/497
f 563/514/499 564/515/500 565/516/501
f 565/516/501 564/515/500 566/517/502
f 567/518/503 563/514/499 565/516/501
f 563/514/499 567/518/503 568/519/504
f 565/516/501 569/520/505 567/518/503
f 569/520/505 565/516/501 570/521/506
f 565/516/501 566/517/502 570/521/506
f 570/521/506 566/517/502 571/522/490
f 572/523/507 573/524/508 574/525/509
f 581/526/510 574/525/509 573/524/508
f 573/524/508 572/523/507 579/527/511
f 578/528/512 579/527/511 572/523/507
f 572/523/507 580/529/513 578/528/512
f 572/523/507 577/530/504 580/529/513
f 577/530/504 572/523/507 575/531/499
f 572/523/507 574/525/509 575/531/499
f 574/525/509 581/526/510 576/532/514
f 574/525/509 576/532/514 575/531/499
f 581/526/510 582/533/515 576/532/514
f 576/532/514 584/534/500 575/531/499
f 583/535/516 576/532/514 582/533/515
f 584/534/500 576/532/514 583/535/516
f 585/536/517 586/537/518 587/538/510
f 586/537/518 588/539/519 587/538/510
f 588/539/519 589/540/520 587/538/510
f 589/540/520 588/539/519 590/541/521
f 597/542/522 590/541/521 588/539/519
f 590/541/521 597/542/522 598/543/487
f 596/544/523 597/542/522 588/539/519
f 586/537/518 596/544/523 588/539/519
f 599/545/524 596/544/523 586/537/518
f 591/546/525 586/537/518 585/536/517
f 591/546/525 599/545/524 586/537/518
f 595/547/526 599/545/524 591/546/525
f 592/548/511 591/546/525 585/536/517
f 591/546/525 594/549/527 595/547/526
f 594/549/527 591/546/525 592/548/511
f 592/548/511 593/550/528 594/549/527
f 600/551/529 601/552/530 602/553/531
f 601/552/530 600/551/529 605/554/532
f 603/555/533 605/554/532 600/551/529
f 603/555/533 600/551/529 604/556/453
f 606/557/534 607/558/535 608/559/536
f 607/558/535 606/557/534 609/560/537
f 609/560/537 610/561/538 607/558/535
f 610/561/538 609/560/537 611/562/539
f 612/563/540 608/559/536 607/558/535
f 610/561/538 612/563/540 607/558/535
f 612/563/540 613/564/541 608/559/536
f 612/563/540 614/565/542 613/564/541
f 612/563/540 610/561/538 616/566/543
f 614/565/542 612/563/540 615/567/544
f 616/566/543 615/567/544 612/563/540
f 615/567/544 616/566/543 617/568/545
f 618/569/546 619/561/547 611/562/539
f 619/561/547 618/569/546 621/570/548
f 620/571/549 621/570/548 618/569/546
f 621/570/548 620/571/549 622/572/550
f 623/573/551 619/561/547 621/570/548
f 622/572/550 623/573/551 621/570/548
f 624/574/450 623/573/551 622/572/550
f 625/575/552 623/573/551 624/574/450
f 619/561/547 623/573/551 627/566/553
f 623/573/551 625/575/552 626/576/554
f 626/576/554 627/566/553 623/573/551
f 627/566/553 626/576/554 628/568/555
f 629/577/556 630/578/557 631/579/558
f 630/578/557 629/577/556 634/580/559
f 632/581/560 629/577/556 631/579/558
f 629/577/556 632/581/560 633/582/528
f 635/583/561 636/584/562 637/585/563
f 636/584/562 635/583/561 645/586/564
f 638/587/565 637/585/563 636/584/562
f 637/585/563 638/587/565 639/588/566
f 638/587/565 646/589/567 647/588/568
f 646/589/567 638/587/565 648/590/569
f 648/590/569 649/591/570 646/589/567
f 649/591/570 648/590/569 654/592/571
f 639/588/566 640/593/572 641/585/573
f 640/593/572 642/594/574 641/585/573
f 641/585/573 642/594/574 643/583/575
f 642/594/574 644/595/576 643/583/575
f 650/589/577 640/593/572 639/588/566
f 640/593/572 650/589/577 652/596/578
f 651/591/579 652/596/578 650/589/577
f 652/596/578 651/591/579 653/597/580
f 655/598/581 656/599/582 657/600/583
f 662/601/584 655/598/581 657/600/583
f 656/599/582 655/598/581 661/602/585
f 662/601/584 657/600/583 659/603/586
f 666/604/587 656/599/582 661/602/585
f 658/605/588 659/603/586 657/600/583
f 656/599/582 658/605/588 657/600/583
f 659/603/586 658/605/588 660/606/589
f 666/604/587 664/607/590 656/599/582
f 656/599/582 663/608/591 658/605/588
f 664/607/590 663/608/591 656/599/582
f 664/607/590 665/568/592 663/608/591
f 667/605/593 668/609/594 669/606/595
f 670/610/596 668/609/594 667/605/593
f 668/609/594 670/610/596 674/611/597
f 672/612/484 674/611/597 670/610/596
f 667/605/593 671/613/598 670/610/596
f 671/613/598 672/612/484 670/610/596
f 672/612/484 671/613/598 673/614/599
f 678/615/600 673/614/599 671/613/598
f 671/613/598 667/605/593 676/608/601
f 678/615/600 671/613/598 675/616/602
f 676/608/601 675/616/602 671/613/598
f 675/616/602 676/608/601 677/568/603
o Object_6
v 0.688580 2.984772 -1.121933
v 0.863682 2.658642 -1.644035
v 0.741779 2.683162 -1.654335
v 0.624180 2.648602 -1.640434
v 0.549580 2.906432 -1.170135
v 0.842281 2.962212 -1.096832
v 0.842281 2.962212 -1.096832
v 0.539680 2.948602 -1.093834
v 0.535782 2.990462 -1.017235
v 0.741482 3.305083 -0.563232
v 0.688580 2.984772 -1.121933
v 0.929680 3.251433 -0.570038
v 0.537979 3.251843 -0.540932
v 0.519981 2.780463 -1.102234
v 0.624180 2.648602 -1.640434
v 0.598579 2.543852 -1.592438
v 0.557381 2.665293 -1.063934
v 0.627182 2.442712 -1.546936
v 0.549580 2.701682 -0.984734
v 0.549580 2.906432 -1.170135
v 0.539680 2.948602 -1.093834
v 0.508881 2.817863 -1.023338
v 0.535782 2.990462 -1.017235
v 0.579380 2.892942 -0.574135
v 0.502682 2.854733 -0.944038
v 0.549782 2.738522 -0.905739
v 0.486481 3.048073 -0.516739
v 0.537979 3.251843 -0.540932
v 0.864780 2.714752 -0.991539
v 0.752781 2.423732 -1.536736
v 0.877380 2.453282 -1.551338
v 0.557381 2.665293 -1.063934
v 0.627182 2.442712 -1.546936
v 0.707180 2.673542 -0.985939
v 0.549580 2.701682 -0.984734
v 0.549580 2.701682 -0.984734
v 0.549782 2.738522 -0.905739
v 0.707180 2.673542 -0.985939
v 0.767879 2.832802 -0.628738
v 0.966579 2.910182 -0.575539
v 0.579380 2.892942 -0.574135
v 0.863682 2.658642 -1.644035
v 0.886681 2.835222 -1.032639
v 0.897579 2.557762 -1.598434
v 0.864780 2.714752 -0.991539
v 0.877380 2.453282 -1.551338
v 0.842281 2.962212 -1.096832
v 0.998081 3.066933 -0.543732
v 0.966579 2.910182 -0.575539
v 0.929680 3.251433 -0.570038
v 0.842281 2.962212 0.781868
v 0.741482 3.305082 0.248161
v 0.688580 2.984772 0.806862
v 0.535782 2.990462 0.702164
v 0.539680 2.948602 0.778763
v 0.929680 3.251432 0.254967
v 0.537979 3.251842 0.225868
v 0.549580 2.906432 0.855064
v 0.863682 2.658642 1.328964
v 0.741779 2.683162 1.339264
v 0.624180 2.648602 1.325363
v 0.502682 2.854732 0.628967
v 0.579380 2.892942 0.259064
v 0.549782 2.738522 0.590668
v 0.508881 2.817862 0.708267
v 0.549580 2.701682 0.669662
v 0.519981 2.780462 0.787163
v 0.535782 2.990462 0.702164
v 0.486481 3.048072 0.201668
v 0.537979 3.251842 0.225868
v 0.539680 2.948602 0.778763
v 0.598579 2.543852 1.277367
v 0.557381 2.665292 0.748962
v 0.627182 2.442712 1.231865
v 0.624180 2.648602 1.325363
v 0.549580 2.906432 0.855064
v 0.707180 2.673542 0.670868
v 0.767879 2.832802 0.313667
v 0.864780 2.714752 0.676567
v 0.864780 2.714752 0.676567
v 0.549782 2.738522 0.590668
v 0.707180 2.673542 0.670868
v 0.549580 2.701682 0.669662
v 0.966579 2.910182 0.260567
v 0.579380 2.892942 0.259064
v 0.557381 2.665292 0.748962
v 0.752781 2.423732 1.221664
v 0.877380 2.453282 1.236267
v 0.627182 2.442712 1.231865
v 0.886681 2.835222 0.717567
v 0.966579 2.910182 0.260567
v 0.998081 3.066932 0.228668
v 0.864780 2.714752 0.676567
v 0.842281 2.962212 0.781868
v 0.929680 3.251432 0.254967
v 0.897579 2.557762 1.283363
v 0.877380 2.453282 1.236267
v 0.863682 2.658642 1.328964
v 0.767879 2.832802 0.313667
v 1.033180 2.494132 0.324661
v 0.966579 2.910182 0.260567
v 0.751881 2.468222 0.377968
v 0.501179 2.482532 0.317764
v 0.579380 2.892942 0.259064
v 0.852081 3.490692 0.012466
v 0.759281 3.384422 0.117165
v 0.883881 3.378312 0.084167
v 0.761082 3.493152 0.035767
v 0.761082 3.493152 0.035767
v 0.667080 3.494602 0.015366
v 0.759281 3.384422 0.117165
v 0.628880 3.378422 0.087265
v 1.062778 2.188272 0.378761
v 1.033680 2.040692 0.412262
v 0.735680 2.186592 0.453964
v 0.735882 2.040692 0.481766
v 0.470982 2.040692 0.403366
v 0.452881 2.177312 0.367867
v 0.759281 3.384423 -0.432236
v 0.929680 3.251433 -0.570038
v 0.741482 3.305083 -0.563232
v 0.628880 3.378423 -0.402336
v 0.741482 3.305083 -0.563232
v 0.537979 3.251843 -0.540932
v 0.883881 3.378313 -0.399239
v 0.628880 3.378422 0.087265
v 0.741482 3.305082 0.248161
v 0.759281 3.384422 0.117165
v 0.537979 3.251842 0.225868
v 0.741482 3.305082 0.248161
v 0.929680 3.251432 0.254967
v 0.883881 3.378312 0.084167
v 0.364681 2.203452 -0.441734
v 0.501179 2.482533 -0.632835
v 0.452881 2.177312 -0.682938
v 0.420780 2.502412 -0.435638
v 0.579380 2.892942 -0.574135
v 0.461380 2.847952 -0.408035
v 0.486481 3.048073 -0.516739
v 0.382881 2.820502 -0.157532
v 0.407280 3.024242 -0.157532
v 0.304981 2.040692 -0.412834
v 0.470982 2.040692 -0.718338
v 0.320782 2.212762 -0.157532
v 0.369980 2.507592 -0.157532
v 0.250278 2.040692 -0.157532
v 0.448181 3.032213 -0.384232
v 0.485680 3.232393 -0.352737
v 0.628880 3.378423 -0.402336
v 0.537979 3.251843 -0.540932
v 0.559978 3.363093 -0.308334
v 0.667080 3.494603 -0.330338
v 0.607780 3.494733 -0.265236
v 0.535980 3.359862 -0.157532
v 0.584980 3.495432 -0.157532
v 0.468880 3.222742 -0.157532
v 0.607780 3.494732 -0.049835
v 0.382881 2.820502 -0.157532
v 0.420780 2.502412 0.120567
v 0.461380 2.847952 0.093063
v 0.579380 2.892942 0.259064
v 0.407280 3.024242 -0.157532
v 0.501179 2.482532 0.317764
v 0.364681 2.203452 0.126663
v 0.452881 2.177312 0.367867
v 0.304981 2.040692 0.097763
v 0.470982 2.040692 0.403366
v 0.486481 3.048072 0.201668
v 0.559978 3.363092 -0.006737
v 0.667080 3.494602 0.015366
v 0.628880 3.378422 0.087265
v 0.485680 3.232392 0.037666
v 0.537979 3.251842 0.225868
v 0.448181 3.032212 0.069267
v 0.735680 2.186592 -0.768936
v 1.033680 2.040692 -0.727333
v 0.735882 2.040692 -0.796837
v 1.062778 2.188272 -0.693832
v 0.470982 2.040692 -0.718338
v 0.452881 2.177312 -0.682938
v 0.751881 2.468222 -0.692932
v 1.033180 2.494132 -0.639732
v 0.501179 2.482533 -0.632835
v 0.767879 2.832802 -0.628738
v 0.966579 2.910182 -0.575539
v 0.579380 2.892942 -0.574135
v 0.759281 3.384423 -0.432236
v 0.852081 3.490693 -0.327538
v 0.883881 3.378313 -0.399239
v 0.761082 3.493153 -0.350838
v 0.761082 3.493153 -0.350838
v 0.759281 3.384423 -0.432236
v 0.667080 3.494603 -0.330338
v 0.628880 3.378423 -0.402336
v 1.215679 2.219432 -0.466232
v 1.283581 2.040692 -0.157532
v 1.212780 2.040692 -0.463432
v 1.179180 2.498272 -0.431435
v 1.275681 2.226872 -0.157532
v 1.146080 2.836562 -0.380638
v 1.232979 2.502212 -0.157532
v 1.194080 2.818762 -0.157532
v 1.157581 3.004082 -0.157532
v 1.062778 2.188272 -0.693832
v 1.033680 2.040692 -0.727333
v 1.033180 2.494132 -0.639732
v 0.966579 2.910182 -0.575539
v 1.115582 3.027813 -0.360435
v 0.998081 3.066933 -0.543732
v 1.061378 3.203333 -0.348633
v 1.102779 3.179782 -0.157532
v 0.958679 3.366583 -0.289238
v 0.971481 3.367042 -0.157532
v 0.929680 3.251433 -0.570038
v 0.883881 3.378313 -0.399239
v 0.852081 3.490693 -0.327538
v 0.905880 3.488772 -0.257439
v 0.916481 3.489132 -0.157532
v 0.905880 3.488772 -0.057632
v 1.215679 2.219432 0.151268
v 1.283581 2.040692 -0.157532
v 1.179180 2.498272 0.116364
v 1.232979 2.502212 -0.157532
v 1.146080 2.836562 0.065567
v 1.212780 2.040692 0.148361
v 1.157581 3.004082 -0.157532
v 1.033180 2.494132 0.324661
v 0.966579 2.910182 0.260567
v 1.062778 2.188272 0.378761
v 1.033680 2.040692 0.412262
v 1.115582 3.027812 0.045364
v 1.061378 3.203332 0.033562
v 0.958679 3.366582 -0.025833
v 0.998081 3.066932 0.228668
v 0.852081 3.490692 0.012466
v 0.883881 3.378312 0.084167
v 0.929680 3.251432 0.254967
vn -0.0552 0.8664 -0.4962
vn 0.6942 0.6390 -0.3313
vn -0.0315 0.8673 -0.4968
vn -0.7234 0.5504 -0.4168
vn -0.7350 0.5453 -0.4031
vn -0.7390 0.5582 -0.3773
vn 0.6473 0.6473 -0.4025
vn -0.7305 0.5891 -0.3456
vn 0.6473 0.6473 -0.4026
vn -0.0316 0.8673 -0.4967
vn 0.6012 0.6487 -0.4667
vn -0.6594 0.6594 -0.3611
vn -0.0551 0.8664 -0.4962
vn -0.9903 -0.0943 -0.1022
vn -0.7234 0.5505 -0.4167
vn -0.9895 -0.0942 -0.1099
vn -0.6629 -0.7103 0.2367
vn -0.6369 -0.7314 0.2438
vn -0.6554 -0.7028 0.2764
vn -0.7390 0.5581 -0.3774
vn -0.9951 -0.0869 -0.0474
vn -0.6058 -0.7238 0.3304
vn -0.7304 0.5891 -0.3456
vn -0.9936 -0.1104 0.0237
vn -0.6597 -0.6753 0.3298
vn -0.9999 -0.0079 -0.0079
vn 0.7217 -0.6510 0.2353
vn 0.0552 -0.9068 0.4179
vn 0.7347 -0.6083 0.3002
vn 0.0315 -0.9120 0.4089
vn -0.6370 -0.7313 0.2438
vn -0.6554 -0.7029 0.2763
vn 0.8781 -0.4782 0.0156
vn 0.0630 -0.9136 0.4017
vn 0.0314 -0.9121 0.4088
vn -0.6057 -0.7238 0.3304
vn -0.6555 -0.7028 0.2764
vn -0.6596 -0.6753 0.3298
vn 0.9909 0.0472 -0.1258
vn 0.9980 0.0628 -0.0079
vn 0.7216 -0.6511 0.2353
vn 0.8781 -0.4782 0.0157
vn 0.9622 0.1025 -0.2524
vn 0.6473 0.6473 0.4026
vn -0.0315 0.8673 0.4967
vn -0.0552 0.8664 0.4962
vn 0.6012 0.6486 0.4668
vn 0.6942 0.6390 0.3313
vn -0.7235 0.5504 0.4167
vn -0.7350 0.5453 0.4031
vn -0.7390 0.5581 0.3774
vn -0.7305 0.5890 0.3456
vn -0.6594 0.6594 0.3611
vn -0.9936 -0.1104 -0.0237
vn -0.6597 -0.6753 -0.3298
vn -0.6058 -0.7238 -0.3304
vn -0.9999 -0.0079 0.0079
vn -0.7304 0.5891 0.3456
vn -0.9951 -0.0869 0.0474
vn -0.6555 -0.7028 -0.2764
vn -0.7390 0.5582 0.3774
vn -0.9903 -0.0943 0.1022
vn -0.7350 0.5453 0.4030
vn -0.7234 0.5505 0.4167
vn -0.6629 -0.7103 -0.2367
vn -0.9895 -0.0942 0.1099
vn -0.6369 -0.7314 -0.2438
vn 0.0315 -0.9120 -0.4089
vn 0.0630 -0.9136 -0.4017
vn 0.7217 -0.6510 -0.2353
vn 0.8781 -0.4782 -0.0156
vn -0.6596 -0.6753 -0.3299
vn 0.0314 -0.9120 -0.4089
vn -0.6629 -0.7103 -0.2368
vn 0.7216 -0.6510 -0.2353
vn 0.0552 -0.9068 -0.4179
vn 0.7347 -0.6083 -0.3002
vn -0.6370 -0.7313 -0.2438
vn 0.9909 0.0472 0.1258
vn 0.8781 -0.4781 -0.0157
vn 0.9622 0.1025 0.2524
vn 0.7216 -0.6510 -0.2354
vn 0.6012 0.6486 0.4667
vn 0.9980 0.0628 0.0079
vn 0.5109 0.5503 0.6604
vn 0.0079 0.7341 0.6789
vn 0.5046 0.6703 0.5441
vn 0.0236 0.5885 0.8082
vn 0.0235 0.5885 0.8082
vn -0.4733 0.5522 0.6863
vn 0.0079 0.7342 0.6789
vn -0.4955 0.6844 0.5349
vn -0.0157 0.1809 0.9834
vn 0.5265 0.2044 0.8252
vn 0.6321 0.1580 0.7586
vn -0.0237 0.2052 0.9784
vn 0.5819 0.1337 0.8022
vn -0.6283 0.2199 0.7462
vn -0.7005 0.0865 0.7084
vn -0.0393 0.2126 0.9763
vn 0.5517 0.1025 0.8277
vn -0.6682 0.2044 0.7154
vn -0.0315 0.1732 0.9844
vn -0.6205 0.1493 0.7698
vn -0.4955 0.6844 -0.5349
vn -0.0236 0.8342 -0.5509
vn -0.7261 0.5840 -0.3630
vn 0.0079 0.7342 -0.6789
vn -0.4954 0.6844 0.5349
vn -0.0237 0.8342 0.5509
vn -0.7261 0.5839 0.3631
vn 0.0080 0.7342 -0.6789
vn 0.6206 0.6206 -0.4792
vn -0.0234 0.8342 -0.5509
vn 0.5047 0.6703 -0.5441
vn -0.0236 0.8342 0.5509
vn 0.6206 0.6206 0.4793
vn -0.9338 0.2058 -0.2928
vn -0.6284 0.2199 -0.7462
vn -0.6682 0.2044 -0.7153
vn -0.9276 0.1888 -0.3223
vn -0.6206 0.1492 -0.7698
vn -0.9633 0.2686 -0.0000
vn -0.9678 0.2518 -0.0000
vn -0.9349 0.1650 -0.3143
vn -0.9910 0.1337 -0.0000
vn -0.7006 0.0866 -0.7083
vn -0.9975 0.0707 -0.0002
vn -0.9307 0.0473 -0.3628
vn -0.9258 0.0314 -0.3766
vn -0.9899 0.1414 -0.0000
vn -0.9570 0.0870 -0.2768
vn -0.8977 0.4016 -0.1811
vn -0.9317 0.3632 -0.0000
vn -0.4956 0.6843 -0.5349
vn -0.8231 0.5095 -0.2508
vn -0.4734 0.5522 -0.6863
vn -0.9052 0.4250 -0.0000
vn -0.8380 0.4269 -0.3400
vn -0.8380 0.4269 0.3399
vn -0.8231 0.5095 0.2509
vn -0.4734 0.5522 0.6863
vn -0.4956 0.6843 0.5349
vn -0.8977 0.4016 0.1811
vn -0.7261 0.5840 0.3630
vn -0.9899 0.1414 0.0002
vn -0.9286 0.0315 0.3698
vn -0.9570 0.0870 0.2768
vn -0.9307 0.0473 0.3628
vn -0.9975 0.0707 -0.0000
vn -0.7006 0.0866 0.7083
vn -0.9349 0.1650 0.3143
vn -0.6284 0.2199 0.7462
vn -0.9338 0.2057 0.2928
vn -0.6682 0.2044 0.7153
vn -0.9276 0.1888 0.3223
vn -0.6206 0.1492 0.7698
vn 0.0079 0.7341 -0.6790
vn 0.5109 0.5503 -0.6604
vn 0.0236 0.5885 -0.8082
vn 0.0235 0.5885 -0.8082
vn -0.4733 0.5522 -0.6864
vn -0.4955 0.6843 -0.5349
vn -0.0394 0.2126 -0.9763
vn 0.5517 0.1025 -0.8277
vn -0.0315 0.1733 -0.9844
vn -0.6682 0.2044 -0.7154
vn 0.5820 0.1337 -0.8022
vn -0.0237 0.2051 -0.9785
vn 0.5265 0.2043 -0.8253
vn -0.0156 0.1809 -0.9834
vn -0.7005 0.0866 -0.7083
vn 0.6321 0.1581 -0.7586
vn 0.9155 0.0789 -0.3946
vn 0.9999 0.0158 -0.0000
vn 0.9222 0.0157 -0.3863
vn 0.9963 0.0863 -0.0000
vn 0.5820 0.1337 -0.8021
vn 0.5518 0.1025 -0.8277
vn 0.5266 0.2043 -0.8252
vn 0.9002 0.1658 -0.4027
vn 0.9900 0.1414 -0.0000
vn 0.9028 0.1570 -0.4004
vn 0.9888 0.1491 -0.0000
vn 0.6322 0.1580 -0.7585
vn 0.9715 0.2369 -0.0000
vn 0.9072 0.2130 -0.3629
vn 0.8278 0.1892 -0.5282
vn 0.9052 0.4250 -0.0000
vn 0.8513 0.4414 -0.2838
vn 0.6207 0.6205 -0.4792
vn 0.8051 0.5367 -0.2526
vn 0.5111 0.5503 -0.6603
vn 0.8678 0.4969 -0.0000
vn 0.8411 0.4559 -0.2909
vn 0.9096 0.4156 -0.0000
vn 0.8411 0.4559 0.2909
vn 0.8051 0.5367 0.2526
vn 0.5111 0.5503 0.6603
vn 0.5047 0.6703 0.5440
vn 0.8513 0.4414 0.2838
vn 0.6207 0.6206 0.4792
vn 0.8278 0.1892 0.5282
vn 0.9072 0.2130 0.3629
vn 0.9715 0.2370 0.0001
vn 0.6322 0.1580 0.7585
vn 0.9028 0.1570 0.4004
vn 0.5266 0.2043 0.8252
vn 0.9017 0.1646 0.3999
vn 0.9155 0.0789 0.3946
vn 0.9999 0.0157 -0.0000
vn 0.5820 0.1337 0.8021
vn 0.9223 0.0157 0.3862
vn 0.5518 0.1024 0.8277
vt 0.004550 -46.993301
vt 0.069808 -47.015202
vt 0.071096 -46.999901
vt 0.069363 -46.985199
vt 0.010575 -46.975899
vt 0.001035 -46.974701
vt 0.001419 -47.012501
vt -0.008538 -46.974201
vt -0.065285 -46.999901
vt -0.064441 -47.023399
vt -0.068070 -46.974499
vt -0.002091 -47.010502
vt -0.069363 -47.027000
vt -0.063361 -47.040100
vt -0.010575 -46.994701
vt 0.002695 -47.024899
vt -0.057672 -47.052700
vt 0.012598 -47.020302
vt -0.001035 -46.989498
vt 0.007776 -47.005798
vt 0.022470 -47.015701
vt 0.008538 -46.984200
vt 0.017684 -47.001202
vt 0.063925 -46.996399
vt 0.071096 -46.977001
vt 0.068070 -46.951599
vt 0.011743 -47.015301
vt -0.056401 -47.001301
vt -0.058225 -47.016899
vt 0.012448 -46.995602
vt 0.002695 -46.976898
vt -0.057672 -46.985600
vt 0.012598 -46.975899
vt 0.063743 -47.028000
vt 0.057102 -47.003201
vt 0.022470 -46.975899
vt 0.063925 -46.979599
vt 0.069808 -47.025700
vt -0.006614 -47.003601
vt 0.064108 -47.038300
vt 0.001419 -46.987801
vt -0.011743 -47.018700
vt 0.058225 -47.051399
vt -0.063743 -46.994301
vt -0.067726 -46.974701
vt -0.064441 -46.951599
vt 15.998600 -27.012501
vt 16.065300 -26.999901
vt 15.995500 -26.993299
vt 16.064400 -27.023399
vt 15.930200 -27.015200
vt 15.928900 -26.999901
vt 15.930600 -26.985201
vt 15.989400 -26.975901
vt 15.999000 -26.974701
vt 16.008499 -26.974199
vt 16.068100 -26.974501
vt 15.982300 -27.001200
vt 15.936100 -26.996401
vt 15.977500 -27.015699
vt 15.928900 -26.976999
vt 15.991500 -26.984200
vt 15.931900 -26.951599
vt 15.992200 -27.005800
vt 15.987400 -27.020300
vt 16.000999 -26.989500
vt 16.002100 -27.010500
vt 16.010599 -26.994699
vt 16.069401 -27.027000
vt 15.997300 -27.024900
vt 16.063400 -27.040100
vt 16.057699 -27.052700
vt 15.987600 -26.995600
vt 15.942900 -27.003201
vt 15.988300 -27.015301
vt 15.936300 -27.028000
vt 15.977500 -26.975901
vt 15.936100 -26.979601
vt 15.987400 -26.975901
vt 15.997300 -26.976900
vt 16.056400 -27.001301
vt 16.058201 -27.016899
vt 16.057699 -26.985600
vt 16.006599 -27.003599
vt 16.063700 -26.994301
vt 16.067699 -26.974701
vt 16.011700 -27.018700
vt 15.998600 -26.987801
vt 16.064400 -26.951599
vt 15.930200 -27.025700
vt 15.935900 -27.038300
vt 15.941800 -27.051399
vt 16.010599 -38.909698
vt 15.999000 -38.923000
vt 16.014601 -38.923698
vt 15.999300 -38.909401
vt 15.987500 -38.909199
vt 15.982700 -38.923698
vt 16.000099 -38.991901
vt 16.033300 -39.034199
vt 16.025000 -38.982201
vt 15.998100 -39.037498
vt 16.037001 -39.072498
vt 15.966800 -39.035702
vt 15.976600 -38.984402
vt 15.996100 -39.072701
vt 16.033300 -39.090900
vt 15.960800 -39.073799
vt 15.996100 -39.090900
vt 15.963000 -39.090900
vt 16.030600 -38.982700
vt 16.050699 -38.996799
vt 16.047899 -38.971401
vt 16.034300 -38.999001
vt 15.969400 -38.982700
vt 15.949300 -38.996799
vt 15.965700 -38.999001
vt 15.952100 -38.971401
vt 16.051600 -39.020401
vt 16.030199 -39.014599
vt 15.948400 -39.020401
vt 15.969800 -39.014599
vt 15.964500 -39.070599
vt 15.940600 -39.035702
vt 15.934300 -39.073799
vt 15.968100 -39.090900
vt 15.929900 -39.090900
vt 16.000000 -39.069401
vt 16.000000 -39.090900
vt 15.965200 -39.033199
vt 16.000000 -39.032600
vt 15.947900 -38.984402
vt 16.000000 -38.993401
vt 15.968700 -38.990002
vt 15.955100 -38.965000
vt 16.000000 -38.967999
vt 15.971700 -38.966999
vt 15.975600 -38.942001
vt 15.952100 -38.939499
vt 16.000000 -38.943199
vt 15.969400 -38.923698
vt 15.981200 -38.925598
vt 15.978400 -38.909199
vt 16.000000 -38.925999
vt 15.986500 -38.909199
vt 16.000000 -38.909100
vt 16.013500 -38.909199
vt 16.018801 -38.925598
vt 16.021601 -38.909199
vt 16.030600 -38.923698
vt 16.024401 -38.942001
vt 16.047899 -38.939499
vt 16.044901 -38.965000
vt 16.028299 -38.966999
vt 16.031300 -38.990002
vt 16.052099 -38.984402
vt 16.034800 -39.033199
vt 16.059401 -39.035702
vt 16.035500 -39.070599
vt 16.065701 -39.073799
vt 16.031900 -39.090900
vt 16.070101 -39.090900
vt 16.000999 -38.923000
vt 15.989400 -38.909698
vt 15.985400 -38.923698
vt 16.000700 -38.909401
vt 16.012501 -38.909199
vt 16.017300 -38.923698
vt 16.003901 -39.072701
vt 15.966700 -39.090900
vt 16.003901 -39.090900
vt 16.037001 -39.090900
vt 16.039200 -39.073799
vt 15.963000 -39.072498
vt 16.033199 -39.035702
vt 16.001900 -39.037498
vt 15.966700 -39.034199
vt 15.999900 -38.991901
vt 16.023399 -38.984402
vt 15.975000 -38.982201
vt 16.038601 -39.068600
vt 16.038200 -39.090900
vt 16.000000 -39.067600
vt 16.066999 -39.072498
vt 16.071199 -39.090900
vt 16.060301 -39.034199
vt 16.034201 -39.033699
vt 16.000000 -39.033199
vt 16.027901 -38.991402
vt 16.000000 -38.993698
vt 16.052299 -38.982201
vt 16.000000 -38.970501
vt 16.025400 -38.967499
vt 16.048300 -38.962601
vt 16.000000 -38.948502
vt 16.023899 -38.945599
vt 16.051600 -38.939602
vt 16.030199 -38.923698
vt 16.016500 -38.925201
vt 16.021200 -38.909698
vt 16.000000 -38.925098
vt 16.012501 -38.909901
vt 16.000000 -38.909901
vt 15.987500 -38.909901
vt 15.983500 -38.925201
vt 15.978700 -38.909698
vt 15.969800 -38.923698
vt 15.976100 -38.945599
vt 15.948400 -38.939602
vt 15.951700 -38.962601
vt 15.974600 -38.967499
vt 15.947700 -38.982201
vt 15.972100 -38.991402
vt 15.939700 -39.034199
vt 15.965800 -39.033699
vt 15.961400 -39.068600
vt 15.933000 -39.072498
vt 15.961800 -39.090900
vt 15.928800 -39.090900
s 1
usemtl Body0061Mtl
f 679/617/604 680/618/605 681/619/606
f 682/620/607 679/617/604 681/619/606
f 679/617/604 682/620/607 683/621/608
f 679/617/604 683/621/608 686/622/609
f 680/618/605 679/617/604 685/623/610
f 679/617/604 686/622/609 687/624/611
f 684/623/612 688/625/613 690/626/614
f 688/625/613 687/624/611 691/627/615
f 688/625/613 684/623/612 689/617/616
f 687/624/611 688/625/613 689/617/616
f 692/628/617 693/629/618 694/630/619
f 693/629/618 692/628/617 698/631/608
f 695/632/620 694/630/619 696/633/621
f 694/630/619 695/632/620 692/628/617
f 697/634/622 692/628/617 695/632/620
f 692/628/617 699/635/623 698/631/608
f 692/628/617 697/634/622 700/636/624
f 699/635/623 692/628/617 700/636/624
f 704/637/625 700/636/624 697/634/622
f 700/636/624 701/638/626 699/635/623
f 700/636/624 704/637/625 703/639/627
f 701/638/626 700/636/624 703/639/627
f 702/640/628 703/639/627 704/637/625
f 703/639/627 702/640/628 705/641/629
f 705/641/629 701/638/626 703/639/627
f 701/638/626 705/641/629 706/642/615
f 707/643/630 708/644/631 709/645/632
f 708/644/631 707/643/630 712/646/633
f 708/644/631 712/646/633 710/647/620
f 708/644/631 710/647/620 711/648/634
f 713/649/635 710/647/620 712/646/633
f 707/643/630 718/650/636 717/651/637
f 707/643/630 717/651/637 716/646/638
f 715/652/639 714/649/640 716/646/638
f 717/651/637 715/652/639 716/646/638
f 715/652/639 717/651/637 719/653/641
f 720/654/605 721/655/642 722/656/643
f 721/655/642 720/654/605 725/657/612
f 723/658/644 722/656/643 721/655/642
f 722/656/643 723/658/644 724/659/632
f 721/655/642 727/660/645 723/658/644
f 727/660/645 721/655/642 726/661/646
f 725/657/612 726/661/646 721/655/642
f 726/661/646 725/657/612 728/662/614
f 729/663/647 730/664/648 731/665/649
f 730/664/648 729/663/647 734/666/650
f 731/665/649 737/667/651 729/663/647
f 737/667/651 731/665/649 738/668/648
f 731/665/649 739/669/652 738/668/648
f 739/669/652 731/665/649 736/670/653
f 731/665/649 733/671/654 736/670/653
f 731/665/649 732/672/655 733/671/654
f 730/664/648 732/672/655 731/665/649
f 732/672/655 730/664/648 735/673/656
f 740/674/657 741/675/658 742/676/659
f 741/675/658 740/674/657 747/677/660
f 746/678/661 747/677/660 740/674/657
f 747/677/660 746/678/661 748/679/656
f 742/676/659 743/680/662 740/674/657
f 743/680/662 746/678/661 740/674/657
f 743/680/662 742/676/659 744/681/663
f 743/680/662 749/682/664 746/678/661
f 744/681/663 745/683/665 743/680/662
f 745/683/665 749/682/664 743/680/662
f 745/683/665 754/684/666 749/682/664
f 745/683/665 753/685/667 754/684/666
f 745/683/665 744/681/663 751/686/668
f 753/685/667 745/683/665 750/687/669
f 751/686/668 750/687/669 745/683/665
f 750/687/669 751/686/668 752/688/670
f 755/689/671 756/690/672 758/691/673
f 762/692/674 758/691/673 756/690/672
f 759/693/659 756/690/672 755/689/671
f 756/690/672 759/693/659 763/694/675
f 759/693/659 760/689/676 761/695/663
f 761/695/663 760/689/676 764/696/677
f 757/691/678 765/697/679 760/689/676
f 760/689/676 765/697/679 764/696/677
f 765/697/679 757/691/678 766/698/680
f 764/696/677 765/697/679 767/699/681
f 768/700/682 769/701/683 770/702/684
f 769/701/683 768/700/682 771/703/685
f 770/702/684 772/704/647 768/700/682
f 772/704/647 770/702/684 773/705/686
f 776/706/651 768/700/682 772/704/647
f 768/700/682 776/706/651 774/707/687
f 774/707/687 771/703/685 768/700/682
f 771/703/685 774/707/687 775/708/680
f 783/709/688 784/710/689 785/711/690
f 784/710/689 783/709/688 786/712/691
f 787/712/692 788/713/693 789/710/694
f 788/713/693 790/714/695 789/710/694
f 777/715/696 778/716/697 779/717/698
f 778/716/697 777/715/696 780/718/699
f 780/718/699 791/719/700 778/716/697
f 777/715/696 781/720/701 780/718/699
f 781/720/701 777/715/696 782/721/702
f 791/719/700 780/718/699 793/722/703
f 781/720/701 793/722/703 780/718/699
f 793/722/703 792/723/704 791/719/700
f 793/722/703 781/720/701 796/724/705
f 792/723/704 793/722/703 794/725/706
f 793/722/703 796/724/705 795/726/707
f 793/722/703 795/726/707 794/725/706
f 800/727/708 801/728/709 802/729/710
f 801/728/709 800/727/708 797/730/711
f 804/731/712 805/732/713 806/733/694
f 804/731/712 807/734/714 805/732/713
f 797/730/715 798/735/716 799/728/717
f 798/735/716 797/730/715 803/736/718
f 806/733/694 808/732/719 809/737/720
f 809/737/720 810/738/690 806/733/694
f 811/739/721 812/740/722 813/741/723
f 813/741/723 820/742/724 811/739/721
f 820/742/724 813/741/723 821/743/725
f 822/744/726 811/739/721 820/742/724
f 822/744/726 820/742/724 824/745/727
f 812/740/722 811/739/721 814/746/728
f 822/744/726 814/746/728 811/739/721
f 814/746/728 822/744/726 823/747/729
f 814/746/728 815/748/730 812/740/722
f 818/749/731 814/746/728 823/747/729
f 815/748/730 814/746/728 816/750/732
f 814/746/728 818/749/731 816/750/732
f 816/750/732 817/751/733 815/748/730
f 819/752/734 816/750/732 818/749/731
f 817/751/733 816/750/732 825/753/735
f 816/750/732 819/752/734 825/753/735
f 826/754/736 817/751/733 825/753/735
f 819/752/734 826/754/736 825/753/735
f 817/751/733 826/754/736 828/755/710
f 826/754/736 819/752/734 834/756/737
f 826/754/736 827/757/738 828/755/710
f 834/756/737 829/758/739 826/754/736
f 827/757/738 826/754/736 829/758/739
f 829/758/739 830/759/740 827/757/738
f 829/758/739 834/756/737 832/760/741
f 830/759/740 829/758/739 831/761/742
f 832/760/741 831/761/742 829/758/739
f 831/761/742 832/760/741 833/762/737
f 832/760/741 835/763/743 833/762/737
f 835/763/743 832/760/741 847/764/744
f 847/764/744 848/765/745 835/763/743
f 834/756/737 847/764/744 832/760/741
f 848/765/745 847/764/744 849/766/746
f 847/764/744 834/756/737 850/767/747
f 850/767/747 849/766/746 847/764/744
f 849/766/746 850/767/747 851/768/748
f 850/767/747 834/756/737 840/752/749
f 850/767/747 846/769/750 851/768/748
f 850/767/747 840/752/749 852/770/751
f 846/769/750 850/767/747 852/770/751
f 840/752/749 838/771/752 852/770/751
f 852/770/751 838/771/752 846/769/750
f 838/771/752 840/752/749 836/749/753
f 838/771/752 839/772/754 846/769/750
f 836/749/753 837/773/755 838/771/752
f 838/771/752 837/773/755 839/772/754
f 837/773/755 836/749/753 823/747/729
f 837/773/755 841/774/756 839/772/754
f 837/773/755 823/747/729 822/744/726
f 841/774/756 837/773/755 842/775/757
f 837/773/755 822/744/726 842/775/757
f 842/775/757 843/776/758 841/774/756
f 822/744/726 844/777/759 842/775/757
f 844/777/759 843/776/758 842/775/757
f 844/777/759 822/744/726 824/745/727
f 843/776/758 844/777/759 845/778/760
f 865/779/761 866/780/762 867/781/718
f 866/780/762 865/779/761 868/782/763
f 869/782/764 870/779/711 871/783/765
f 871/783/765 870/779/711 872/784/766
f 853/785/767 854/786/768 855/787/769
f 857/788/725 853/785/767 855/787/769
f 853/785/767 857/788/725 858/789/770
f 854/786/768 853/785/767 856/790/771
f 861/791/722 853/785/767 858/789/770
f 859/792/772 856/790/771 853/785/767
f 853/785/767 861/791/722 859/792/772
f 856/790/771 859/792/772 860/793/773
f 861/791/722 862/794/774 859/792/772
f 862/794/774 860/793/773 859/792/772
f 862/794/774 861/791/722 864/795/775
f 860/793/773 862/794/774 863/796/776
f 873/797/777 874/745/778 875/798/779
f 873/797/777 877/799/780 874/745/778
f 882/800/781 873/797/777 875/798/779
f 875/798/779 883/801/782 882/800/781
f 884/802/783 873/797/777 882/800/781
f 876/803/784 877/799/780 873/797/777
f 873/797/777 884/802/783 876/803/784
f 877/799/780 876/803/784 879/804/785
f 884/802/783 878/805/786 876/803/784
f 878/805/786 879/804/785 876/803/784
f 879/804/785 878/805/786 880/806/787
f 878/805/786 884/802/783 885/807/788
f 878/805/786 881/808/789 880/806/787
f 885/807/788 886/809/790 878/805/786
f 881/808/789 878/805/786 886/809/790
f 886/809/790 885/807/788 887/810/791
f 886/809/790 889/811/792 881/808/789
f 887/810/791 888/812/793 886/809/790
f 889/811/792 886/809/790 888/812/793
f 888/812/793 887/810/791 892/813/794
f 888/812/793 892/813/794 893/814/718
f 889/811/792 888/812/793 890/815/795
f 890/815/795 888/812/793 893/814/718
f 894/816/796 890/815/795 893/814/718
f 890/815/795 891/817/797 889/811/792
f 895/818/798 890/815/795 894/816/796
f 895/818/798 891/817/797 890/815/795
f 896/819/799 891/817/797 895/818/798
f 896/819/799 897/820/800 891/817/797
f 897/820/800 911/821/801 891/817/797
f 911/821/801 897/820/800 913/822/802
f 911/821/801 889/811/792 891/817/797
f 913/822/802 914/823/803 911/821/801
f 914/823/803 910/824/804 911/821/801
f 889/811/792 911/821/801 910/824/804
f 910/824/804 914/823/803 915/825/805
f 910/824/804 915/825/805 912/826/806
f 889/811/792 910/824/804 909/827/807
f 910/824/804 912/826/806 909/827/807
f 889/811/792 909/827/807 904/808/808
f 906/828/809 909/827/807 912/826/806
f 904/808/808 909/827/807 902/829/810
f 909/827/807 906/828/809 902/829/810
f 904/808/808 902/829/810 880/806/787
f 905/830/811 902/829/810 906/828/809
f 902/829/810 901/804/785 880/806/787
f 901/804/785 902/829/810 900/831/812
f 902/829/810 905/830/811 900/831/812
f 900/831/812 877/799/780 901/804/785
f 905/830/811 898/832/813 900/831/812
f 877/799/780 900/831/812 898/832/813
f 898/832/813 899/745/814 877/799/780
f 898/832/813 905/830/811 907/833/815
f 899/745/814 898/832/813 903/834/816
f 907/833/815 903/834/816 898/832/813
f 903/834/816 907/833/815 908/835/817
o Object_7
v 1.220181 2.219822 -0.468239
v 1.288582 2.040772 -0.157532
v 1.217381 2.040772 -0.465332
v 1.183681 2.499102 -0.433434
v 1.280682 2.227302 -0.157532
v 1.150581 2.837353 -0.382637
v 1.237980 2.502922 -0.157532
v 1.199081 2.819512 -0.157532
v 1.162380 3.005262 -0.157532
v 1.065681 2.188942 -0.697838
v 1.036480 2.041202 -0.731438
v 1.035881 2.495152 -0.643936
v 0.969780 2.910962 -0.579338
v 1.120079 3.028873 -0.362236
v 1.002182 3.067883 -0.546333
v 1.065681 3.205543 -0.350037
v 1.107380 3.181902 -0.157532
v 0.962780 3.369263 -0.290535
v 0.975880 3.369522 -0.157532
v 0.932781 3.254543 -0.572433
v 0.886379 3.381663 -0.401932
v 0.854679 3.493453 -0.330833
v 0.910080 3.491052 -0.258835
v 0.920979 3.491212 -0.157532
v 0.910080 3.491052 -0.056236
v 1.220181 2.219822 0.153168
v 1.288582 2.040772 -0.157532
v 1.280682 2.227302 -0.157532
v 1.183781 2.499102 0.118362
v 1.237980 2.502922 -0.157532
v 1.150581 2.837352 0.067566
v 1.199081 2.819512 -0.157532
v 1.217381 2.040772 0.150261
v 1.035881 2.495152 0.328865
v 0.969780 2.910962 0.264267
v 1.065681 2.188942 0.382767
v 1.036480 2.041202 0.416466
v 1.120079 3.028872 0.047264
v 1.065681 3.205542 0.035065
v 0.962780 3.369262 -0.024536
v 1.002182 3.067882 0.231262
v 0.854679 3.493452 0.015762
v 0.886379 3.381662 0.086868
v 0.932781 3.254542 0.257362
vn 0.9155 0.0789 -0.3946
vn 0.9999 0.0158 -0.0001
vn 0.9223 0.0158 -0.3862
vn 0.9963 0.0863 -0.0002
vn 0.5820 0.1337 -0.8021
vn 0.5518 0.1024 -0.8277
vn 0.5266 0.2043 -0.8252
vn 0.9002 0.1658 -0.4027
vn 0.9900 0.1414 -0.0002
vn 0.9028 0.1570 -0.4004
vn 0.9888 0.1491 -0.0002
vn 0.6322 0.1580 -0.7585
vn 0.9715 0.2371 -0.0000
vn 0.9072 0.2130 -0.3629
vn 0.8278 0.1892 -0.5282
vn 0.9052 0.4250 -0.0000
vn 0.8513 0.4414 -0.2837
vn 0.6206 0.6206 -0.4792
vn 0.5047 0.6703 -0.5441
vn 0.8051 0.5367 -0.2526
vn 0.5111 0.5503 -0.6603
vn 0.8677 0.4970 -0.0000
vn 0.8411 0.4559 -0.2909
vn 0.9096 0.4156 -0.0000
vn 0.8411 0.4559 0.2909
vn 0.8051 0.5367 0.2526
vn 0.5110 0.5503 0.6603
vn 0.5047 0.6703 0.5441
vn 0.8513 0.4414 0.2838
vn 0.6207 0.6206 0.4792
vn 0.8278 0.1892 0.5282
vn 0.9072 0.2130 0.3629
vn 0.6323 0.1580 0.7585
vn 0.9028 0.1570 0.4004
vn 0.9888 0.1491 -0.0000
vn 0.5266 0.2043 0.8252
vn 0.9900 0.1414 -0.0000
vn 0.9017 0.1647 0.3999
vn 0.9963 0.0863 -0.0000
vn 0.9155 0.0789 0.3946
vn 0.9999 0.0158 0.0002
vn 0.5820 0.1337 0.8021
vn 0.9223 0.0158 0.3862
vn 0.5518 0.1024 0.8277
vt 0.741493 0.122868
vt 0.500000 0.000000
vt 0.739264 0.000000
vt 0.500000 0.127985
vt 0.919457 0.101448
vt 0.945680 0.000000
vt 0.877177 0.311696
vt 0.714227 0.314545
vt 0.500000 0.317253
vt 0.674490 0.547089
vt 0.500000 0.534852
vt 0.826985 0.597692
vt 0.500000 0.662245
vt 0.658721 0.678552
vt 0.802061 0.705447
vt 0.500000 0.783018
vt 0.649491 0.799209
vt 0.822613 0.832274
vt 0.689051 0.919490
vt 0.603015 0.911426
vt 0.632967 0.996742
vt 0.500000 0.911742
vt 0.578109 0.995421
vt 0.500000 0.995667
vt 0.421890 0.995421
vt 0.396985 0.911426
vt 0.367033 0.996742
vt 0.310949 0.919490
vt 0.350509 0.799209
vt 0.177387 0.832274
vt 0.197939 0.705447
vt 0.341278 0.678552
vt 0.173015 0.597692
vt 0.325509 0.547089
vt 0.122823 0.311696
vt 0.285773 0.314545
vt 0.258507 0.122868
vt 0.080543 0.101448
vt 0.260736 0.000000
vt 0.054320 0.000000
s 1
usemtl Body2Mtl
f 916/836/818 917/837/819 918/838/820
f 916/836/818 920/839/821 917/837/819
f 925/840/822 916/836/818 918/838/820
f 918/838/820 926/841/823 925/840/822
f 927/842/824 916/836/818 925/840/822
f 919/843/825 920/839/821 916/836/818
f 916/836/818 927/842/824 919/843/825
f 920/839/821 919/843/825 922/844/826
f 927/842/824 921/845/827 919/843/825
f 921/845/827 922/844/826 919/843/825
f 922/844/826 921/845/827 923/846/828
f 921/845/827 927/842/824 928/847/829
f 921/845/827 924/848/830 923/846/828
f 928/847/829 929/849/831 921/845/827
f 924/848/830 921/845/827 929/849/831
f 929/849/831 928/847/829 930/850/832
f 929/849/831 932/851/833 924/848/830
f 930/850/832 931/852/834 929/849/831
f 932/851/833 929/849/831 931/852/834
f 931/852/834 930/850/832 935/853/835
f 931/852/834 935/853/835 936/854/836
f 932/851/833 931/852/834 933/855/837
f 933/855/837 931/852/834 936/854/836
f 937/856/838 933/855/837 936/854/836
f 933/855/837 934/857/839 932/851/833
f 938/858/840 933/855/837 937/856/838
f 938/858/840 934/857/839 933/855/837
f 939/859/841 934/857/839 938/858/840
f 939/859/841 940/860/842 934/857/839
f 940/860/842 955/861/843 934/857/839
f 955/861/843 940/860/842 957/862/844
f 955/861/843 932/851/833 934/857/839
f 957/862/844 958/863/845 955/861/843
f 958/863/845 954/864/846 955/861/843
f 932/851/833 955/861/843 954/864/846
f 954/864/846 958/863/845 959/865/847
f 954/864/846 959/865/847 956/866/848
f 932/851/833 954/864/846 953/867/849
f 954/864/846 956/866/848 953/867/849
f 932/851/833 953/867/849 924/848/830
f 950/868/850 953/867/849 956/866/848
f 924/848/830 953/867/849 946/869/851
f 953/867/849 950/868/850 946/869/851
f 924/848/830 946/869/851 947/846/852
f 949/870/853 946/869/851 950/868/850
f 946/869/851 945/844/854 947/846/852
f 945/844/854 946/869/851 944/871/855
f 946/869/851 949/870/853 944/871/855
f 944/871/855 943/839/856 945/844/854
f 949/870/853 941/872/857 944/871/855
f 943/839/856 944/871/855 941/872/857
f 941/872/857 942/837/858 943/839/856
f 941/872/857 949/870/853 951/873/859
f 942/837/858 941/872/857 948/874/860
f 951/873/859 948/874/860 941/872/857
f 948/874/860 951/873/859 952/875/861
o Object_8
v 1.492882 3.423953 -0.489838
v 1.401279 3.573943 -0.871437
v 1.530682 3.640613 -0.791336
v 1.723080 3.594993 -0.489632
v 1.538280 3.392602 -0.157532
v 1.786480 3.581472 -0.157532
v 1.168079 3.297102 -0.157532
v 1.150879 3.365373 -0.517738
v 1.197182 3.575193 -0.979439
v 1.403278 3.808533 -0.984634
v 1.859379 3.861273 -0.499039
v 1.924381 3.886583 -0.157532
v 1.575882 3.774233 -0.829636
v 1.230579 3.843183 -1.139236
v 1.723080 3.594992 0.174667
v 1.492882 3.423952 0.174866
v 1.530682 3.640612 0.476265
v 1.401279 3.573942 0.556366
v 1.150879 3.365372 0.202667
v 1.197182 3.575192 0.664368
v 1.859379 3.861273 0.183968
v 1.575882 3.774233 0.514565
v 1.403278 3.808533 0.669563
v 1.230579 3.843183 0.824165
v 1.930592 3.836808 -0.518433
v 1.661888 3.947709 -0.838936
v 1.934891 4.072588 -0.502434
v 1.647091 3.749768 -0.849030
v 1.531689 4.208508 -0.795334
v 1.763191 4.260078 -0.471733
v 1.532589 4.836968 -0.758034
v 1.763191 4.260078 -0.471733
v 1.531689 4.208508 -0.795334
v 1.995689 3.862118 -0.176933
v 2.009289 4.099748 -0.176933
v 1.844791 4.302548 -0.176933
v 1.676189 4.889289 -0.480232
v 1.844791 4.302548 -0.176933
v 1.474491 3.784068 -1.004036
v 1.480888 3.991058 -1.026131
v 1.301788 3.818718 -1.158630
v 1.299091 4.035188 -1.212929
v 1.206890 4.280468 -1.139435
v 1.369091 4.244339 -0.967529
v 1.206890 4.280468 -1.139435
v 1.354488 4.792218 -0.915230
v 1.369091 4.244339 -0.967529
v 1.178291 4.746919 -1.069336
v 1.431091 5.012448 -0.736732
v 1.513191 5.103619 -0.496635
v 1.715389 4.917929 -0.176933
v 1.542091 5.146779 -0.176933
v 1.364189 5.240429 -0.176933
v 1.341389 5.185919 -0.532135
v 1.291790 5.041939 -0.810036
v 1.153690 5.070979 -0.882530
v 1.172291 5.266048 -0.567635
v 1.189590 5.331499 -0.176933
v 1.763191 4.260078 0.117867
v 1.934891 4.072588 0.148567
v 1.930592 3.836807 0.164566
v 1.676189 4.889289 0.126266
v 1.763191 4.260078 0.117867
v 1.531689 4.208508 0.441467
v 1.661888 3.947708 0.485069
v 1.647091 3.749768 0.495171
v 1.532589 4.836968 0.404167
v 1.531689 4.208508 0.441467
v 1.474491 3.784068 0.650169
v 1.480888 3.991058 0.672165
v 1.369091 4.244339 0.613670
v 1.354488 4.792218 0.561371
v 1.369091 4.244339 0.613670
v 1.206890 4.280468 0.785568
v 1.301788 3.818718 0.804771
v 1.299091 4.035188 0.859070
v 1.206890 4.280468 0.785568
v 1.178291 4.746918 0.715469
v 1.513191 5.103619 0.142769
v 1.431091 5.012448 0.382866
v 1.341389 5.185919 0.178268
v 1.172291 5.266048 0.213768
v 1.291790 5.041939 0.456070
v 1.153690 5.070979 0.528671
vn 0.4032 -0.8697 -0.2847
vn 0.4406 -0.6766 -0.5901
vn 0.6383 -0.5201 -0.5674
vn 0.2052 -0.9389 -0.2762
vn 0.3851 -0.6681 -0.6367
vn 0.2202 -0.9755 -0.0000
vn 0.6128 -0.2594 -0.7465
vn 0.4587 -0.2452 -0.8541
vn 0.7116 -0.2293 -0.6641
vn 0.8906 -0.2129 -0.4019
vn 0.7309 -0.5973 -0.3301
vn 0.9737 -0.2278 -0.0000
vn 0.7816 -0.6237 -0.0000
vn 0.4250 -0.9052 -0.0000
vn 0.7309 -0.5973 0.3301
vn 0.8906 -0.2128 0.4019
vn 0.4032 -0.8697 0.2847
vn 0.2051 -0.9390 0.2762
vn 0.6384 -0.5201 0.5674
vn 0.7116 -0.2293 0.6641
vn 0.6128 -0.2594 0.7465
vn 0.4406 -0.6766 0.5900
vn 0.3851 -0.6681 0.6367
vn 0.4587 -0.2452 0.8541
vn 0.7306 0.2671 -0.6284
vn 0.8209 0.3710 -0.4341
vn 0.7257 0.2918 -0.6231
vn 0.6152 0.2682 -0.7414
vn 0.7083 0.2675 -0.6532
vn 0.7461 0.1963 -0.6362
vn 0.6285 0.2436 -0.7386
vn 0.8723 0.3458 -0.3458
vn 0.9022 0.4314 -0.0000
vn 0.5668 0.5904 -0.5747
vn 0.4876 0.6134 -0.6213
vn 0.4873 0.5975 -0.6368
vn 0.4552 0.8240 -0.3374
vn 0.4546 0.8307 -0.3213
vn 0.4567 0.8896 -0.0000
vn 0.6285 0.7149 -0.3064
vn 0.9154 0.4025 -0.0000
vn 0.6451 0.7641 -0.0000
vn 0.4631 0.8863 -0.0000
vn 0.6285 0.7149 0.3064
vn 0.8723 0.3458 0.3458
vn 0.8209 0.3709 0.4342
vn 0.4546 0.8307 0.3213
vn 0.4552 0.8240 0.3374
vn 0.7306 0.2671 0.6284
vn 0.7256 0.2918 0.6232
vn 0.5668 0.5904 0.5747
vn 0.4876 0.6134 0.6213
vn 0.4874 0.5975 0.6368
vn 0.6286 0.2436 0.7386
vn 0.6152 0.2682 0.7414
vn 0.7083 0.2675 0.6532
vn 0.7462 0.1963 0.6362
vn 0.8921 -0.2051 -0.4026
vn 0.7240 0.1968 -0.6611
vn 0.8431 0.3073 -0.4412
vn 0.7116 -0.2292 -0.6642
vn 0.6129 -0.2592 -0.7464
vn 0.9755 -0.2202 -0.0000
vn 0.7159 0.1730 -0.6765
vn 0.7239 0.2991 -0.6216
vn 0.5366 -0.1972 -0.8205
vn 0.7179 0.2130 -0.6627
vn 0.7740 0.3476 -0.5292
vn 0.7083 0.2676 -0.6532
vn 0.8185 0.3779 -0.4328
vn 0.9405 0.3398 -0.0000
vn 0.9021 0.4316 -0.0000
vn 0.8184 0.3778 0.4329
vn 0.8431 0.3073 0.4412
vn 0.8921 -0.2053 0.4026
vn 0.7240 0.2990 0.6216
vn 0.7241 0.1967 0.6611
vn 0.7116 -0.2291 0.6642
vn 0.6129 -0.2592 0.7464
vn 0.7158 0.1730 0.6765
vn 0.7083 0.2677 0.6532
vn 0.5366 -0.1972 0.8205
vn 0.7740 0.3476 0.5292
vn 0.7179 0.2130 0.6627
vt 0.659571 0.071517
vt 0.839656 0.142305
vt 0.801853 0.173770
vt 0.672706 0.043865
vt 0.890633 0.142896
vt 0.502711 0.011648
vt 0.893149 0.251359
vt 0.966153 0.267811
vt 0.819604 0.234988
vt 0.663116 0.275782
vt 0.659474 0.152238
vt 0.502711 0.287790
vt 0.502711 0.145857
vt 0.502711 0.056719
vt 0.345947 0.152238
vt 0.342305 0.275782
vt 0.345850 0.071517
vt 0.332715 0.043865
vt 0.203568 0.173770
vt 0.185817 0.234988
vt 0.112272 0.251359
vt 0.165765 0.142305
vt 0.114789 0.142896
vt 0.039268 0.267811
vt 0.776962 0.749951
vt 0.641847 0.477683
vt 0.794558 0.453343
vt 0.851169 0.728830
vt 0.875856 0.470253
vt 0.956972 0.487303
vt 0.923893 0.707453
vt 0.645829 0.774643
vt 0.502711 0.497724
vt 0.766918 0.832772
vt 0.801495 0.846689
vt 0.835740 0.860394
vt 0.687116 0.952460
vt 0.670355 0.914644
vt 0.502711 0.983353
vt 0.653595 0.875802
vt 0.502711 0.788160
vt 0.502711 0.896171
vt 0.502711 0.940369
vt 0.351826 0.875802
vt 0.359592 0.774643
vt 0.363574 0.477683
vt 0.335066 0.914644
vt 0.318305 0.952460
vt 0.228459 0.749951
vt 0.210863 0.453343
vt 0.238503 0.832772
vt 0.203926 0.846689
vt 0.169681 0.860394
vt 0.081528 0.707453
vt 0.154252 0.728830
vt 0.129565 0.470253
vt 0.048448 0.487303
vt 0.663880 0.277913
vt 0.815155 0.330254
vt 0.656326 0.389193
vt 0.819926 0.236833
vt 0.893074 0.253024
vt 0.502711 0.289857
vt 0.903475 0.350711
vt 0.966020 0.269374
vt 0.991673 0.371542
vt 0.502711 0.402013
vt 0.349095 0.389193
vt 0.341542 0.277913
vt 0.190266 0.330254
vt 0.185495 0.236833
vt 0.112347 0.253024
vt 0.101947 0.350711
vt 0.039401 0.269374
vt 0.013749 0.371542
s 1
usemtl Head0041Mtl
f 960/876/862 961/877/863 962/878/864
f 967/879/865 961/877/863 960/876/862
f 961/877/863 967/879/865 968/880/866
f 960/876/862 966/881/867 967/879/865
f 968/880/866 969/882/868 961/877/863
f 969/882/868 968/880/866 973/883/869
f 969/882/868 962/878/864 961/877/863
f 969/882/868 972/884/870 962/878/864
f 970/885/871 962/878/864 972/884/870
f 962/878/864 970/885/871 963/886/872
f 962/878/864 963/886/872 960/876/862
f 971/887/873 963/886/872 970/885/871
f 963/886/872 971/887/873 965/888/874
f 963/886/872 964/889/875 960/876/862
f 964/889/875 963/886/872 965/888/874
f 966/881/867 960/876/862 964/889/875
f 971/887/873 974/890/876 965/888/874
f 974/890/876 964/889/875 965/888/874
f 974/890/876 971/887/873 980/891/877
f 975/892/878 966/881/867 964/889/875
f 964/889/875 974/890/876 975/892/878
f 966/881/867 975/892/878 978/893/879
f 980/891/877 976/894/880 974/890/876
f 976/894/880 975/892/878 974/890/876
f 976/894/880 980/891/877 981/895/881
f 982/896/882 976/894/880 981/895/881
f 975/892/878 976/894/880 977/897/883
f 977/897/883 978/893/879 975/892/878
f 982/896/882 977/897/883 976/894/880
f 978/893/879 977/897/883 979/898/884
f 982/896/882 979/898/884 977/897/883
f 979/898/884 982/896/882 983/899/885
f 990/900/886 991/901/887 992/902/888
f 990/900/886 992/902/888 1005/903/889
f 1005/903/889 992/902/888 1006/904/890
f 1004/905/891 1005/903/889 1006/904/890
f 1005/903/889 1004/905/891 1007/906/892
f 996/907/893 991/901/887 990/900/886
f 996/907/893 997/908/894 991/901/887
f 1005/903/889 1008/909/895 990/900/886
f 1008/909/895 996/907/893 990/900/886
f 1007/906/892 1014/910/896 1005/903/889
f 1008/909/895 1005/903/889 1014/910/896
f 1014/910/896 1007/906/892 1015/911/897
f 1015/911/897 1016/912/898 1014/910/896
f 1013/913/899 1014/910/896 1016/912/898
f 1014/910/896 1013/913/899 1008/909/895
f 1016/912/898 1017/914/900 1013/913/899
f 1008/909/895 1009/915/901 996/907/893
f 1009/915/901 1008/909/895 1013/913/899
f 1009/915/901 1010/916/902 996/907/893
f 1010/916/902 997/908/894 996/907/893
f 1009/915/901 1011/917/903 1010/916/902
f 1013/913/899 1012/918/904 1009/915/901
f 1011/917/903 1009/915/901 1012/918/904
f 1012/918/904 1013/913/899 1017/914/900
f 1038/919/905 1010/916/902 1011/917/903
f 1012/918/904 1038/919/905 1011/917/903
f 1021/920/906 997/908/894 1010/916/902
f 1010/916/902 1038/919/905 1021/920/906
f 997/908/894 1021/920/906 1022/921/907
f 1017/914/900 1040/922/908 1012/918/904
f 1012/918/904 1040/922/908 1038/919/905
f 1017/914/900 1041/923/909 1040/922/908
f 1026/924/910 1022/921/907 1021/920/906
f 1022/921/907 1026/924/910 1027/925/911
f 1039/926/912 1021/920/906 1038/919/905
f 1040/922/908 1039/926/912 1038/919/905
f 1021/920/906 1039/926/912 1026/924/910
f 1041/923/909 1042/927/913 1040/922/908
f 1040/922/908 1042/927/913 1039/926/912
f 1041/923/909 1043/928/914 1042/927/913
f 1037/929/915 1042/927/913 1043/928/914
f 1031/930/916 1027/925/911 1026/924/910
f 1039/926/912 1031/930/916 1026/924/910
f 1031/930/916 1039/926/912 1042/927/913
f 1042/927/913 1037/929/915 1031/930/916
f 1027/925/911 1031/930/916 1032/931/917
f 1033/932/918 1031/930/916 1037/929/915
f 1031/930/916 1033/932/918 1032/931/917
f 984/933/919 985/934/920 986/935/921
f 985/934/920 984/933/919 987/936/922
f 985/934/920 987/936/922 998/937/923
f 986/935/921 993/938/924 984/933/919
f 999/939/925 985/934/920 998/937/923
f 986/935/921 985/934/920 988/902/926
f 999/939/925 988/902/926 985/934/920
f 999/939/925 998/937/923 1000/940/927
f 1001/941/928 999/939/925 1000/940/927
f 999/939/925 1001/941/928 1002/905/929
f 1003/904/930 999/939/925 1002/905/929
f 988/902/926 999/939/925 1003/904/930
f 988/902/926 989/901/931 986/935/921
f 989/901/931 994/942/932 986/935/921
f 993/938/924 986/935/921 994/942/932
f 989/901/931 995/908/933 994/942/932
f 1018/921/934 994/942/932 995/908/933
f 1019/943/935 993/938/924 994/942/932
f 994/942/932 1018/921/934 1019/943/935
f 993/938/924 1019/943/935 1020/944/936
f 1023/925/937 1019/943/935 1018/921/934
f 1024/945/938 1020/944/936 1019/943/935
f 1019/943/935 1023/925/937 1024/945/938
f 1020/944/936 1024/945/938 1025/946/939
f 1024/945/938 1028/947/940 1025/946/939
f 1023/925/937 1029/948/941 1024/945/938
f 1029/948/941 1028/947/940 1024/945/938
f 1029/948/941 1023/925/937 1030/931/942
f 1029/948/941 1034/949/943 1028/947/940
f 1036/932/944 1029/948/941 1030/931/942
f 1035/950/945 1034/949/943 1029/948/941
f 1029/948/941 1036/932/944 1035/950/945
o Object_9
v 0.078079 0.933373 2.249168
v 0.077980 0.897833 2.173561
v 0.250679 0.907924 2.168663
v 0.250782 0.943464 2.244263
v 0.077980 0.897833 2.173561
v 0.073879 0.955323 2.146568
v 0.246578 0.965414 2.141663
v 0.250679 0.907924 2.168663
v 0.073879 0.955323 2.146568
v 0.073879 0.990863 2.222168
v 0.246578 1.000951 2.217262
v 0.246578 0.965414 2.141663
v 0.073879 0.990863 2.222168
v 0.078079 0.933373 2.249168
v 0.250782 0.943464 2.244263
v 0.246578 1.000951 2.217262
v 0.250782 0.943464 2.244263
v 0.250679 0.907924 2.168663
v 0.246578 0.965414 2.141663
v 0.246578 1.000951 2.217262
v 0.073879 0.990863 2.222168
v 0.073879 0.955323 2.146568
v 0.077980 0.897833 2.173561
v 0.078079 0.933373 2.249168
v 0.245880 2.021282 1.511162
v 0.244781 2.036772 1.503868
v 0.244980 2.101002 1.640564
v 0.246078 2.085502 1.647766
v 0.244781 2.036772 1.503868
v 0.173882 2.032632 1.505867
v 0.174080 2.096862 1.642563
v 0.244980 2.101002 1.640564
v 0.173882 2.032632 1.505867
v 0.174980 2.017132 1.513168
v 0.175179 2.081362 1.649864
v 0.174080 2.096862 1.642563
v 0.174980 2.017132 1.513168
v 0.245880 2.021282 1.511162
v 0.246078 2.085502 1.647766
v 0.175179 2.081362 1.649864
v 0.246078 2.085502 1.647766
v 0.244980 2.101002 1.640564
v 0.174080 2.096862 1.642563
v 0.175179 2.081362 1.649864
v 0.174980 2.017132 1.513168
v 0.173882 2.032632 1.505867
v 0.244781 2.036772 1.503868
v 0.245880 2.021282 1.511162
v 0.256680 2.090732 1.611862
v 0.164581 2.085352 1.614563
v 0.165379 2.073162 1.620262
v 0.257580 2.078552 1.617668
v 0.257580 2.078552 1.617668
v 0.165379 2.073162 1.620262
v 0.165878 2.063282 1.615067
v 0.257980 2.068672 1.612465
v 0.257980 2.068672 1.612465
v 0.165878 2.063282 1.615067
v 0.165379 2.065592 1.604164
v 0.257580 2.070972 1.601562
v 0.257580 2.070972 1.601562
v 0.165379 2.065592 1.604164
v 0.164478 2.077772 1.598366
v 0.256680 2.083162 1.595764
v 0.256680 2.083162 1.595764
v 0.164478 2.077772 1.598366
v 0.164082 2.087652 1.603561
v 0.256279 2.093042 1.600967
v 0.256279 2.093042 1.600967
v 0.164082 2.087652 1.603561
v 0.164581 2.085352 1.614563
v 0.256680 2.090732 1.611862
v 0.257580 2.078552 1.617668
v 0.257179 2.080852 1.606667
v 0.256680 2.090732 1.611862
v 0.257980 2.068672 1.612465
v 0.257580 2.070972 1.601562
v 0.256680 2.083162 1.595764
v 0.256279 2.093042 1.600967
v 0.164581 2.085352 1.614563
v 0.164982 2.075472 1.609367
v 0.165379 2.073162 1.620262
v 0.165878 2.063282 1.615067
v 0.165379 2.065592 1.604164
v 0.164478 2.077772 1.598366
v 0.164478 2.077772 1.598366
v 0.164082 2.087652 1.603561
v 0.164082 2.087652 1.603561
v 0.256779 2.108782 1.650261
v 0.164581 2.103402 1.652962
v 0.165482 2.091212 1.658669
v 0.257679 2.096602 1.656067
v 0.257679 2.096602 1.656067
v 0.165482 2.091212 1.658669
v 0.165878 2.081332 1.653465
v 0.258080 2.086722 1.650864
v 0.258080 2.086722 1.650864
v 0.165878 2.081332 1.653465
v 0.165482 2.083632 1.642563
v 0.257580 2.089022 1.639961
v 0.257580 2.089022 1.639961
v 0.165482 2.083632 1.642563
v 0.164581 2.095822 1.636765
v 0.256779 2.101212 1.634163
v 0.256779 2.101212 1.634163
v 0.164581 2.095822 1.636765
v 0.164181 2.105702 1.641968
v 0.256279 2.111092 1.639366
v 0.256279 2.111092 1.639366
v 0.164181 2.105702 1.641968
v 0.164581 2.103402 1.652962
v 0.256779 2.108782 1.650261
v 0.257679 2.096602 1.656067
v 0.257179 2.098902 1.645065
v 0.256779 2.108782 1.650261
v 0.258080 2.086722 1.650864
v 0.257580 2.089022 1.639961
v 0.256779 2.101212 1.634163
v 0.256279 2.111092 1.639366
v 0.164581 2.103402 1.652962
v 0.164982 2.093522 1.647766
v 0.165482 2.091212 1.658669
v 0.165878 2.081332 1.653465
v 0.165482 2.083632 1.642563
v 0.164581 2.095822 1.636765
v 0.164181 2.105702 1.641968
v 0.094681 2.051532 1.638367
v 0.093578 2.067032 1.631065
v 0.267078 2.077162 1.626167
v 0.268181 2.061672 1.633461
v 0.093578 2.067032 1.631065
v 0.093681 2.094622 1.689766
v 0.267078 2.104752 1.684868
v 0.267078 2.077162 1.626167
v 0.093681 2.094622 1.689766
v 0.094780 2.079122 1.697067
v 0.268181 2.089262 1.692162
v 0.267078 2.104752 1.684868
v 0.094780 2.079122 1.697067
v 0.094681 2.051532 1.638367
v 0.268181 2.061672 1.633461
v 0.268181 2.089262 1.692162
v 0.268181 2.061672 1.633461
v 0.267078 2.077162 1.626167
v 0.267078 2.104752 1.684868
v 0.268181 2.089262 1.692162
v 0.094780 2.079122 1.697067
v 0.093681 2.094622 1.689766
v 0.093578 2.067032 1.631065
v 0.094681 2.051532 1.638367
v 1.212082 2.077732 1.483665
v 1.212280 2.141962 1.620262
v 1.211182 2.157452 1.613068
v 1.210979 2.093222 1.476364
v 1.210979 2.093222 1.476364
v 1.211182 2.157452 1.613068
v 1.282082 2.161592 1.610962
v 1.281879 2.097362 1.474365
v 1.281879 2.097362 1.474365
v 1.282082 2.161592 1.610962
v 1.283180 2.146102 1.618263
v 1.282982 2.081872 1.481667
v 1.282982 2.081872 1.481667
v 1.283180 2.146102 1.618263
v 1.212280 2.141962 1.620262
v 1.212082 2.077732 1.483665
v 1.212280 2.141962 1.620262
v 1.283180 2.146102 1.618263
v 1.282082 2.161592 1.610962
v 1.211182 2.157452 1.613068
v 1.282982 2.081872 1.481667
v 1.212082 2.077732 1.483665
v 1.210979 2.093222 1.476364
v 1.281879 2.097362 1.474365
v 1.199081 2.145792 1.585068
v 1.199879 2.133602 1.590767
v 1.292080 2.138992 1.588165
v 1.291180 2.151182 1.582466
v 1.199879 2.133602 1.590767
v 1.200378 2.123722 1.585663
v 1.292480 2.129112 1.582962
v 1.292080 2.138992 1.588165
v 1.200378 2.123722 1.585663
v 1.199879 2.126032 1.574661
v 1.292080 2.131422 1.572067
v 1.292480 2.129112 1.582962
v 1.199879 2.126032 1.574661
v 1.198978 2.138212 1.568962
v 1.291180 2.143602 1.566368
v 1.292080 2.131422 1.572067
v 1.198978 2.138212 1.568962
v 1.198582 2.148102 1.574165
v 1.290779 2.153482 1.571564
v 1.291180 2.143602 1.566368
v 1.198582 2.148102 1.574165
v 1.199081 2.145792 1.585068
v 1.291180 2.151182 1.582466
v 1.290779 2.153482 1.571564
v 1.199879 2.133602 1.590767
v 1.199081 2.145792 1.585068
v 1.199482 2.135912 1.579865
v 1.200378 2.123722 1.585663
v 1.199879 2.126032 1.574661
v 1.198978 2.138212 1.568962
v 1.198582 2.148102 1.574165
v 1.291180 2.151182 1.582466
v 1.292080 2.138992 1.588165
v 1.291679 2.141302 1.577263
v 1.292480 2.129112 1.582962
v 1.292080 2.131422 1.572067
v 1.291180 2.143602 1.566368
v 1.290779 2.153482 1.571564
v 1.199081 2.163842 1.623466
v 1.199982 2.151652 1.629166
v 1.292179 2.157042 1.626564
v 1.291279 2.169232 1.620865
v 1.199982 2.151652 1.629166
v 1.200378 2.141772 1.624062
v 1.292580 2.147162 1.621368
v 1.292179 2.157042 1.626564
v 1.200378 2.141772 1.624062
v 1.199982 2.144082 1.613068
v 1.292080 2.149462 1.610466
v 1.292580 2.147162 1.621368
v 1.199982 2.144082 1.613068
v 1.199081 2.156262 1.607368
v 1.291279 2.161652 1.604767
v 1.292080 2.149462 1.610466
v 1.199081 2.156262 1.607368
v 1.198681 2.166142 1.612564
v 1.290779 2.171532 1.609962
v 1.291279 2.161652 1.604767
v 1.198681 2.166142 1.612564
v 1.199081 2.163842 1.623466
v 1.291279 2.169232 1.620865
v 1.290779 2.171532 1.609962
v 1.199982 2.151652 1.629166
v 1.199081 2.163842 1.623466
v 1.199482 2.153962 1.618263
v 1.200378 2.141772 1.624062
v 1.199982 2.151652 1.629166
v 1.199482 2.153962 1.618263
v 1.199982 2.144082 1.613068
v 1.199081 2.156262 1.607368
v 1.198681 2.166142 1.612564
v 1.199081 2.163842 1.623466
v 1.291279 2.169232 1.620865
v 1.292179 2.157042 1.626564
v 1.291679 2.159342 1.615662
v 1.292580 2.147162 1.621368
v 1.292080 2.149462 1.610466
v 1.291279 2.161652 1.604767
v 1.290779 2.171532 1.609962
v 1.365780 2.125792 1.602165
v 1.192280 2.115662 1.607063
v 1.191181 2.131162 1.599861
v 1.364681 2.141292 1.594864
v 1.364681 2.141292 1.594864
v 1.191181 2.131162 1.599861
v 1.191280 2.158752 1.658562
v 1.364681 2.168882 1.653564
v 1.364681 2.168882 1.653564
v 1.191280 2.158752 1.658562
v 1.192379 2.143252 1.665863
v 1.365780 2.153392 1.660866
v 1.365780 2.153392 1.660866
v 1.192379 2.143252 1.665863
v 1.192280 2.115662 1.607063
v 1.365780 2.125792 1.602165
v 1.192280 2.115662 1.607063
v 1.192379 2.143252 1.665863
v 1.191280 2.158752 1.658562
v 1.191181 2.131162 1.599861
v 1.365780 2.153392 1.660866
v 1.365780 2.125792 1.602165
v 1.364681 2.141292 1.594864
v 1.364681 2.168882 1.653564
v 1.725780 2.188362 1.668564
v -0.265820 2.072002 1.725266
v -0.184422 0.938851 2.257767
v 1.807178 1.055211 2.201065
v 1.807178 1.055211 2.201065
v 1.807079 1.012151 2.109467
v 1.725681 2.145302 1.576965
v 1.725780 2.188362 1.668564
v 1.807178 1.055211 2.201065
v -0.184422 0.938851 2.257767
v -0.184521 0.895788 2.166168
v 1.807079 1.012151 2.109467
v -0.265919 2.028942 1.633667
v -0.184521 0.895788 2.166168
v -0.184422 0.938851 2.257767
v -0.265820 2.072002 1.725266
v 1.725681 2.145302 1.576965
v -0.265919 2.028942 1.633667
v -0.265820 2.072002 1.725266
v 1.725780 2.188362 1.668564
v 1.807079 1.012151 2.109467
v 1.778381 1.022861 2.095764
v 1.699280 2.124652 1.577965
v 1.725681 2.145302 1.576965
v 1.807079 1.012151 2.109467
v -0.184521 0.895788 2.166168
v -0.158119 0.909714 2.150864
v 1.778381 1.022861 2.095764
v -0.237221 2.011502 1.633064
v -0.158119 0.909714 2.150864
v -0.184521 0.895788 2.166168
v -0.265919 2.028942 1.633667
v 1.699280 2.124652 1.577965
v -0.237221 2.011502 1.633064
v -0.265919 2.028942 1.633667
v 1.725681 2.145302 1.576965
v 1.699280 2.124652 1.577965
v 1.778381 1.022861 2.095764
v 1.711182 1.055811 2.080261
v 1.637280 2.084152 1.597061
v 1.778381 1.022861 2.095764
v -0.158119 0.909714 2.150864
v -0.096218 0.950209 2.131767
v 1.711182 1.055811 2.080261
v -0.237221 2.011502 1.633064
v -0.170021 1.978552 1.648468
v -0.237221 2.011502 1.633064
v -0.170021 1.978552 1.648468
v 1.637280 2.084152 1.597061
v 1.711182 1.055811 2.080261
v 1.711281 1.096661 2.167267
v 1.637379 2.125002 1.683968
v 1.711182 1.055811 2.080261
v -0.096218 0.950209 2.131767
v -0.096119 0.991064 2.218666
v 1.711281 1.096661 2.167267
v -0.096218 0.950209 2.131767
v -0.170021 1.978552 1.648468
v -0.169918 2.019402 1.735367
v -0.096119 0.991064 2.218666
v -0.170021 1.978552 1.648468
v 1.637280 2.084152 1.597061
v 1.637379 2.125002 1.683968
v -0.169918 2.019402 1.735367
v 1.637379 2.125002 1.683968
v 1.711281 1.096661 2.167267
v -0.096119 0.991064 2.218666
v -0.169918 2.019402 1.735367
v 1.546982 1.019201 2.207367
v 1.374279 1.009111 2.212265
v 1.374180 0.973570 2.136665
v 1.546982 0.983662 2.131767
v 1.546982 0.983662 2.131767
v 1.374180 0.973570 2.136665
v 1.370079 1.031061 2.109665
v 1.542782 1.041151 2.104767
v 1.542782 1.041151 2.104767
v 1.370079 1.031061 2.109665
v 1.370178 1.066601 2.185265
v 1.542881 1.076691 2.180367
v 1.542881 1.076691 2.180367
v 1.370178 1.066601 2.185265
v 1.374279 1.009111 2.212265
v 1.546982 1.019201 2.207367
v 1.374279 1.009111 2.212265
v 1.370178 1.066601 2.185265
v 1.370079 1.031061 2.109665
v 1.374180 0.973570 2.136665
v 1.542881 1.076691 2.180367
v 1.546982 1.019201 2.207367
v 1.546982 0.983662 2.131767
v 1.542782 1.041151 2.104767
v 0.077282 0.841940 2.036469
v 0.076180 0.861890 2.036263
v 0.248878 0.871982 2.031364
v 0.250080 0.852031 2.031464
v 0.076180 0.861890 2.036263
v 0.076279 0.920647 2.161263
v 0.248981 0.930738 2.156364
v 0.248878 0.871982 2.031364
v 0.076279 0.920647 2.161263
v 0.077480 0.900697 2.161469
v 0.250179 0.910788 2.156464
v 0.248981 0.930738 2.156364
v 0.077480 0.900697 2.161469
v 0.077282 0.841940 2.036469
v 0.250080 0.852031 2.031464
v 0.250179 0.910788 2.156464
v 0.250080 0.852031 2.031464
v 0.248878 0.871982 2.031364
v 0.248981 0.930738 2.156364
v 0.250179 0.910788 2.156464
v 0.077480 0.900697 2.161469
v 0.076279 0.920647 2.161263
v 0.076180 0.861890 2.036263
v 0.077282 0.841940 2.036469
v 1.019581 2.099992 1.506561
v 1.000782 2.306422 1.431267
v 0.972580 2.303082 1.427666
v 1.000679 2.098092 1.505363
v 0.976582 2.433642 1.363663
v 0.978981 2.435172 1.354462
v 0.928082 2.438792 1.352867
v 0.926979 2.437022 1.362167
v 1.061680 2.099872 1.499863
v 1.063381 2.304102 1.415268
v 1.058781 2.305882 1.422562
v 1.058578 2.100912 1.502563
v 0.702980 2.428172 1.358063
v 0.703281 2.426412 1.367363
v 0.981579 2.350422 1.412163
v 0.951481 2.364502 1.405563
v 0.930981 2.363542 1.406067
v 0.937679 2.344672 1.410667
v 1.060780 2.340052 1.399063
v 1.056080 2.363282 1.388168
v 1.051682 2.363872 1.396362
v 1.056278 2.341032 1.407166
v 0.708981 2.350572 1.412361
v 0.710178 2.331492 1.415863
v 0.963680 2.299112 1.417664
v 0.994781 2.095962 1.501762
v 1.000679 2.098092 1.505363
v 0.972580 2.303082 1.427666
v 0.933781 2.332632 1.402763
v 0.937679 2.344672 1.410667
v 0.710178 2.331492 1.415863
v 0.710682 2.319602 1.409065
v 0.978981 2.435172 1.354462
v 0.980282 2.430742 1.338066
v 0.928581 2.434502 1.336365
v 0.928082 2.438792 1.352867
v 1.063381 2.334222 1.383362
v 1.058578 2.357672 1.372368
v 1.056080 2.363282 1.388168
v 1.060780 2.340052 1.399063
v 1.063480 2.097302 1.494064
v 1.065880 2.298032 1.400368
v 1.063381 2.304102 1.415268
v 1.061680 2.099872 1.499863
v 0.963680 2.299112 1.417664
v 0.964779 2.292982 1.402863
v 0.995480 2.093332 1.496063
v 0.994781 2.095962 1.501762
v 0.934380 2.326692 1.387062
v 0.933781 2.332632 1.402763
v 0.710682 2.319602 1.409065
v 0.710579 2.313612 1.393364
v 0.702679 2.423862 1.341568
v 0.702980 2.428172 1.358063
v 0.994381 2.324672 1.424263
v 0.961380 2.323472 1.419365
v 1.062080 2.323112 1.407066
v 1.057480 2.324532 1.414864
v 1.064579 2.317032 1.391464
v 1.062080 2.323112 1.407066
v 0.953579 2.317172 1.409966
v 0.954578 2.311012 1.394363
v 0.953579 2.317172 1.409966
v 0.961380 2.323472 1.419365
v 0.933781 2.332632 1.402763
v 0.934380 2.326692 1.387062
v 0.937679 2.344672 1.410667
v 0.933781 2.332632 1.402763
v 0.976582 2.433642 1.363663
v 0.926979 2.437022 1.362167
v 0.928581 2.411852 1.378967
v 0.976280 2.414942 1.377464
v 1.032082 2.402932 1.369568
v 1.020382 2.415922 1.363464
v 1.016880 2.414902 1.372467
v 1.028278 2.402252 1.378365
v 1.034180 2.398022 1.353462
v 1.022282 2.411212 1.347267
v 1.020382 2.415922 1.363464
v 1.032082 2.402932 1.369568
v 0.703281 2.426412 1.367363
v 0.705280 2.400242 1.384666
v 1.056278 2.341032 1.407166
v 1.051682 2.363872 1.396362
v 1.057480 2.324532 1.414864
v 1.058781 2.305882 1.422562
v 1.058578 2.100912 1.502563
v 1.028278 2.402252 1.378365
v 1.016880 2.414902 1.372467
v 0.929779 2.387602 1.394768
v 0.707279 2.374602 1.401062
v 0.961182 2.386982 1.394966
v 1.044281 2.384592 1.386665
v 1.048481 2.384792 1.378067
v 1.044281 2.384592 1.386665
v 1.050781 2.379622 1.362068
v 1.048481 2.384792 1.378067
v 1.019581 2.089492 1.484161
v 1.000679 2.089172 1.486366
v 0.972481 2.280332 1.379265
v 1.000679 2.279622 1.374268
v 0.976582 2.412882 1.319565
v 0.926979 2.416272 1.317963
v 0.927979 2.424572 1.322563
v 0.978981 2.420952 1.324265
v 1.061680 2.094532 1.488464
v 1.058578 2.093112 1.485962
v 1.058781 2.285972 1.380165
v 1.063381 2.290462 1.386261
v 0.702881 2.413952 1.327766
v 0.703281 2.405652 1.323166
v 0.981579 2.322472 1.352661
v 0.937580 2.319982 1.358162
v 0.930981 2.335582 1.346565
v 0.951382 2.336542 1.346062
v 1.060780 2.325832 1.368866
v 1.056278 2.320272 1.362968
v 1.051682 2.343112 1.352264
v 1.056080 2.349062 1.357964
v 0.710178 2.307772 1.365364
v 0.708981 2.322612 1.352867
v 0.963581 2.285472 1.388664
v 0.972481 2.280332 1.379265
v 1.000679 2.089172 1.486366
v 0.994781 2.090612 1.490364
v 0.933681 2.318412 1.372467
v 0.710682 2.305382 1.378761
v 0.710178 2.307772 1.365364
v 0.937580 2.319982 1.358162
v 0.978981 2.420952 1.324265
v 0.927979 2.424572 1.322563
v 1.060780 2.325832 1.368866
v 1.056080 2.349062 1.357964
v 1.061680 2.094532 1.488464
v 1.063381 2.290462 1.386261
v 0.963581 2.285472 1.388664
v 0.994781 2.090612 1.490364
v 0.710682 2.305382 1.378761
v 0.933681 2.318412 1.372467
v 0.702881 2.413952 1.327766
v 0.961380 2.299752 1.368866
v 0.994282 2.296722 1.364761
v 1.057480 2.303772 1.370766
v 1.061981 2.308882 1.376762
v 1.061981 2.308882 1.376762
v 0.953579 2.302952 1.379662
v 0.953579 2.302952 1.379662
v 0.961380 2.299752 1.368866
v 0.933681 2.318412 1.372467
v 0.937580 2.319982 1.358162
v 0.933681 2.318412 1.372467
v 0.976582 2.412882 1.319565
v 0.976280 2.390342 1.325165
v 0.928478 2.387252 1.326668
v 0.926979 2.416272 1.317963
v 1.032082 2.388712 1.339363
v 1.028278 2.381492 1.334267
v 1.016880 2.394142 1.328262
v 1.020382 2.401702 1.333267
v 1.032082 2.388712 1.339363
v 1.020382 2.401702 1.333267
v 0.705280 2.375642 1.332268
v 0.703281 2.405652 1.323166
v 1.056278 2.320272 1.362968
v 1.051682 2.343112 1.352264
v 1.057480 2.303772 1.370766
v 1.058781 2.285972 1.380165
v 1.058578 2.093112 1.485962
v 1.028278 2.381492 1.334267
v 1.016880 2.394142 1.328262
v 0.707180 2.346642 1.341568
v 0.929779 2.359642 1.335266
v 0.961182 2.359032 1.335464
v 1.044182 2.363832 1.342468
v 1.044182 2.363832 1.342468
v 1.048382 2.370572 1.347862
v 1.048382 2.370572 1.347862
v 0.435482 2.065862 1.523163
v 0.454479 2.066172 1.520866
v 0.454079 2.272792 1.442368
v 0.425980 2.272842 1.447662
v 0.431179 2.401772 1.379265
v 0.479881 2.410902 1.374863
v 0.478180 2.412512 1.365662
v 0.428181 2.402992 1.370163
v 0.393379 2.060822 1.518867
v 0.396580 2.062232 1.521362
v 0.367981 2.265512 1.442268
v 0.363178 2.263192 1.435165
v 0.702980 2.428172 1.358063
v 0.703281 2.426412 1.367363
v 0.438679 2.318702 1.427567
v 0.482880 2.318102 1.423561
v 0.486980 2.337602 1.418663
v 0.466579 2.336172 1.419365
v 0.360680 2.299142 1.419067
v 0.365479 2.300672 1.426765
v 0.366779 2.323852 1.415863
v 0.361980 2.322722 1.407967
v 0.462780 2.269852 1.431961
v 0.454079 2.272792 1.442368
v 0.454479 2.066172 1.520866
v 0.460381 2.064732 1.516968
v 0.487679 2.306572 1.415466
v 0.710178 2.331492 1.415863
v 0.482880 2.318102 1.423561
v 0.428181 2.402992 1.370163
v 0.478180 2.412512 1.365662
v 0.477180 2.408122 1.349266
v 0.426479 2.398382 1.353867
v 0.357880 2.293012 1.403465
v 0.360680 2.299142 1.419067
v 0.361980 2.322722 1.407967
v 0.359280 2.316812 1.392265
v 0.391682 2.058052 1.513268
v 0.393379 2.060822 1.518867
v 0.363178 2.263192 1.435165
v 0.360481 2.256822 1.420464
v 0.462780 2.269852 1.431961
v 0.460381 2.064732 1.516968
v 0.459579 2.062022 1.511261
v 0.461578 2.263582 1.417168
v 0.486881 2.300542 1.399765
v 0.487679 2.306572 1.415466
v 0.702980 2.428172 1.358063
v 0.702679 2.423862 1.341568
v 0.462280 2.294312 1.433563
v 0.429779 2.291682 1.440262
v 0.366680 2.284162 1.434563
v 0.361881 2.282202 1.426964
v 0.361881 2.282202 1.426964
v 0.359180 2.275812 1.411568
v 0.470181 2.288932 1.423767
v 0.469082 2.282642 1.408165
v 0.470181 2.288932 1.423767
v 0.462280 2.294312 1.433563
v 0.487679 2.306572 1.415466
v 0.486881 2.300542 1.399765
v 0.482880 2.318102 1.423561
v 0.487679 2.306572 1.415466
v 0.431179 2.401772 1.379265
v 0.434479 2.383292 1.392868
v 0.482281 2.385782 1.391663
v 0.479881 2.410902 1.374863
v 0.380180 2.364842 1.388168
v 0.384480 2.364632 1.396767
v 0.393982 2.378502 1.390167
v 0.389881 2.379082 1.381462
v 0.377682 2.359672 1.372063
v 0.380180 2.364842 1.388168
v 0.389881 2.379082 1.381462
v 0.387581 2.374122 1.365265
v 0.703281 2.426412 1.367363
v 0.365479 2.300672 1.426765
v 0.366779 2.323852 1.415863
v 0.366680 2.284162 1.434563
v 0.367981 2.265512 1.442268
v 0.396580 2.062232 1.521362
v 0.384480 2.364632 1.396767
v 0.393982 2.378502 1.390167
v 0.707279 2.374602 1.401062
v 0.484779 2.361592 1.407364
v 0.453682 2.357332 1.409462
v 0.371181 2.345262 1.405869
v 0.371181 2.345262 1.405869
v 0.366482 2.344952 1.397461
v 0.366482 2.344952 1.397461
v 0.363880 2.339492 1.381561
v 0.435482 2.055362 1.500763
v 0.425880 2.246032 1.390663
v 0.454079 2.250042 1.393967
v 0.454380 2.057262 1.501968
v 0.431179 2.381012 1.335068
v 0.428181 2.388762 1.339867
v 0.478180 2.398292 1.335365
v 0.479881 2.390142 1.330666
v 0.393379 2.055482 1.507462
v 0.363178 2.249552 1.406166
v 0.367882 2.245612 1.399864
v 0.396481 2.054432 1.504768
v 0.702881 2.413952 1.327766
v 0.703281 2.405652 1.323166
v 0.438679 2.290752 1.368164
v 0.466579 2.308222 1.359863
v 0.486980 2.309642 1.359161
v 0.482780 2.293412 1.371063
v 0.360580 2.284922 1.388763
v 0.361980 2.308502 1.377663
v 0.366680 2.303092 1.371765
v 0.365379 2.279912 1.382668
v 0.708981 2.322612 1.352867
v 0.710178 2.307772 1.365364
v 0.462780 2.256212 1.402962
v 0.460381 2.059392 1.505562
v 0.454380 2.057262 1.501968
v 0.454079 2.250042 1.393967
v 0.487679 2.292342 1.385162
v 0.482780 2.293412 1.371063
v 0.428181 2.388762 1.339867
v 0.478180 2.398292 1.335365
v 0.361980 2.308502 1.377663
v 0.360580 2.284922 1.388763
v 0.363178 2.249552 1.406166
v 0.393379 2.055482 1.507462
v 0.462780 2.256212 1.402962
v 0.460381 2.059392 1.505562
v 0.487679 2.292342 1.385162
v 0.702881 2.413952 1.327766
v 0.429680 2.263732 1.380867
v 0.462181 2.270592 1.383064
v 0.361778 2.267972 1.396767
v 0.366581 2.263402 1.390366
v 0.361778 2.267972 1.396767
v 0.470181 2.274702 1.393463
v 0.470181 2.274702 1.393463
v 0.462181 2.270592 1.383064
v 0.487679 2.292342 1.385162
v 0.482780 2.293412 1.371063
v 0.487679 2.292342 1.385162
v 0.431179 2.381012 1.335068
v 0.479881 2.390142 1.330666
v 0.482281 2.361172 1.339363
v 0.434479 2.358682 1.340569
v 0.380081 2.350622 1.357864
v 0.389881 2.364862 1.351166
v 0.393879 2.357742 1.346062
v 0.384380 2.343872 1.352562
v 0.389881 2.364862 1.351166
v 0.380081 2.350622 1.357864
v 0.365379 2.279912 1.382668
v 0.366680 2.303092 1.371765
v 0.366581 2.263402 1.390366
v 0.367882 2.245612 1.399864
v 0.396481 2.054432 1.504768
v 0.384380 2.343872 1.352562
v 0.393879 2.357742 1.346062
v 0.484680 2.333642 1.347961
v 0.453682 2.329372 1.349968
v 0.371181 2.324502 1.361664
v 0.366482 2.330732 1.367264
v 0.371181 2.324502 1.361664
v 0.366482 2.330732 1.367264
v 1.806480 0.917477 1.894165
v -0.185120 0.801114 1.950867
v -0.266521 1.934262 1.418365
v 1.725079 2.050622 1.361664
v 1.725079 2.050622 1.361664
v -0.266521 1.934262 1.418365
v -0.266418 1.957612 1.468063
v 1.725182 2.073972 1.411362
v 1.806480 0.940822 1.943863
v -0.185120 0.824460 2.000565
v -0.185120 0.801114 1.950867
v 1.806480 0.917477 1.894165
v -0.185120 0.801114 1.950867
v -0.185120 0.824460 2.000565
v -0.266418 1.957612 1.468063
v -0.266521 1.934262 1.418365
v 1.806480 0.940822 1.943863
v 1.806480 0.917477 1.894165
v 1.725079 2.050622 1.361664
v 1.725182 2.073972 1.411362
v 1.777981 1.028431 2.093765
v 1.806679 1.009471 2.089966
v 1.725281 2.142622 1.557365
v 1.698879 2.130222 1.575966
v 1.777981 1.028431 2.093765
v -0.158520 0.915289 2.148865
v -0.184921 0.893107 2.146568
v 1.806679 1.009471 2.089966
v -0.266319 2.026252 1.614067
v -0.184921 0.893107 2.146568
v -0.158520 0.915289 2.148865
v -0.237621 2.017082 1.631065
v 1.725281 2.142622 1.557365
v -0.266319 2.026252 1.614067
v -0.237621 2.017082 1.631065
v 1.698879 2.130222 1.575966
v 1.801579 0.945269 1.947166
v 1.806480 0.940822 1.943863
v 1.725182 2.073972 1.411362
v 1.720680 2.073092 1.417068
v 1.801579 0.945269 1.947166
v -0.180618 0.829455 2.003563
v -0.185120 0.824460 2.000565
v 1.806480 0.940822 1.943863
v -0.266418 1.957612 1.468063
v -0.185120 0.824460 2.000565
v -0.180618 0.829455 2.003563
v -0.261520 1.957272 1.473564
v 1.725182 2.073972 1.411362
v -0.266418 1.957612 1.468063
v -0.261520 1.957272 1.473564
v 1.720680 2.073092 1.417068
v 1.806480 0.944932 1.952568
v 1.801579 0.945269 1.947166
v 1.720680 2.073092 1.417068
v 1.725182 2.078082 1.420067
v 1.806480 0.944932 1.952568
v -0.185020 0.828570 2.009262
v -0.180618 0.829455 2.003563
v 1.801579 0.945269 1.947166
v -0.261520 1.957272 1.473564
v -0.180618 0.829455 2.003563
v -0.185020 0.828570 2.009262
v -0.266418 1.961722 1.476768
v 1.720680 2.073092 1.417068
v -0.261520 1.957272 1.473564
v -0.266418 1.961722 1.476768
v 1.725182 2.078082 1.420067
v 1.806679 1.009471 2.089966
v 1.806480 0.944932 1.952568
v 1.725182 2.078082 1.420067
v 1.725281 2.142622 1.557365
v 1.806679 1.009471 2.089966
v -0.184921 0.893107 2.146568
v -0.185020 0.828570 2.009262
v 1.806480 0.944932 1.952568
v -0.266418 1.961722 1.476768
v -0.185020 0.828570 2.009262
v -0.184921 0.893107 2.146568
v -0.266319 2.026252 1.614067
v 1.725182 2.078082 1.420067
v -0.266418 1.961722 1.476768
v -0.266319 2.026252 1.614067
v 1.725281 2.142622 1.557365
v 1.777981 1.028431 2.093765
v 1.698879 2.130222 1.575966
v 1.636982 2.089722 1.595062
v 1.710781 1.061381 2.078362
v -0.158520 0.915289 2.148865
v -0.096519 0.955784 2.129768
v -0.237621 2.017082 1.631065
v -0.170422 1.984122 1.646461
v 1.710781 1.061381 2.078362
v 1.636982 2.089722 1.595062
v 1.636780 2.004992 1.414764
v 1.710579 0.976654 1.898064
v -0.096519 0.955784 2.129768
v 1.710781 1.061381 2.078362
v 1.710579 0.976654 1.898064
v -0.096722 0.871055 1.949463
v -0.170422 1.984122 1.646461
v -0.096519 0.955784 2.129768
v -0.096722 0.871055 1.949463
v -0.170620 1.899392 1.466263
v 1.636982 2.089722 1.595062
v -0.170422 1.984122 1.646461
v -0.170620 1.899392 1.466263
v 1.636780 2.004992 1.414764
v 1.710579 0.976654 1.898064
v 1.636780 2.004992 1.414764
v -0.170620 1.899392 1.466263
v -0.096722 0.871055 1.949463
v 1.498680 2.100942 1.480362
v 1.498779 2.125252 1.532066
v 1.497379 2.144592 1.522964
v 1.497280 2.120282 1.471268
v 1.497280 2.120282 1.471268
v 1.497379 2.144592 1.522964
v 1.570480 2.148862 1.520966
v 1.570381 2.124552 1.469162
v 1.570381 2.124552 1.469162
v 1.570480 2.148862 1.520966
v 1.571781 2.129522 1.529968
v 1.571781 2.105212 1.478264
v 1.571781 2.105212 1.478264
v 1.571781 2.129522 1.529968
v 1.498779 2.125252 1.532066
v 1.498680 2.100942 1.480362
v 1.498779 2.125252 1.532066
v 1.571781 2.129522 1.529968
v 1.570480 2.148862 1.520966
v 1.497379 2.144592 1.522964
v 1.571781 2.105212 1.478264
v 1.498680 2.100942 1.480362
v 1.497280 2.120282 1.471268
v 1.570381 2.124552 1.469162
v -0.041119 2.010972 1.524162
v -0.042519 2.030312 1.515068
v -0.042519 2.054622 1.566864
v -0.041119 2.035282 1.575966
v -0.042519 2.030312 1.515068
v -0.115620 2.026042 1.517166
v -0.115520 2.050352 1.568962
v -0.042519 2.054622 1.566864
v -0.115620 2.026042 1.517166
v -0.114220 2.006702 1.526268
v -0.114120 2.031012 1.577965
v -0.115520 2.050352 1.568962
v -0.114220 2.006702 1.526268
v -0.041119 2.010972 1.524162
v -0.041119 2.035282 1.575966
v -0.114120 2.031012 1.577965
v -0.041119 2.035282 1.575966
v -0.042519 2.054622 1.566864
v -0.115520 2.050352 1.568962
v -0.114120 2.031012 1.577965
v -0.114220 2.006702 1.526268
v -0.115620 2.026042 1.517166
v -0.042519 2.030312 1.515068
v -0.041119 2.010972 1.524162
v 0.010780 2.041952 1.560562
v -0.019421 2.040192 1.561462
v -0.017921 2.019812 1.570961
v 0.012280 2.021582 1.570168
v 0.012280 2.021582 1.570168
v -0.017921 2.019812 1.570961
v -0.017220 2.003292 1.562363
v 0.012981 2.005062 1.561462
v 0.012981 2.005062 1.561462
v -0.017220 2.003292 1.562363
v -0.017921 2.007152 1.544067
v 0.012180 2.008912 1.543167
v 0.012180 2.008912 1.543167
v -0.017921 2.007152 1.544067
v -0.019421 2.027522 1.534462
v 0.010780 2.029292 1.533669
v 0.010780 2.029292 1.533669
v -0.019421 2.027522 1.534462
v -0.020119 2.044042 1.543167
v 0.009979 2.045802 1.542366
v 0.009979 2.045802 1.542366
v -0.020119 2.044042 1.543167
v -0.019421 2.040192 1.561462
v 0.010780 2.041952 1.560562
v 0.012280 2.021582 1.570168
v 0.011478 2.025432 1.551865
v 0.010780 2.041952 1.560562
v 0.012981 2.005062 1.561462
v 0.012180 2.008912 1.543167
v 0.010780 2.029292 1.533669
v 0.009979 2.045802 1.542366
v -0.019421 2.040192 1.561462
v -0.018620 2.023672 1.552765
v -0.017921 2.019812 1.570961
v -0.017220 2.003292 1.562363
v -0.017921 2.007152 1.544067
v -0.019421 2.027522 1.534462
v -0.020119 2.044042 1.543167
v 0.053280 2.044432 1.559364
v 0.023079 2.042672 1.560265
v 0.024582 2.022302 1.569763
v 0.054779 2.024062 1.568962
v 0.054779 2.024062 1.568962
v 0.024582 2.022302 1.569763
v 0.025280 2.005782 1.561165
v 0.055481 2.007542 1.560265
v 0.055481 2.007542 1.560265
v 0.025280 2.005782 1.561165
v 0.024582 2.009632 1.542862
v 0.054680 2.011392 1.541962
v 0.054680 2.011392 1.541962
v 0.024582 2.009632 1.542862
v 0.023079 2.030012 1.533264
v 0.053280 2.031772 1.532463
v 0.053280 2.031772 1.532463
v 0.023079 2.030012 1.533264
v 0.022381 2.046532 1.541962
v 0.052479 2.048292 1.541061
v 0.052479 2.048292 1.541061
v 0.022381 2.046532 1.541962
v 0.023079 2.042672 1.560265
v 0.053280 2.044432 1.559364
v 0.054779 2.024062 1.568962
v 0.053982 2.027922 1.550667
v 0.053280 2.044432 1.559364
v 0.055481 2.007542 1.560265
v 0.054680 2.011392 1.541962
v 0.053982 2.027922 1.550667
v 0.055481 2.007542 1.560265
v 0.053280 2.031772 1.532463
v 0.054680 2.011392 1.541962
v 0.052479 2.048292 1.541061
v 0.023079 2.042672 1.560265
v 0.023880 2.026152 1.551567
v 0.024582 2.022302 1.569763
v 0.025280 2.005782 1.561165
v 0.024582 2.009632 1.542862
v 0.023079 2.030012 1.533264
v 0.022381 2.046532 1.541962
v 0.094780 2.046862 1.558167
v 0.064579 2.045102 1.559067
v 0.066082 2.024722 1.568665
v 0.096279 2.026482 1.567764
v 0.096279 2.026482 1.567764
v 0.066082 2.024722 1.568665
v 0.066780 2.008202 1.559967
v 0.096981 2.009962 1.559067
v 0.096981 2.009962 1.559067
v 0.066780 2.008202 1.559967
v 0.066082 2.012062 1.541664
v 0.096180 2.013822 1.540863
v 0.096180 2.013822 1.540863
v 0.066082 2.012062 1.541664
v 0.064579 2.032432 1.532066
v 0.094780 2.034192 1.531265
v 0.094780 2.034192 1.531265
v 0.064579 2.032432 1.532066
v 0.063881 2.048952 1.540764
v 0.093979 2.050712 1.539963
v 0.093979 2.050712 1.539963
v 0.063881 2.048952 1.540764
v 0.064579 2.045102 1.559067
v 0.094780 2.046862 1.558167
v 0.096279 2.026482 1.567764
v 0.095482 2.030342 1.549461
v 0.094780 2.046862 1.558167
v 0.096981 2.009962 1.559067
v 0.095482 2.030342 1.549461
v 0.096180 2.013822 1.540863
v 0.094780 2.034192 1.531265
v 0.093979 2.050712 1.539963
v 0.094780 2.046862 1.558167
v 0.093979 2.050712 1.539963
v 0.064579 2.045102 1.559067
v 0.065380 2.028582 1.550362
v 0.066082 2.024722 1.568665
v 0.066780 2.008202 1.559967
v 0.066082 2.012062 1.541664
v 0.064579 2.032432 1.532066
v 0.063881 2.048952 1.540764
v 1.361679 2.120882 1.522163
v 1.363178 2.100512 1.531662
v 1.393280 2.102272 1.530869
v 1.391880 2.122642 1.521263
v 1.363178 2.100512 1.531662
v 1.363880 2.083992 1.523064
v 1.393982 2.085752 1.522163
v 1.393280 2.102272 1.530869
v 1.363880 2.083992 1.523064
v 1.363079 2.087842 1.504768
v 1.393280 2.089602 1.503868
v 1.393982 2.085752 1.522163
v 1.363079 2.087842 1.504768
v 1.361679 2.108222 1.495163
v 1.391781 2.109982 1.494362
v 1.393280 2.089602 1.503868
v 1.361679 2.108222 1.495163
v 1.360981 2.124742 1.503868
v 1.391079 2.126502 1.502968
v 1.391781 2.109982 1.494362
v 1.360981 2.124742 1.503868
v 1.361679 2.120882 1.522163
v 1.391880 2.122642 1.521263
v 1.391079 2.126502 1.502968
v 1.363178 2.100512 1.531662
v 1.361679 2.120882 1.522163
v 1.362381 2.104362 1.513466
v 1.363880 2.083992 1.523064
v 1.363079 2.087842 1.504768
v 1.361679 2.108222 1.495163
v 1.360981 2.124742 1.503868
v 1.391880 2.122642 1.521263
v 1.393280 2.102272 1.530869
v 1.392582 2.106122 1.512566
v 1.393982 2.085752 1.522163
v 1.393280 2.089602 1.503868
v 1.391781 2.109982 1.494362
v 1.391079 2.126502 1.502968
v 1.403179 2.123312 1.520966
v 1.404678 2.102932 1.530563
v 1.434780 2.104692 1.529663
v 1.433380 2.125072 1.520065
v 1.404678 2.102932 1.530563
v 1.405380 2.086412 1.521866
v 1.435482 2.088172 1.520966
v 1.434780 2.104692 1.529663
v 1.405380 2.086412 1.521866
v 1.404579 2.090262 1.503563
v 1.434780 2.092032 1.502762
v 1.435482 2.088172 1.520966
v 1.404579 2.090262 1.503563
v 1.403179 2.110642 1.493965
v 1.433281 2.112402 1.493164
v 1.434780 2.092032 1.502762
v 1.403179 2.110642 1.493965
v 1.402481 2.127162 1.502663
v 1.432579 2.128922 1.501862
v 1.433281 2.112402 1.493164
v 1.402481 2.127162 1.502663
v 1.403179 2.123312 1.520966
v 1.433380 2.125072 1.520065
v 1.432579 2.128922 1.501862
v 1.404678 2.102932 1.530563
v 1.403179 2.123312 1.520966
v 1.403881 2.106792 1.512268
v 1.405380 2.086412 1.521866
v 1.404579 2.090262 1.503563
v 1.403179 2.110642 1.493965
v 1.402481 2.127162 1.502663
v 1.433380 2.125072 1.520065
v 1.434780 2.104692 1.529663
v 1.434078 2.108552 1.511368
v 1.435482 2.088172 1.520966
v 1.434780 2.092032 1.502762
v 1.433281 2.112402 1.493164
v 1.432579 2.128922 1.501862
v 1.445679 2.125792 1.519768
v 1.447182 2.105412 1.529266
v 1.477280 2.107182 1.528465
v 1.475880 2.127552 1.518867
v 1.447182 2.105412 1.529266
v 1.447880 2.088892 1.520668
v 1.477982 2.090662 1.519768
v 1.477280 2.107182 1.528465
v 1.447880 2.088892 1.520668
v 1.447079 2.092752 1.502365
v 1.477280 2.094512 1.501465
v 1.477982 2.090662 1.519768
v 1.447079 2.092752 1.502365
v 1.445679 2.113122 1.492767
v 1.475780 2.114892 1.491966
v 1.477280 2.094512 1.501465
v 1.445679 2.113122 1.492767
v 1.444981 2.129642 1.501465
v 1.475079 2.131402 1.500664
v 1.475780 2.114892 1.491966
v 1.444981 2.129642 1.501465
v 1.445679 2.125792 1.519768
v 1.475880 2.127552 1.518867
v 1.475079 2.131402 1.500664
v 1.447182 2.105412 1.529266
v 1.445679 2.125792 1.519768
v 1.446381 2.109272 1.511063
v 1.447880 2.088892 1.520668
v 1.447079 2.092752 1.502365
v 1.445679 2.113122 1.492767
v 1.444981 2.129642 1.501465
v 1.475880 2.127552 1.518867
v 1.477280 2.107182 1.528465
v 1.476582 2.111032 1.510162
v 1.477982 2.090662 1.519768
v 1.477280 2.094512 1.501465
v 1.475780 2.114892 1.491966
v 1.475079 2.131402 1.500664
v 1.595280 2.083552 1.463264
v 1.197182 2.060292 1.474663
v 1.196079 2.075792 1.467361
v 1.594181 2.099052 1.456062
v 1.594181 2.099052 1.456062
v 1.196079 2.075792 1.467361
v 1.196178 2.121432 1.564468
v 1.594280 2.144692 1.553162
v 1.594280 2.144692 1.553162
v 1.196178 2.121432 1.564468
v 1.197281 2.105932 1.571762
v 1.595379 2.129192 1.560364
v 1.595379 2.129192 1.560364
v 1.197281 2.105932 1.571762
v 1.197182 2.060292 1.474663
v 1.595280 2.083552 1.463264
v 1.197182 2.060292 1.474663
v 1.197281 2.105932 1.571762
v 1.196178 2.121432 1.564468
v 1.196079 2.075792 1.467361
v 1.595379 2.129192 1.560364
v 1.595280 2.083552 1.463264
v 1.594181 2.099052 1.456062
v 1.594280 2.144692 1.553162
v -0.135818 1.982412 1.512566
v -0.137020 1.997902 1.505264
v 0.261082 2.021162 1.493965
v 0.262280 2.005672 1.501266
v -0.137020 1.997902 1.505264
v -0.136921 2.043542 1.602364
v 0.261181 2.066802 1.591064
v 0.261082 2.021162 1.493965
v -0.136921 2.043542 1.602364
v -0.135719 2.028042 1.609665
v 0.262379 2.051302 1.598366
v 0.261181 2.066802 1.591064
v -0.135719 2.028042 1.609665
v -0.135818 1.982412 1.512566
v 0.262280 2.005672 1.501266
v 0.262379 2.051302 1.598366
v 0.262280 2.005672 1.501266
v 0.261082 2.021162 1.493965
v 0.261181 2.066802 1.591064
v 0.262379 2.051302 1.598366
v -0.135719 2.028042 1.609665
v -0.136921 2.043542 1.602364
v -0.137020 1.997902 1.505264
v -0.135818 1.982412 1.512566
v 0.469082 2.072062 1.525864
v 0.376980 2.066682 1.528465
v 0.377781 2.054492 1.534164
v 0.469978 2.059882 1.531563
v 0.469978 2.059882 1.531563
v 0.377781 2.054492 1.534164
v 0.378181 2.040572 1.520363
v 0.470379 2.045952 1.517761
v 0.470379 2.045952 1.517761
v 0.378181 2.040572 1.520363
v 0.377781 2.038832 1.500862
v 0.469978 2.044212 1.498268
v 0.469978 2.044212 1.498268
v 0.377781 2.038832 1.500862
v 0.376881 2.051012 1.495163
v 0.469082 2.056402 1.492462
v 0.469082 2.056402 1.492462
v 0.376881 2.051012 1.495163
v 0.376480 2.064942 1.508965
v 0.468681 2.070322 1.506264
v 0.468681 2.070322 1.506264
v 0.376480 2.064942 1.508965
v 0.376980 2.066682 1.528465
v 0.469082 2.072062 1.525864
v 0.469978 2.059882 1.531563
v 0.469582 2.058142 1.512062
v 0.469082 2.072062 1.525864
v 0.470379 2.045952 1.517761
v 0.469978 2.044212 1.498268
v 0.469082 2.056402 1.492462
v 0.468681 2.070322 1.506264
v 0.376980 2.066682 1.528465
v 0.377380 2.052752 1.514664
v 0.377781 2.054492 1.534164
v 0.378181 2.040572 1.520363
v 0.377781 2.038832 1.500862
v 0.376881 2.051012 1.495163
v 0.376480 2.064942 1.508965
v 0.370579 2.020902 1.506767
v 0.369980 2.029392 1.502762
v 0.384579 2.030242 1.502365
v 0.385181 2.021752 1.506363
v 0.367180 2.067652 1.484764
v 0.366879 2.075292 1.490166
v 0.381481 2.076142 1.489662
v 0.381779 2.068502 1.484367
v 0.369980 2.049222 1.544968
v 0.370579 2.040732 1.548965
v 0.385181 2.041582 1.548561
v 0.384579 2.050072 1.544563
v 0.481579 2.027392 1.503563
v 0.480980 2.035882 1.499664
v 0.495579 2.040162 1.506462
v 0.510181 2.032492 1.510063
v 0.370579 2.024332 1.514061
v 0.369980 2.032822 1.510063
v 0.369980 2.029392 1.502762
v 0.369980 2.029392 1.502762
v 0.370579 2.020902 1.506767
v 0.366879 2.075292 1.490166
v 0.367180 2.067652 1.484764
v 0.367279 2.087482 1.526962
v 0.381882 2.088332 1.526566
v 0.479980 2.050102 1.492966
v 0.485680 2.052682 1.500664
v 0.367180 2.067652 1.484764
v 0.381779 2.068502 1.484367
v 0.385181 2.021752 1.506363
v 0.384579 2.030242 1.502365
v 0.469181 2.035192 1.499962
v 0.469780 2.026702 1.503967
v 0.385181 2.041582 1.548561
v 0.469780 2.046522 1.546165
v 0.469181 2.055012 1.542168
v 0.384579 2.050072 1.544563
v 0.469780 2.026702 1.503967
v 0.469181 2.035192 1.499962
v 0.480980 2.035882 1.499664
v 0.481579 2.027392 1.503563
v 0.468079 2.049412 1.493263
v 0.479980 2.050102 1.492966
v 0.466080 2.081082 1.487267
v 0.477879 2.081782 1.486961
v 0.478180 2.074142 1.481667
v 0.466381 2.073452 1.481964
v 0.469181 2.055012 1.542168
v 0.480980 2.055702 1.541763
v 0.479980 2.069932 1.535164
v 0.468182 2.069242 1.535461
v 0.469780 2.046522 1.546165
v 0.481579 2.047212 1.545761
v 0.469181 2.038622 1.507263
v 0.469181 2.035192 1.499962
v 0.384579 2.030242 1.502365
v 0.384579 2.033672 1.509666
v 0.469181 2.035192 1.499962
v 0.469181 2.038622 1.507263
v 0.467979 2.054412 1.499863
v 0.468079 2.049412 1.493263
v 0.381779 2.068502 1.484367
v 0.381481 2.076142 1.489662
v 0.384579 2.033672 1.509666
v 0.384579 2.030242 1.502365
v 0.510181 2.044612 1.535866
v 0.495682 2.052282 1.532265
v 0.480980 2.055702 1.541763
v 0.481579 2.047212 1.545761
v 0.485779 2.064812 1.526367
v 0.479980 2.069932 1.535164
v 0.466480 2.093282 1.524162
v 0.478279 2.093972 1.523865
v 0.477982 2.093902 1.512764
v 0.466080 2.093212 1.513062
v 0.469181 2.050742 1.533066
v 0.469181 2.055012 1.542168
v 0.468182 2.069242 1.535461
v 0.468079 2.066532 1.525665
v 0.469181 2.055012 1.542168
v 0.469181 2.050742 1.533066
v 0.384579 2.045792 1.535461
v 0.384579 2.050072 1.544563
v 0.381481 2.088262 1.515465
v 0.381882 2.088332 1.526566
v 0.384579 2.050072 1.544563
v 0.384579 2.045792 1.535461
v 0.366982 2.087412 1.515862
v 0.367279 2.087482 1.526962
v 0.381882 2.088332 1.526566
v 0.381481 2.088262 1.515465
v 0.369980 2.049222 1.544968
v 0.367279 2.087482 1.526962
v 0.366982 2.087412 1.515862
v 0.369980 2.044942 1.535866
v 0.370579 2.040732 1.548965
v 0.370579 2.036452 1.539864
v 0.510181 2.032492 1.510063
v 0.495579 2.040162 1.506462
v 0.495579 2.045992 1.518867
v 0.510181 2.038312 1.522461
v 0.485680 2.052682 1.500664
v 0.485580 2.059842 1.512367
v 0.465881 2.090492 1.497963
v 0.477680 2.091192 1.497665
v 0.469181 2.044442 1.519661
v 0.467880 2.061572 1.511566
v 0.469181 2.044442 1.519661
v 0.384579 2.039502 1.522064
v 0.381279 2.085552 1.500366
v 0.384579 2.039502 1.522064
v 0.366680 2.084702 1.500862
v 0.381279 2.085552 1.500366
v 0.369980 2.038652 1.522461
v 0.369980 2.038652 1.522461
v 0.366680 2.084702 1.500862
v 0.370579 2.030162 1.526466
v 0.495682 2.052282 1.532265
v 0.510181 2.044612 1.535866
v 0.485779 2.064812 1.526367
v 0.466381 2.073452 1.481964
v 0.478180 2.074142 1.481667
v 0.466080 2.081082 1.487267
v 0.466381 2.073452 1.481964
v 0.465881 2.090492 1.497963
v 0.466080 2.093212 1.513062
v 0.466480 2.093282 1.524162
v 0.478279 2.093972 1.523865
v 0.466480 2.093282 1.524162
v 0.477982 2.093902 1.512764
v 0.478279 2.093972 1.523865
v 0.477680 2.091192 1.497665
v 0.477982 2.093902 1.512764
v 0.477879 2.081782 1.486961
v 0.478180 2.074142 1.481667
v 0.477879 2.081782 1.486961
v 1.088280 2.062842 1.486366
v 1.073780 2.061992 1.486763
v 1.073082 2.070482 1.482765
v 1.087681 2.071332 1.482368
v 1.084980 2.109592 1.464363
v 1.070381 2.108742 1.464767
v 1.070080 2.116372 1.470062
v 1.084679 2.117232 1.469666
v 1.087780 2.091162 1.524567
v 1.073181 2.090302 1.524963
v 1.073780 2.081812 1.528961
v 1.088379 2.082672 1.528564
v 0.977280 2.056352 1.489464
v 0.948780 2.058112 1.497566
v 0.962082 2.067422 1.493263
v 0.976681 2.064842 1.485466
v 1.088280 2.066272 1.493668
v 1.088280 2.062842 1.486366
v 1.087681 2.071332 1.482368
v 1.087681 2.074762 1.489662
v 1.087681 2.074762 1.489662
v 1.084980 2.109592 1.464363
v 1.084679 2.117232 1.469666
v 1.084980 2.129422 1.506561
v 1.070381 2.128562 1.506966
v 0.970081 2.080992 1.486862
v 0.975681 2.079072 1.478867
v 1.070381 2.108742 1.464767
v 1.084980 2.109592 1.464363
v 1.073780 2.061992 1.486763
v 0.989182 2.057042 1.489166
v 0.988480 2.065532 1.485168
v 1.073082 2.070482 1.482765
v 1.073780 2.081812 1.528961
v 1.073181 2.090302 1.524963
v 0.988579 2.085362 1.527367
v 0.989182 2.076872 1.531364
v 0.989182 2.057042 1.489166
v 0.977280 2.056352 1.489464
v 0.976681 2.064842 1.485466
v 0.988480 2.065532 1.485168
v 0.987480 2.079762 1.478462
v 0.975681 2.079072 1.478867
v 0.985481 2.111432 1.472466
v 0.985779 2.103792 1.467163
v 0.973980 2.103102 1.467567
v 0.973679 2.110742 1.472862
v 0.988579 2.085362 1.527367
v 0.987579 2.099592 1.520668
v 0.975780 2.098902 1.520966
v 0.976780 2.084672 1.527664
v 0.989182 2.076872 1.531364
v 0.977379 2.076182 1.531662
v 0.988579 2.068962 1.492462
v 1.073181 2.073912 1.490067
v 1.073082 2.070482 1.482765
v 0.988480 2.065532 1.485168
v 0.988480 2.065532 1.485168
v 0.987480 2.079762 1.478462
v 0.987381 2.084762 1.485062
v 0.988579 2.068962 1.492462
v 1.070381 2.108742 1.464767
v 1.073082 2.070482 1.482765
v 1.073181 2.073912 1.490067
v 1.070080 2.116372 1.470062
v 0.948780 2.070232 1.523361
v 0.977379 2.076182 1.531662
v 0.976780 2.084672 1.527664
v 0.962082 2.079542 1.518967
v 0.970081 2.093112 1.512665
v 0.975780 2.098902 1.520966
v 0.985779 2.123622 1.509361
v 0.985481 2.123552 1.498268
v 0.973679 2.122862 1.498665
v 0.973980 2.122932 1.509666
v 0.988579 2.081082 1.518265
v 0.987480 2.096882 1.510864
v 0.987579 2.099592 1.520668
v 0.988579 2.085362 1.527367
v 0.988579 2.085362 1.527367
v 1.073181 2.090302 1.524963
v 1.073181 2.086032 1.515862
v 0.988579 2.081082 1.518265
v 1.070080 2.128492 1.495865
v 1.073181 2.086032 1.515862
v 1.073181 2.090302 1.524963
v 1.070381 2.128562 1.506966
v 1.084679 2.129352 1.495468
v 1.070080 2.128492 1.495865
v 1.070381 2.128562 1.506966
v 1.084980 2.129422 1.506561
v 1.087780 2.091162 1.524567
v 1.087780 2.086882 1.515465
v 1.084679 2.129352 1.495468
v 1.084980 2.129422 1.506561
v 1.088379 2.082672 1.528564
v 1.088379 2.078392 1.519463
v 0.948780 2.058112 1.497566
v 0.948780 2.063942 1.509964
v 0.962082 2.073242 1.505661
v 0.962082 2.067422 1.493263
v 0.970081 2.080992 1.486862
v 0.969978 2.088142 1.498566
v 0.985279 2.120842 1.483261
v 0.973381 2.120152 1.483566
v 0.987282 2.091922 1.496765
v 0.988579 2.074792 1.504868
v 0.988579 2.074792 1.504868
v 1.073181 2.079732 1.502464
v 1.073181 2.079732 1.502464
v 1.069881 2.125782 1.480766
v 1.069881 2.125782 1.480766
v 1.084381 2.126642 1.480362
v 1.087681 2.080582 1.502068
v 1.087681 2.080582 1.502068
v 1.084381 2.126642 1.480362
v 1.088280 2.072092 1.506065
v 0.948780 2.070232 1.523361
v 0.962082 2.079542 1.518967
v 0.970081 2.093112 1.512665
v 0.985779 2.103792 1.467163
v 0.973980 2.103102 1.467567
v 0.985779 2.103792 1.467163
v 0.985481 2.111432 1.472466
v 0.985279 2.120842 1.483261
v 0.985481 2.123552 1.498268
v 0.985779 2.123622 1.509361
v 0.985779 2.123622 1.509361
v 0.973980 2.122932 1.509666
v 0.973679 2.122862 1.498665
v 0.973980 2.122932 1.509666
v 0.973381 2.120152 1.483566
v 0.973679 2.122862 1.498665
v 0.973679 2.110742 1.472862
v 0.973679 2.110742 1.472862
v 0.973980 2.103102 1.467567
v 0.985680 2.102252 1.511162
v 0.986580 2.090062 1.516861
v 1.078781 2.095452 1.514267
v 1.077881 2.107632 1.508461
v 0.986580 2.090062 1.516861
v 0.986980 2.076142 1.503067
v 1.079182 2.081522 1.500465
v 1.078781 2.095452 1.514267
v 0.986980 2.076142 1.503067
v 0.986580 2.074402 1.483566
v 1.078781 2.079782 1.480865
v 1.079182 2.081522 1.500465
v 0.986580 2.074402 1.483566
v 0.985680 2.086582 1.477768
v 1.077881 2.091972 1.475166
v 1.078781 2.079782 1.480865
v 0.985680 2.086582 1.477768
v 0.985279 2.100512 1.491562
v 1.077480 2.105892 1.488968
v 1.077881 2.091972 1.475166
v 0.985279 2.100512 1.491562
v 0.985680 2.102252 1.511162
v 1.077881 2.107632 1.508461
v 1.077480 2.105892 1.488968
v 0.986580 2.090062 1.516861
v 0.985680 2.102252 1.511162
v 0.986179 2.088322 1.497368
v 0.986980 2.076142 1.503067
v 0.986580 2.074402 1.483566
v 0.985680 2.086582 1.477768
v 0.985279 2.100512 1.491562
v 1.077881 2.107632 1.508461
v 1.078781 2.095452 1.514267
v 1.078381 2.093712 1.494667
v 1.079182 2.081522 1.500465
v 1.078781 2.079782 1.480865
v 1.077881 2.091972 1.475166
v 1.077480 2.105892 1.488968
v 1.546280 0.927769 1.994568
v 1.373581 0.917677 1.999565
v 1.372379 0.937628 1.999367
v 1.545181 0.947719 1.994461
v 1.545181 0.947719 1.994461
v 1.372379 0.937628 1.999367
v 1.372581 0.996384 2.124367
v 1.545280 1.006471 2.119461
v 1.545280 1.006471 2.119461
v 1.372581 0.996384 2.124367
v 1.373680 0.976434 2.124565
v 1.546478 0.986526 2.119568
v 1.546478 0.986526 2.119568
v 1.373680 0.976434 2.124565
v 1.373581 0.917677 1.999565
v 1.546280 0.927769 1.994568
v 1.373581 0.917677 1.999565
v 1.373680 0.976434 2.124565
v 1.372581 0.996384 2.124367
v 1.372379 0.937628 1.999367
v 1.546478 0.986526 2.119568
v 1.546280 0.927769 1.994568
v 1.545181 0.947719 1.994461
v 1.545280 1.006471 2.119461
v 1.553982 0.995634 2.113167
v 1.361580 0.984392 2.118668
v 1.361580 0.992175 2.135262
v 1.554081 1.003421 2.129768
v 1.554081 1.003421 2.129768
v 1.361580 0.992175 2.135262
v 1.362980 0.977286 2.152367
v 1.555382 0.988528 2.146866
v 1.555382 0.988528 2.146866
v 1.362980 0.977286 2.152367
v 1.364281 0.954615 2.152863
v 1.556782 0.965857 2.147461
v 1.556782 0.965857 2.147461
v 1.364281 0.954615 2.152863
v 1.364281 0.946831 2.136368
v 1.556679 0.958074 2.130867
v 1.556679 0.958074 2.130867
v 1.364281 0.946831 2.136368
v 1.362980 0.961719 2.119263
v 1.555382 0.972961 2.113762
v 1.555382 0.972961 2.113762
v 1.362980 0.961719 2.119263
v 1.361580 0.984392 2.118668
v 1.553982 0.995634 2.113167
v 1.554081 1.003421 2.129768
v 1.555382 0.980744 2.130363
v 1.553982 0.995634 2.113167
v 1.555382 0.988528 2.146866
v 1.556782 0.965857 2.147461
v 1.556679 0.958074 2.130867
v 1.555382 0.972961 2.113762
v 1.361580 0.984392 2.118668
v 1.362980 0.969502 2.135765
v 1.361580 0.992175 2.135262
v 1.362980 0.977286 2.152367
v 1.364281 0.954615 2.152863
v 1.364281 0.946831 2.136368
v 1.362980 0.961719 2.119263
v 0.068481 0.908839 2.155464
v 0.068481 0.916623 2.172066
v 0.260979 0.927865 2.166565
v 0.260880 0.920081 2.150063
v 0.068481 0.916623 2.172066
v 0.069881 0.901733 2.189163
v 0.262280 0.912975 2.183662
v 0.260979 0.927865 2.166565
v 0.069881 0.901733 2.189163
v 0.071178 0.879062 2.189667
v 0.263580 0.890304 2.184265
v 0.262280 0.912975 2.183662
v 0.071178 0.879062 2.189667
v 0.071178 0.871279 2.173164
v 0.263580 0.882521 2.167664
v 0.263580 0.890304 2.184265
v 0.071178 0.871279 2.173164
v 0.069881 0.886166 2.156067
v 0.262280 0.897408 2.150566
v 0.263580 0.882521 2.167664
v 0.069881 0.886166 2.156067
v 0.068481 0.908839 2.155464
v 0.260880 0.920081 2.150063
v 0.262280 0.897408 2.150566
v 0.068481 0.916623 2.172066
v 0.068481 0.908839 2.155464
v 0.069881 0.893950 2.172562
v 0.069881 0.901733 2.189163
v 0.071178 0.879062 2.189667
v 0.071178 0.871279 2.173164
v 0.069881 0.886166 2.156067
v 0.260880 0.920081 2.150063
v 0.260979 0.927865 2.166565
v 0.262280 0.905192 2.167168
v 0.262280 0.912975 2.183662
v 0.263580 0.890304 2.184265
v 0.263580 0.882521 2.167664
v 0.262280 0.897408 2.150566
vn 0.0629 -0.9034 0.4242
vn -0.0000 -0.4250 -0.9052
vn -0.0001 -0.4250 -0.9052
vn -0.0003 -0.4250 -0.9052
vn -0.0629 0.9034 -0.4242
vn -0.0630 0.9034 -0.4242
vn -0.0000 0.4250 0.9052
vn 0.0004 0.4251 0.9051
vn 0.0003 0.4251 0.9051
vn 0.9980 0.0550 -0.0314
vn 0.9980 0.0550 -0.0315
vn -0.9980 -0.0550 0.0314
vn -0.0628 0.9034 -0.4242
vn 0.0628 -0.9034 0.4242
vn 0.0001 0.4251 0.9052
vn -0.0000 0.4251 0.9052
vn -0.0000 -0.4251 -0.9052
vn 0.0552 -0.4654 0.8834
vn 0.0552 -0.4653 0.8834
vn 0.0551 -0.9772 -0.2049
vn 0.0552 -0.9772 -0.2049
vn -0.0000 -0.4251 -0.9051
vn -0.0552 0.4654 -0.8834
vn -0.0473 0.9776 0.2050
vn -0.0474 0.9776 0.2050
vn -0.9980 -0.0550 0.0315
vn -0.0000 0.4251 0.9051
vn -0.0000 0.4249 0.9052
vn -0.0000 -0.4249 -0.9052
vn -0.0552 0.4653 -0.8834
vn 0.0002 0.4251 0.9051
vn 0.2763 -0.3947 -0.8763
vn 0.0236 -0.7635 -0.6454
vn -0.2746 -0.4237 -0.8631
vn -0.2746 -0.4237 -0.8632
vn -0.0236 -0.0157 -0.9996
vn 0.0003 -0.4253 -0.9051
vn -0.0001 -0.4251 -0.9051
vn 0.0004 -0.4253 -0.9051
vn -0.0001 -0.4251 -0.9052
vn 0.0001 -0.4250 -0.9052
vn 0.0630 -0.9034 0.4242
vn -0.0001 0.4250 0.9052
vn 0.0001 0.4250 0.9052
vn -0.0236 -0.0079 -0.9997
vn -0.0237 -0.0079 -0.9997
vn 0.0315 0.0079 0.9995
vn 0.0393 0.3465 0.9372
vn 0.0393 0.3534 0.9346
vn -0.1335 0.3298 0.9346
vn 0.2052 0.9552 0.2131
vn 0.2199 0.9504 0.2199
vn -0.0236 0.9832 0.1809
vn 0.8006 0.2198 0.5574
vn 0.8104 0.2203 0.5429
vn 0.8077 0.2217 0.5463
vn 0.8006 0.2177 0.5582
vn -0.0393 0.9827 0.1808
vn 0.0552 0.4497 0.8915
vn 0.0394 0.4022 0.9147
vn 0.0079 0.3303 0.9438
vn -0.0079 0.2369 0.9715
vn 0.8397 0.3296 0.4316
vn 0.8085 0.4239 0.4082
vn 0.8139 0.4109 0.4109
vn 0.8418 0.3226 0.4327
vn 0.0078 0.3373 0.9414
vn 0.0158 0.2127 0.9770
vn -0.7086 0.1337 0.6928
vn -0.7003 0.1731 0.6925
vn -0.7078 0.1415 0.6921
vn 0.0550 -0.5264 0.8485
vn 0.0545 -0.5264 0.8485
vn 0.2602 0.9381 -0.2286
vn 0.2673 0.8726 -0.4088
vn -0.0315 0.9047 -0.4248
vn -0.0314 0.9673 -0.2517
vn 0.9915 0.1179 -0.0551
vn 0.9699 0.2208 -0.1026
vn 0.9580 0.2827 0.0471
vn 0.9795 0.1817 0.0869
vn 0.9998 -0.0158 0.0079
vn 1.0000 -0.0079 -0.0000
vn 0.9824 0.0707 0.1729
vn -0.9803 -0.1977 -0.0000
vn -0.9831 -0.1652 0.0786
vn -0.9901 -0.1257 0.0629
vn -0.9872 -0.1580 -0.0237
vn 0.0632 -0.9325 0.3556
vn -0.0550 0.9038 -0.4244
vn -0.0550 0.9663 -0.2514
vn -0.1183 0.3235 0.9388
vn 0.8507 0.2599 0.4569
vn 0.8507 0.2600 0.4568
vn 0.9850 0.1261 0.1182
vn -0.7710 -0.6058 0.1967
vn -0.7726 -0.5755 0.2680
vn -0.6298 -0.2598 0.7321
vn -0.6465 -0.2365 0.7253
vn -0.6490 -0.7202 0.2454
vn -0.6533 -0.6848 0.3228
vn -0.5666 -0.3463 0.7477
vn 0.0316 0.5689 0.8218
vn -0.0078 0.5565 0.8308
vn -0.0079 0.5510 0.8344
vn 0.0551 0.5355 0.8427
vn 0.6206 0.7149 0.3221
vn 0.4403 0.8571 0.2674
vn 0.4497 0.8520 0.2682
vn 0.7726 0.5755 -0.2681
vn 0.5597 0.7489 -0.3547
vn 0.5500 0.8171 -0.1728
vn 0.7641 0.6381 -0.0945
vn -0.0078 0.5511 0.8344
vn 0.1103 0.4726 0.8743
vn 0.0947 0.4578 0.8840
vn 0.1258 0.4247 0.8966
vn 0.1263 0.3630 0.9232
vn 0.1179 0.3538 0.9279
vn 0.1027 0.4978 0.8612
vn 0.1020 0.5572 0.8241
vn 0.0001 0.4878 0.8729
vn -0.0000 0.4877 0.8730
vn 0.0631 0.4651 0.8830
vn 0.0947 0.4421 0.8919
vn 0.7069 0.6127 0.3534
vn 0.7189 0.5925 0.3634
vn 0.8739 0.4409 -0.2047
vn 0.8637 0.5025 -0.0393
vn 0.0394 -0.4966 -0.8671
vn -0.1342 -0.5052 -0.8525
vn -0.1419 -0.5047 -0.8516
vn 0.0393 -0.4873 -0.8724
vn 0.2047 0.4409 -0.8739
vn -0.0236 0.4875 -0.8728
vn 0.2122 0.4402 -0.8725
vn 0.8016 -0.2830 -0.5266
vn 0.8034 -0.2757 -0.5277
vn 0.8068 -0.2768 -0.5220
vn -0.0393 0.4873 -0.8724
vn 0.0473 -0.4020 -0.9144
vn -0.0079 -0.5975 -0.8019
vn -0.0000 -0.5122 -0.8589
vn 0.0395 -0.4500 -0.8922
vn 0.8358 -0.1183 -0.5362
vn 0.8408 -0.1257 -0.5265
vn 0.8109 -0.0551 -0.5826
vn 0.8112 -0.0473 -0.5828
vn 0.0081 -0.6150 -0.7885
vn 0.0079 -0.5122 -0.8588
vn -0.7091 -0.4491 -0.5436
vn -0.7085 -0.4409 -0.5510
vn -0.7062 -0.4159 -0.5730
vn -0.7063 -0.4159 -0.5729
vn 0.0550 -0.9895 -0.1335
vn 0.2591 0.7774 -0.5732
vn -0.0315 0.8117 -0.5832
vn 0.9792 0.0473 -0.1974
vn 0.9576 0.1413 -0.2512
vn 0.9818 -0.0943 -0.1650
vn 0.9825 -0.0865 -0.1651
vn -0.9793 -0.1264 0.1580
vn -0.9861 -0.0868 0.1420
vn 0.0632 -0.8694 0.4900
vn 0.0631 -0.8694 0.4900
vn -0.0551 0.8109 -0.5826
vn -0.1182 -0.5121 -0.8508
vn 0.0395 -0.4500 -0.8921
vn 0.8495 -0.1809 -0.4956
vn 0.8495 -0.1809 -0.4955
vn 0.9861 -0.0079 -0.1657
vn -0.7708 -0.5348 0.3461
vn -0.6321 -0.7269 -0.2686
vn -0.6473 -0.7104 -0.2763
vn -0.6473 -0.6473 0.4026
vn -0.5672 -0.7957 -0.2127
vn -0.5672 -0.7956 -0.2127
vn 0.0316 -0.2683 -0.9628
vn 0.0550 -0.3063 -0.9503
vn -0.0079 -0.2924 -0.9563
vn -0.0079 -0.2830 -0.9591
vn 0.6220 0.2047 -0.7558
vn 0.4426 0.3398 -0.8298
vn 0.4397 0.3376 -0.8323
vn 0.7631 0.4800 -0.4327
vn 0.5453 0.6553 -0.5227
vn -0.0078 -0.2902 -0.9569
vn 0.1104 -0.3705 -0.9222
vn 0.0942 -0.3846 -0.9183
vn 0.1262 -0.4182 -0.8995
vn 0.1184 -0.4815 -0.8684
vn 0.1019 -0.3450 -0.9331
vn 0.1024 -0.2837 -0.9534
vn -0.0079 -0.3632 -0.9317
vn -0.0078 -0.3605 -0.9327
vn 0.0630 -0.3855 -0.9206
vn 0.0947 -0.4102 -0.9071
vn 0.7156 0.0944 -0.6921
vn 0.7022 0.1183 -0.7021
vn 0.8655 0.3462 -0.3620
vn -0.0236 0.3467 0.9377
vn 0.1415 0.3459 0.9275
vn 0.1492 0.3455 0.9265
vn -0.2985 0.9268 0.2278
vn -0.0790 0.9787 0.1894
vn -0.0789 0.9787 0.1894
vn -0.3144 0.9195 0.2358
vn -0.7897 0.1264 0.6003
vn -0.7956 0.1339 0.5908
vn -0.0628 0.9815 0.1806
vn -0.0550 0.4403 0.8962
vn 0.0395 0.2368 0.9708
vn -0.0314 0.3928 0.9191
vn -0.8441 0.2366 0.4812
vn -0.8493 0.2202 0.4797
vn -0.8328 0.3143 0.4557
vn -0.8283 0.3234 0.4575
vn 0.7255 0.2129 0.6545
vn 0.7230 0.2279 0.6522
vn 0.7187 0.2528 0.6477
vn -0.3792 0.9004 -0.2133
vn -0.1025 0.9622 -0.2524
vn -0.1025 0.8990 -0.4258
vn -0.3858 0.8344 -0.3936
vn -1.0000 0.0079 -0.0000
vn -0.9873 0.0711 0.1422
vn -0.9794 0.1738 0.1027
vn -0.9928 0.1103 -0.0473
vn -0.9704 -0.0473 0.2367
vn -0.9730 -0.0392 0.2275
vn -0.9915 -0.1180 0.0551
vn 0.9947 -0.0869 -0.0552
vn 0.9957 -0.0474 -0.0791
vn 0.9986 -0.0472 0.0236
vn -0.0790 0.9643 -0.2529
vn -0.0784 0.9024 -0.4237
vn 0.1342 0.3393 0.9311
vn -0.8485 0.1650 0.5028
vn -0.9848 0.0079 0.1734
vn -0.9975 -0.0628 0.0314
vn 0.8450 -0.5133 0.1500
vn 0.8493 -0.4797 0.2202
vn 0.6994 -0.1807 0.6915
vn 0.7100 -0.1578 0.6863
vn 0.7414 -0.6389 0.2051
vn 0.7452 -0.6040 0.2824
vn 0.6436 -0.2747 0.7143
vn 0.6436 -0.2747 0.7144
vn -0.0471 0.5649 0.8238
vn -0.0706 0.5259 0.8476
vn -0.6826 0.6355 0.3608
vn -0.5275 0.7951 0.2992
vn -0.5197 0.8032 0.2913
vn -0.8493 0.4797 -0.2202
vn -0.8335 0.5505 -0.0472
vn -0.6468 0.7493 -0.1420
vn -0.6614 0.6770 -0.3228
vn -0.0079 0.5510 0.8345
vn -0.0079 0.5511 0.8344
vn -0.1177 0.4628 0.8786
vn -0.0944 0.4483 0.8889
vn -0.1258 0.4087 0.9040
vn -0.1105 0.3472 0.9313
vn -0.1100 0.3378 0.9348
vn -0.1102 0.4880 0.8659
vn -0.1177 0.5417 0.8323
vn -0.0079 0.4876 0.8730
vn -0.0078 0.4876 0.8730
vn -0.0628 0.4557 0.8879
vn -0.0947 0.4262 0.8997
vn -0.7619 0.5027 0.4084
vn -0.7484 0.5278 0.4017
vn -0.9194 0.3930 0.0157
vn -0.9303 0.3311 -0.1577
vn -0.0315 -0.4967 -0.8673
vn 0.1498 -0.4888 -0.8594
vn 0.1421 -0.4894 -0.8604
vn -0.2992 0.4173 -0.8581
vn -0.3144 0.4087 -0.8568
vn -0.0865 0.4798 -0.8731
vn -0.0787 0.4801 -0.8737
vn -0.7899 -0.3792 -0.4819
vn -0.7952 -0.3700 -0.4803
vn -0.7897 -0.3810 -0.4809
vn -0.0630 0.4807 -0.8746
vn -0.0630 0.4809 -0.8745
vn -0.0550 -0.4084 -0.9111
vn -0.0393 -0.4563 -0.8890
vn 0.0314 -0.5972 -0.8015
vn -0.8493 -0.2202 -0.4797
vn -0.8273 -0.1418 -0.5436
vn -0.8323 -0.1492 -0.5339
vn -0.8478 -0.2277 -0.4789
vn 0.0158 -0.6149 -0.7884
vn 0.7261 -0.3630 -0.5840
vn 0.7146 -0.3377 -0.6126
vn 0.7248 -0.3545 -0.5908
vn -0.3774 0.7390 -0.5581
vn -0.1020 0.8079 -0.5804
vn -0.9798 0.0316 -0.1976
vn -0.9878 -0.0632 -0.1422
vn -0.9743 -0.1964 -0.1100
vn -0.9724 -0.2056 -0.1107
vn 0.9947 -0.0079 0.1026
vn 0.9964 0.0314 0.0785
vn -0.0786 0.8096 -0.5817
vn 0.1333 -0.5018 -0.8546
vn -0.8513 -0.2837 -0.4414
vn -0.9859 -0.1261 -0.1104
vn 0.8452 -0.4423 0.3001
vn 0.6924 -0.6530 -0.3068
vn 0.7093 -0.6305 -0.3152
vn 0.7400 -0.5668 0.3620
vn 0.6452 -0.7240 -0.2440
vn -0.0551 -0.2753 -0.9598
vn -0.0157 -0.2830 -0.9590
vn -0.0158 -0.2923 -0.9562
vn -0.0710 -0.3154 -0.9463
vn -0.6848 0.1338 -0.7163
vn -0.5209 0.2841 -0.8050
vn -0.5266 0.2829 -0.8017
vn -0.6474 0.5842 -0.4895
vn -0.8370 0.3869 -0.3869
vn -0.1183 -0.3864 -0.9147
vn -0.1024 -0.3938 -0.9135
vn -0.1263 -0.4341 -0.8919
vn -0.1098 -0.4940 -0.8625
vn -0.1105 -0.4973 -0.8605
vn -0.1102 -0.3541 -0.9287
vn -0.1186 -0.2926 -0.9489
vn -0.0705 -0.3920 -0.9173
vn -0.0944 -0.4167 -0.9041
vn -0.7488 0.0315 -0.6621
vn -0.7637 0.0078 -0.6456
vn -0.9178 0.2432 -0.3138
vn 0.0627 -0.9034 0.4242
vn 0.3845 0.4159 0.8241
vn 0.3846 0.4160 0.8241
vn 0.3846 0.4158 0.8241
vn 0.3846 0.4159 0.8241
vn 0.0393 -0.1413 0.9892
vn 0.0392 -0.1413 0.9892
vn -0.3841 0.3685 0.8466
vn -0.3841 0.3685 0.8465
vn -0.3841 0.3684 0.8466
vn -0.0316 0.8529 0.5212
vn 0.7181 0.3393 0.6076
vn 0.0550 -0.5502 0.8332
vn 0.0551 -0.5502 0.8332
vn 0.0553 -0.5502 0.8332
vn -0.7151 0.2515 0.6522
vn -0.7151 0.2514 0.6523
vn -0.7151 0.2514 0.6522
vn -0.0550 0.9924 0.1101
vn -0.0550 0.9924 0.1100
vn -0.0551 0.9924 0.1102
vn 0.7151 -0.2515 -0.6522
vn 0.7151 -0.2514 -0.6522
vn 0.0551 -0.9924 -0.1103
vn 0.0551 -0.9924 -0.1104
vn -0.7146 -0.3377 -0.6126
vn -0.7147 -0.3377 -0.6126
vn -0.0551 0.5503 -0.8332
vn -0.0550 0.5502 -0.8332
vn 0.0001 0.4251 0.9051
vn 0.0004 0.4252 0.9051
vn 0.0002 0.4250 0.9052
vn -0.9980 -0.0549 0.0314
vn -0.0000 0.4253 0.9050
vn -0.0002 -0.4252 -0.9051
vn -0.0002 -0.4250 -0.9052
vn 0.0002 0.4247 0.9053
vn 0.9980 0.0551 -0.0314
vn -0.0004 -0.4249 -0.9052
vn 0.9980 0.0549 -0.0314
vn 0.0631 -0.7017 0.7096
vn 0.0629 -0.7017 0.7096
vn 0.0630 -0.7017 0.7096
vn 0.0631 -0.9942 0.0868
vn -0.0630 0.7018 -0.7096
vn -0.0630 0.7017 -0.7097
vn -0.0630 0.7017 -0.7096
vn -0.0631 0.7017 -0.7096
vn -0.0631 0.9942 -0.0868
vn -0.0553 0.5684 -0.8209
vn -0.0627 0.6818 -0.7289
vn -0.0627 0.6818 -0.7288
vn -0.0553 0.5683 -0.8210
vn 0.3225 -0.1416 -0.9359
vn 0.4557 -0.1336 -0.8800
vn 0.4083 -0.1335 -0.9030
vn 0.3224 -0.1415 -0.9360
vn 0.8231 -0.0627 -0.5644
vn 0.7865 -0.0708 -0.6135
vn -0.0003 -0.4256 -0.9049
vn -0.0000 -0.4252 -0.9051
vn -0.0552 0.5683 -0.8210
vn -0.0552 0.5683 -0.8209
vn 0.3852 0.6604 0.6446
vn 0.4876 0.6213 0.6134
vn 0.5346 0.6054 0.5897
vn 0.3852 0.6603 0.6447
vn 0.8442 0.3945 0.3630
vn 0.8699 0.3717 0.3242
vn -0.0550 0.9985 -0.0079
vn -0.0630 0.9927 -0.1024
vn -0.0551 0.9984 -0.0078
vn 0.5043 0.7801 -0.3703
vn 0.6848 0.6533 -0.3227
vn 0.6830 0.6594 -0.3141
vn 0.9346 0.3063 -0.1806
vn 0.9395 0.3079 -0.1500
vn -0.9980 -0.0551 0.0314
vn 0.6863 0.6626 -0.2998
vn 0.9355 0.3302 -0.1258
vn 0.9468 0.2603 0.1893
vn 0.9744 0.2042 -0.0943
vn 0.9730 0.2197 -0.0706
vn 0.9725 0.1961 -0.1255
vn 0.9251 -0.0158 -0.3795
vn 0.9251 -0.0158 -0.3794
vn -0.0552 0.5684 -0.8209
vn -0.3531 -0.1805 -0.9180
vn -0.3531 -0.1804 -0.9180
vn -0.4423 -0.1895 -0.8766
vn -0.4889 -0.1893 -0.8516
vn 0.0001 0.4252 0.9051
vn -0.8056 -0.1659 -0.5687
vn -0.8440 -0.1578 -0.5127
vn -0.0000 -0.4255 -0.9050
vn -0.0553 0.5683 -0.8209
vn -0.4175 0.6144 0.6695
vn -0.4174 0.6143 0.6696
vn -0.5683 0.5368 0.6236
vn -0.5201 0.5675 0.6383
vn -0.8629 0.2981 0.4080
vn -0.8870 0.2669 0.3768
vn -0.6126 0.7146 -0.3377
vn -0.6126 0.7147 -0.3377
vn -0.7726 0.5755 -0.2680
vn -0.7727 0.5677 -0.2839
vn -0.9721 0.1976 -0.1265
vn -0.9759 0.1968 -0.0945
vn -0.7707 0.5819 -0.2595
vn -0.9730 0.2197 -0.0706
vn -0.9584 0.1492 0.2434
vn -0.9947 0.0947 -0.0395
vn -0.9946 0.1026 -0.0158
vn -0.9944 0.0789 -0.0710
vn -0.9364 -0.1180 -0.3305
vn -0.0632 0.7017 -0.7097
vn -0.0632 0.9942 -0.0868
vn 0.0314 0.0079 0.9995
vn -0.0235 0.7524 0.6583
vn 0.0236 0.0236 0.9994
vn 0.0235 -0.7524 -0.6583
vn 0.0236 -0.7524 -0.6583
vn -0.0236 -0.0236 -0.9994
vn -0.0237 0.7524 0.6583
vn -0.0236 0.7524 0.6583
vt 0.104371 0.837046
vt 0.104371 0.885632
vt 0.029101 0.885632
vt 0.029101 0.837046
vt 0.104371 0.913839
vt 0.029101 0.913839
vt 0.094621 0.987916
vt 0.094621 0.951771
vt 0.150618 0.951771
vt 0.150618 0.987916
vt 0.104371 0.808839
vt 0.029101 0.808839
vt 0.000893 0.885632
vt 0.000893 0.837046
vt 0.132579 0.837046
vt 0.132579 0.885632
vt 0.200044 0.892270
vt 0.191922 0.892270
vt 0.191922 0.798466
vt 0.200044 0.798466
vt 0.158912 0.892270
vt 0.158912 0.798466
vt 0.150791 0.892270
vt 0.150791 0.798466
vt 0.305377 0.655969
vt 0.305377 0.669019
vt 0.268292 0.669019
vt 0.268292 0.655969
vt 0.191922 0.790344
vt 0.158912 0.790344
vt 0.158912 0.900392
vt 0.191922 0.900392
vt 0.234544 0.718552
vt 0.281048 0.718552
vt 0.281048 0.725472
vt 0.234544 0.725472
vt 0.281048 0.732393
vt 0.234544 0.732393
vt 0.234544 0.690869
vt 0.281048 0.690869
vt 0.281048 0.697790
vt 0.234544 0.697790
vt 0.281048 0.704710
vt 0.234544 0.704710
vt 0.281048 0.711631
vt 0.234544 0.711631
vt 0.253435 0.656744
vt 0.245815 0.669943
vt 0.238194 0.656744
vt 0.261056 0.669943
vt 0.253435 0.683143
vt 0.238194 0.683143
vt 0.230574 0.669943
vt 0.238265 0.682953
vt 0.245886 0.669754
vt 0.253507 0.682953
vt 0.261128 0.669754
vt 0.253507 0.656555
vt 0.238265 0.656555
vt 0.230645 0.669754
vt 0.234518 0.718659
vt 0.281022 0.718659
vt 0.281022 0.725580
vt 0.234518 0.725580
vt 0.281022 0.732501
vt 0.234518 0.732501
vt 0.234518 0.690977
vt 0.281022 0.690977
vt 0.281022 0.697897
vt 0.234518 0.697897
vt 0.281022 0.704818
vt 0.234518 0.704818
vt 0.281022 0.711739
vt 0.234518 0.711739
vt 0.238194 0.656581
vt 0.245815 0.669781
vt 0.230574 0.669781
vt 0.253436 0.656581
vt 0.261057 0.669781
vt 0.253436 0.682980
vt 0.238195 0.682980
vt 0.261526 0.669591
vt 0.246284 0.669592
vt 0.253906 0.656392
vt 0.238664 0.656392
vt 0.231043 0.669592
vt 0.238664 0.682791
vt 0.253905 0.682791
vt 0.201652 0.809515
vt 0.209774 0.809515
vt 0.209774 0.890261
vt 0.201652 0.890261
vt 0.250071 0.809515
vt 0.250071 0.890261
vt 0.258193 0.809515
vt 0.258193 0.890261
vt 0.267731 0.685652
vt 0.267731 0.669721
vt 0.299653 0.669721
vt 0.299653 0.685652
vt 0.209774 0.898383
vt 0.250071 0.898383
vt 0.250071 0.801394
vt 0.209774 0.801394
vt 0.452447 0.627806
vt 0.018595 0.627806
vt 0.018595 0.349894
vt 0.452447 0.349894
vt 0.960351 0.744534
vt 0.960351 0.721850
vt 0.746117 0.721850
vt 0.746117 0.744534
vt 0.411674 0.721850
vt 0.411674 0.744534
vt 0.925157 0.959125
vt 0.921110 0.956897
vt 0.915136 0.790556
vt 0.919001 0.787843
vt 0.651449 0.787438
vt 0.918938 0.787593
vt 0.915074 0.790305
vt 0.655116 0.790247
vt 0.921053 0.956679
vt 0.925140 0.958928
vt 0.654846 0.790244
vt 0.651177 0.787427
vt 0.975497 0.710306
vt 0.982956 0.918013
vt 0.971871 0.911461
vt 0.964893 0.717103
vt 0.650815 0.709920
vt 0.975420 0.709993
vt 0.964846 0.716794
vt 0.661624 0.717037
vt 0.982885 0.917741
vt 0.971751 0.911158
vt 0.650478 0.709916
vt 0.661283 0.717045
vt 0.611106 0.971487
vt 0.611106 0.777069
vt 0.632628 0.777069
vt 0.632628 0.971487
vt 0.632628 0.755547
vt 0.936137 0.755547
vt 0.936137 0.777069
vt 0.957658 0.777069
vt 0.957658 0.971487
vt 0.936137 0.971487
vt 0.936137 0.993008
vt 0.632628 0.993008
vt 0.072939 0.924290
vt 0.079936 0.924290
vt 0.079936 0.980353
vt 0.072939 0.980353
vt 0.072939 0.980352
vt 0.013112 0.980352
vt 0.013112 0.924289
vt 0.072939 0.924289
vt 0.006115 0.924290
vt 0.013112 0.924290
vt 0.013112 0.980353
vt 0.006115 0.980353
vt 0.072939 0.986349
vt 0.013112 0.986349
vt 0.013112 0.918294
vt 0.072939 0.918294
vt 0.750687 0.384825
vt 0.760357 0.563174
vt 0.783294 0.562269
vt 0.765853 0.384081
vt 0.868182 0.223454
vt 0.877428 0.223933
vt 0.876777 0.184481
vt 0.867511 0.183830
vt 0.889390 0.550948
vt 0.877465 0.368618
vt 0.868640 0.369805
vt 0.885358 0.551207
vt 0.877007 0.006155
vt 0.867704 0.006200
vt 0.774017 0.602395
vt 0.797340 0.616290
vt 0.813673 0.616404
vt 0.809304 0.600167
vt 0.876795 0.336112
vt 0.876932 0.314904
vt 0.867669 0.316281
vt 0.867584 0.337696
vt 0.990406 0.615629
vt 0.990336 0.599539
vt 0.972193 0.229696
vt 0.957746 0.404824
vt 0.963999 0.405431
vt 0.984898 0.232979
vt 0.974857 0.189433
vt 0.989422 0.190041
vt 0.989422 0.007558
vt 0.976375 0.007460
vt 0.894514 0.224282
vt 0.894569 0.184788
vt 0.894759 0.335231
vt 0.894681 0.314158
vt 0.896363 0.550809
vt 0.894900 0.367954
vt 0.955294 0.228959
vt 0.951197 0.404736
vt 0.956051 0.189032
vt 0.959028 0.007240
vt 0.894968 0.006150
vt 0.764825 0.579094
vt 0.791391 0.580564
vt 0.876652 0.351527
vt 0.867444 0.352974
vt 0.894831 0.350731
vt 0.973661 0.211524
vt 0.955642 0.210805
vt 0.986511 0.214607
vt 0.773636 0.680808
vt 0.812764 0.686239
vt 0.813027 0.661524
vt 0.775161 0.661867
vt 0.876838 0.274374
vt 0.877461 0.259779
vt 0.867963 0.259947
vt 0.867261 0.275158
vt 0.894587 0.274056
vt 0.894548 0.259575
vt 0.990716 0.687635
vt 0.990607 0.662003
vt 0.714387 0.594769
vt 0.717184 0.615294
vt 0.714055 0.579981
vt 0.713532 0.563638
vt 0.719503 0.385487
vt 0.734092 0.650510
vt 0.742605 0.662252
vt 0.813381 0.637953
vt 0.990500 0.637163
vt 0.788608 0.635970
vt 0.722257 0.634097
vt 0.877345 0.294986
vt 0.868009 0.296153
vt 0.894601 0.294224
vt 0.750755 0.384900
vt 0.765918 0.384174
vt 0.783310 0.562263
vt 0.760368 0.563149
vt 0.920830 0.223489
vt 0.921643 0.183927
vt 0.912382 0.184543
vt 0.911605 0.223953
vt 0.903339 0.550884
vt 0.907372 0.551100
vt 0.921181 0.369574
vt 0.912346 0.368468
vt 0.912925 0.006234
vt 0.922226 0.006320
vt 0.774017 0.602382
vt 0.809304 0.600162
vt 0.813669 0.616399
vt 0.797337 0.616280
vt 0.912738 0.335963
vt 0.921956 0.337469
vt 0.921691 0.316070
vt 0.912434 0.314769
vt 0.990321 0.599556
vt 0.990389 0.615644
vt 0.938400 0.229043
vt 0.925582 0.231815
vt 0.938391 0.404906
vt 0.944663 0.404563
vt 0.937264 0.188750
vt 0.941692 0.006893
vt 0.928857 0.006562
vt 0.922687 0.188848
vt 0.791396 0.580558
vt 0.764831 0.579077
vt 0.922226 0.352737
vt 0.913011 0.351371
vt 0.937645 0.210846
vt 0.924702 0.213431
vt 0.773621 0.680792
vt 0.775149 0.661849
vt 0.813019 0.661512
vt 0.812752 0.686227
vt 0.912280 0.274296
vt 0.921823 0.275032
vt 0.921058 0.259890
vt 0.911596 0.259747
vt 0.990585 0.662016
vt 0.990691 0.687646
vt 0.714388 0.594749
vt 0.717183 0.615275
vt 0.714056 0.579962
vt 0.713531 0.563621
vt 0.719570 0.385575
vt 0.734081 0.650483
vt 0.742592 0.662227
vt 0.990480 0.637176
vt 0.813376 0.637945
vt 0.788600 0.635956
vt 0.722250 0.634067
vt 0.921196 0.295983
vt 0.911871 0.294878
vt 0.598541 0.971229
vt 0.277419 0.971229
vt 0.277419 0.765528
vt 0.598541 0.765528
vt 0.006481 0.011345
vt 0.283237 0.011345
vt 0.283237 0.022918
vt 0.006481 0.022918
vt 0.451935 0.011345
vt 0.451935 0.022918
vt 0.162247 0.279960
vt 0.160240 0.281451
vt 0.160297 0.202316
vt 0.162237 0.203760
vt 0.281483 0.280002
vt 0.283459 0.281451
vt 0.283499 0.202377
vt 0.281553 0.203833
vt 0.254355 0.142744
vt 0.254355 0.139106
vt 0.348667 0.139106
vt 0.347958 0.142744
vt 0.100047 0.142744
vt 0.099633 0.139106
vt 0.254355 0.146391
vt 0.348667 0.146391
vt 0.099633 0.146391
vt 0.283237 0.057303
vt 0.283237 0.025303
vt 0.451935 0.025303
vt 0.451935 0.057303
vt 0.006481 0.057303
vt 0.006481 0.025303
vt 0.014844 0.338672
vt 0.014807 0.065644
vt 0.029065 0.074840
vt 0.029154 0.329518
vt 0.442076 0.338823
vt 0.427847 0.329630
vt 0.442325 0.065904
vt 0.428016 0.075054
vt 0.060407 0.284939
vt 0.060407 0.122558
vt 0.097685 0.122558
vt 0.097685 0.284939
vt 0.351180 0.322216
vt 0.097685 0.322216
vt 0.351180 0.284939
vt 0.388457 0.122558
vt 0.388457 0.284939
vt 0.351180 0.122558
vt 0.097685 0.085280
vt 0.351180 0.085280
vt 0.182606 0.718176
vt 0.150938 0.718176
vt 0.150938 0.727219
vt 0.182606 0.727219
vt 0.150938 0.757555
vt 0.182606 0.757555
vt 0.150938 0.766597
vt 0.182606 0.766597
vt 0.137612 0.751834
vt 0.121557 0.751834
vt 0.121557 0.767213
vt 0.137612 0.767213
vt 0.141895 0.727219
vt 0.141895 0.757555
vt 0.191649 0.757555
vt 0.191649 0.727219
vt 0.595215 0.197388
vt 0.654439 0.197388
vt 0.654439 0.242450
vt 0.595215 0.242450
vt 0.654439 0.287513
vt 0.595215 0.287513
vt 0.595215 0.017138
vt 0.654439 0.017138
vt 0.654439 0.062201
vt 0.595215 0.062201
vt 0.654439 0.107263
vt 0.595215 0.107263
vt 0.654439 0.152325
vt 0.595215 0.152325
vt 0.090649 0.793432
vt 0.101470 0.774689
vt 0.112292 0.793432
vt 0.079828 0.774689
vt 0.090649 0.755946
vt 0.112292 0.755946
vt 0.123114 0.774689
vt 0.090476 0.793651
vt 0.101297 0.774908
vt 0.112118 0.793651
vt 0.122940 0.774908
vt 0.112118 0.756165
vt 0.090476 0.756165
vt 0.079655 0.774908
vt 0.470496 0.197388
vt 0.529721 0.197388
vt 0.529721 0.242450
vt 0.470496 0.242450
vt 0.529721 0.287513
vt 0.470496 0.287513
vt 0.470496 0.017138
vt 0.529721 0.017138
vt 0.529721 0.062201
vt 0.470496 0.062201
vt 0.529721 0.107263
vt 0.470496 0.107263
vt 0.529721 0.152325
vt 0.470496 0.152325
vt 0.090806 0.793089
vt 0.101628 0.774346
vt 0.112449 0.793089
vt 0.079985 0.774346
vt 0.090806 0.755603
vt 0.112449 0.755603
vt 0.123271 0.774346
vt 0.112199 0.755603
vt 0.101378 0.774346
vt 0.090556 0.755603
vt 0.079735 0.774346
vt 0.090556 0.793089
vt 0.112199 0.793089
vt 0.123020 0.774346
vt 0.532391 0.197388
vt 0.591615 0.197388
vt 0.591615 0.242450
vt 0.532391 0.242450
vt 0.591615 0.287513
vt 0.532391 0.287513
vt 0.532391 0.017138
vt 0.591615 0.017138
vt 0.591615 0.062201
vt 0.532391 0.062201
vt 0.591615 0.107263
vt 0.532391 0.107263
vt 0.591615 0.152325
vt 0.532391 0.152325
vt 0.090620 0.793431
vt 0.101442 0.774689
vt 0.112263 0.793431
vt 0.079799 0.774689
vt 0.090620 0.755946
vt 0.112263 0.755946
vt 0.123085 0.774689
vt 0.112356 0.755603
vt 0.101535 0.774346
vt 0.090713 0.755603
vt 0.079892 0.774346
vt 0.090713 0.793089
vt 0.112356 0.793089
vt 0.123177 0.774346
vt 0.183404 0.641726
vt 0.018106 0.641726
vt 0.018106 0.648969
vt 0.183404 0.648969
vt 0.018106 0.708409
vt 0.183404 0.708409
vt 0.018106 0.715652
vt 0.183404 0.715652
vt 0.054102 0.750753
vt 0.137901 0.750753
vt 0.137901 0.720620
vt 0.054102 0.720620
vt 0.010863 0.648969
vt 0.010863 0.708409
vt 0.190647 0.708409
vt 0.190647 0.648969
vt 0.532567 0.590593
vt 0.670426 0.590593
vt 0.670426 0.611109
vt 0.532567 0.611109
vt 0.670426 0.649252
vt 0.532567 0.649252
vt 0.532567 0.455646
vt 0.670426 0.455646
vt 0.670426 0.493789
vt 0.532567 0.493789
vt 0.670426 0.514306
vt 0.532567 0.514306
vt 0.670426 0.552449
vt 0.532567 0.552449
vt 0.821425 0.330415
vt 0.783282 0.330415
vt 0.815908 0.350176
vt 0.788799 0.310655
vt 0.750656 0.310655
vt 0.745138 0.330416
vt 0.777765 0.350176
vt 0.750703 0.310748
vt 0.783329 0.330509
vt 0.745186 0.330509
vt 0.777812 0.350269
vt 0.815955 0.350269
vt 0.821472 0.330508
vt 0.788846 0.310748
vt 0.485667 0.649252
vt 0.485667 0.634959
vt 0.507461 0.634959
vt 0.507462 0.649252
vt 0.485667 0.570544
vt 0.485667 0.552957
vt 0.507461 0.552957
vt 0.507461 0.570545
vt 0.485667 0.409140
vt 0.485667 0.394847
vt 0.507461 0.394847
vt 0.507461 0.409140
vt 0.858831 0.227942
vt 0.851895 0.239169
vt 0.827816 0.225489
vt 0.824066 0.199965
vt 0.762755 0.114131
vt 0.748462 0.114131
vt 0.748462 0.098034
vt 0.762755 0.098034
vt 0.676961 0.114131
vt 0.684047 0.098034
vt 0.485667 0.473555
vt 0.507461 0.473555
vt 0.844854 0.260238
vt 0.827331 0.253720
vt 0.550578 0.321973
vt 0.564872 0.321973
vt 0.564872 0.448482
vt 0.550578 0.448482
vt 0.532567 0.448482
vt 0.532567 0.321973
vt 0.546860 0.321973
vt 0.546861 0.448482
vt 0.511179 0.647765
vt 0.511179 0.633472
vt 0.528849 0.633472
vt 0.528849 0.647765
vt 0.511179 0.609518
vt 0.528849 0.609517
vt 0.511179 0.551470
vt 0.528849 0.551470
vt 0.528849 0.569057
vt 0.511179 0.569057
vt 0.511179 0.407653
vt 0.528849 0.407653
vt 0.528849 0.431608
vt 0.511179 0.431608
vt 0.511179 0.393360
vt 0.528849 0.393360
vt 0.584686 0.448482
vt 0.568590 0.448482
vt 0.568590 0.321973
vt 0.584686 0.321973
vt 0.672726 0.014629
vt 0.688822 0.014629
vt 0.688822 0.041219
vt 0.672726 0.038583
vt 0.781767 0.109390
vt 0.774681 0.093293
vt 0.846182 0.093293
vt 0.846182 0.109390
vt 0.771979 0.199965
vt 0.768043 0.224465
vt 0.741090 0.237145
vt 0.735247 0.225570
vt 0.767505 0.252339
vt 0.746344 0.258328
vt 0.511179 0.472068
vt 0.528849 0.472068
vt 0.528849 0.493344
vt 0.511179 0.493344
vt 0.745677 0.014629
vt 0.765739 0.014629
vt 0.765739 0.038583
vt 0.745677 0.041219
vt 0.661604 0.448482
vt 0.641541 0.448482
vt 0.641541 0.321973
vt 0.661603 0.321973
vt 0.774681 0.036438
vt 0.781767 0.016376
vt 0.846182 0.016376
vt 0.846182 0.036438
vt 0.485667 0.494832
vt 0.507461 0.494832
vt 0.748462 0.191048
vt 0.684047 0.191048
vt 0.676961 0.170986
vt 0.748462 0.170986
vt 0.762755 0.191048
vt 0.762755 0.170986
vt 0.798907 0.226010
vt 0.799019 0.201580
vt 0.798413 0.254534
vt 0.511179 0.523491
vt 0.528849 0.523491
vt 0.716142 0.014629
vt 0.716142 0.043464
vt 0.612006 0.448482
vt 0.612006 0.321973
vt 0.768642 0.065973
vt 0.846182 0.065973
vt 0.485667 0.524978
vt 0.507461 0.524978
vt 0.748462 0.141451
vt 0.670922 0.141451
vt 0.762755 0.141451
vt 0.688822 0.086130
vt 0.672726 0.079044
vt 0.716142 0.092168
vt 0.745677 0.086130
vt 0.765739 0.079044
vt 0.769060 0.302047
vt 0.750118 0.296249
vt 0.796808 0.308139
vt 0.822933 0.303678
vt 0.838832 0.298462
vt 0.156407 0.982368
vt 0.240262 0.982368
vt 0.240262 0.971728
vt 0.156407 0.971728
vt 0.240261 0.961087
vt 0.156407 0.961087
vt 0.240262 0.950447
vt 0.156407 0.950447
vt 0.240262 0.939807
vt 0.156407 0.939807
vt 0.240262 0.929167
vt 0.156407 0.929167
vt 0.156407 0.993008
vt 0.240262 0.993008
vt 0.109316 0.820963
vt 0.119956 0.820988
vt 0.114658 0.811761
vt 0.114614 0.830190
vt 0.125254 0.830215
vt 0.130596 0.821014
vt 0.125298 0.811786
vt 0.109351 0.821010
vt 0.119992 0.821011
vt 0.114671 0.811796
vt 0.125312 0.811796
vt 0.130632 0.821011
vt 0.125311 0.830225
vt 0.114671 0.830225
s 1
usemtl Handle1Mtl
f 1044/951/946 1045/952/946 1046/953/946
f 1044/951/946 1046/953/946 1047/954/946
f 1048/952/947 1049/955/948 1050/956/949
f 1048/952/947 1050/956/949 1051/953/948
f 1052/957/950 1053/958/950 1054/959/950
f 1052/957/950 1054/959/950 1055/960/951
f 1056/961/952 1057/951/953 1058/954/952
f 1056/961/952 1058/954/952 1059/962/954
f 1060/954/955 1061/953/956 1062/963/955
f 1060/954/955 1062/963/955 1063/964/955
f 1064/965/957 1065/966/957 1066/952/957
f 1064/965/957 1066/952/957 1067/951/957
f 1068/967/955 1069/968/956 1070/969/955
f 1068/967/955 1070/969/955 1071/970/956
f 1072/968/958 1073/971/950 1074/972/950
f 1072/968/958 1074/972/950 1075/969/950
f 1076/971/957 1077/973/957 1078/974/957
f 1076/971/957 1078/974/957 1079/972/957
f 1080/975/959 1081/976/959 1082/977/946
f 1080/975/959 1082/977/946 1083/978/946
f 1084/979/952 1085/969/952 1086/972/960
f 1084/979/952 1086/972/960 1087/980/961
f 1088/981/962 1089/971/962 1090/968/947
f 1088/981/962 1090/968/947 1091/982/947
f 1092/983/952 1093/984/952 1094/985/952
f 1092/983/952 1094/985/952 1095/986/952
f 1096/986/963 1097/985/964 1098/987/963
f 1096/986/963 1098/987/963 1099/988/963
f 1100/989/965 1101/990/966 1102/991/966
f 1100/989/965 1102/991/966 1103/992/966
f 1104/992/947 1105/991/947 1106/993/947
f 1104/992/947 1106/993/947 1107/994/967
f 1108/994/968 1109/993/968 1110/995/968
f 1108/994/968 1110/995/968 1111/996/968
f 1112/996/969 1113/995/970 1114/984/969
f 1112/996/969 1114/984/969 1115/983/969
f 1116/997/955 1117/998/955 1118/999/955
f 1119/1000/955 1117/998/955 1116/997/955
f 1120/1001/955 1117/998/955 1119/1000/955
f 1121/1002/956 1117/998/955 1120/1001/955
f 1122/1003/955 1117/998/955 1121/1002/956
f 1118/999/955 1117/998/955 1122/1003/955
f 1123/1004/957 1124/1005/957 1125/1006/957
f 1125/1006/957 1124/1005/957 1126/1007/957
f 1126/1007/957 1124/1005/957 1127/1008/957
f 1127/1008/957 1124/1005/957 1128/1009/971
f 1129/1009/957 1124/1005/957 1130/1010/957
f 1131/1010/971 1124/1005/957 1123/1004/957
f 1132/1011/961 1133/1012/952 1134/1013/952
f 1132/1011/961 1134/1013/952 1135/1014/961
f 1136/1014/963 1137/1013/964 1138/1015/963
f 1136/1014/963 1138/1015/963 1139/1016/963
f 1140/1017/966 1141/1018/966 1142/1019/965
f 1140/1017/966 1142/1019/965 1143/1020/965
f 1144/1020/962 1145/1019/947 1146/1021/947
f 1144/1020/962 1146/1021/947 1147/1022/947
f 1148/1022/968 1149/1021/968 1150/1023/968
f 1148/1022/968 1150/1023/968 1151/1024/968
f 1152/1024/969 1153/1023/969 1154/1012/969
f 1152/1024/969 1154/1012/969 1155/1011/969
f 1156/1025/955 1157/1026/955 1158/1027/955
f 1159/1028/955 1157/1026/955 1156/1025/955
f 1160/1029/955 1157/1026/955 1159/1028/955
f 1161/1030/955 1157/1026/955 1160/1029/955
f 1162/1031/955 1157/1026/955 1161/1030/955
f 1158/1027/955 1157/1026/955 1162/1031/955
f 1163/1032/957 1164/1033/957 1165/1034/957
f 1165/1034/957 1164/1033/957 1166/1035/957
f 1166/1035/957 1164/1033/957 1167/1036/957
f 1167/1036/957 1164/1033/957 1168/1037/957
f 1168/1037/957 1164/1033/957 1169/1038/957
f 1169/1038/957 1164/1033/957 1163/1032/957
f 1170/1039/947 1171/1040/947 1172/1041/962
f 1170/1039/947 1172/1041/962 1173/1042/947
f 1174/1040/950 1175/1043/950 1176/1044/950
f 1174/1040/950 1176/1044/950 1177/1041/950
f 1178/1043/952 1179/1045/972 1180/1046/961
f 1178/1043/952 1180/1046/961 1181/1044/952
f 1182/1047/946 1183/1048/946 1184/1049/946
f 1182/1047/946 1184/1049/946 1185/1050/959
f 1186/1051/955 1187/1041/955 1188/1044/955
f 1186/1051/955 1188/1044/955 1189/1052/955
f 1190/1053/957 1191/1043/957 1192/1040/957
f 1190/1053/957 1192/1040/957 1193/1054/957
f 1194/967/957 1195/970/971 1196/969/971
f 1194/967/957 1196/969/971 1197/968/957
f 1198/968/950 1199/969/950 1200/972/950
f 1198/968/950 1200/972/950 1201/971/950
f 1202/971/955 1203/972/955 1204/974/955
f 1202/971/955 1204/974/955 1205/973/955
f 1206/975/946 1207/978/946 1208/977/946
f 1206/975/946 1208/977/946 1209/976/959
f 1210/979/952 1211/980/952 1212/972/972
f 1210/979/952 1212/972/972 1213/969/952
f 1214/981/947 1215/982/967 1216/968/967
f 1214/981/947 1216/968/967 1217/971/967
f 1218/983/952 1219/986/952 1220/985/973
f 1218/983/952 1220/985/973 1221/984/952
f 1222/986/964 1223/988/963 1224/987/963
f 1222/986/964 1224/987/963 1225/985/963
f 1226/989/966 1227/992/966 1228/991/966
f 1226/989/966 1228/991/966 1229/990/966
f 1230/992/947 1231/994/967 1232/993/974
f 1230/992/947 1232/993/974 1233/991/947
f 1234/994/975 1235/996/968 1236/995/968
f 1234/994/975 1236/995/968 1237/993/968
f 1238/996/969 1239/983/969 1240/984/969
f 1238/996/969 1240/984/969 1241/995/969
f 1242/997/957 1243/999/957 1244/998/957
f 1245/1000/957 1242/997/957 1244/998/957
f 1246/1001/957 1245/1000/957 1244/998/957
f 1247/1002/957 1246/1001/957 1244/998/957
f 1248/1003/957 1247/1002/957 1244/998/957
f 1243/999/957 1248/1003/957 1244/998/957
f 1249/1004/955 1250/1006/955 1251/1005/955
f 1250/1006/955 1252/1007/955 1251/1005/955
f 1252/1007/955 1253/1008/955 1251/1005/955
f 1253/1008/955 1254/1009/955 1251/1005/955
f 1254/1009/955 1255/1010/955 1251/1005/955
f 1255/1010/955 1249/1004/955 1251/1005/955
f 1256/1011/952 1257/1014/952 1258/1013/952
f 1256/1011/952 1258/1013/952 1259/1012/973
f 1260/1014/964 1261/1016/963 1262/1015/963
f 1260/1014/964 1262/1015/963 1263/1013/963
f 1264/1017/965 1265/1020/966 1266/1019/966
f 1264/1017/965 1266/1019/966 1267/1018/965
f 1268/1020/967 1269/1022/947 1270/1021/947
f 1268/1020/967 1270/1021/947 1271/1019/967
f 1272/1022/968 1273/1024/968 1274/1023/968
f 1272/1022/968 1274/1023/968 1275/1021/968
f 1276/1024/969 1277/1011/969 1278/1012/969
f 1276/1024/969 1278/1012/969 1279/1023/969
f 1280/1025/971 1281/1027/971 1282/1026/971
f 1283/1028/957 1284/1025/957 1285/1026/957
f 1286/1029/957 1283/1028/957 1285/1026/957
f 1287/1030/957 1286/1029/957 1285/1026/957
f 1288/1031/957 1287/1030/957 1285/1026/957
f 1289/1027/957 1288/1031/957 1285/1026/957
f 1290/1032/955 1291/1034/955 1292/1033/955
f 1291/1034/955 1293/1035/955 1292/1033/955
f 1293/1035/955 1294/1036/955 1292/1033/955
f 1294/1036/955 1295/1037/955 1292/1033/955
f 1295/1037/955 1296/1038/955 1292/1033/955
f 1296/1038/955 1290/1032/955 1292/1033/955
f 1297/1039/947 1298/1042/947 1299/1041/947
f 1297/1039/947 1299/1041/947 1300/1040/967
f 1301/1040/958 1302/1041/950 1303/1044/950
f 1301/1040/958 1303/1044/950 1304/1043/950
f 1305/1043/961 1306/1044/952 1307/1046/961
f 1305/1043/961 1307/1046/961 1308/1045/952
f 1309/1047/946 1310/1050/959 1311/1049/946
f 1309/1047/946 1311/1049/946 1312/1048/946
f 1313/1051/957 1314/1052/957 1315/1044/957
f 1313/1051/957 1315/1044/957 1316/1041/957
f 1317/1053/955 1318/1054/955 1319/1040/955
f 1317/1053/955 1319/1040/955 1320/1043/955
f 1321/1055/952 1322/1056/960 1323/1057/952
f 1321/1055/952 1323/1057/952 1324/1058/976
f 1325/1059/955 1326/1060/955 1327/1061/955
f 1325/1059/955 1327/1061/955 1328/1062/955
f 1329/1063/946 1330/1061/959 1331/1062/959
f 1329/1063/946 1331/1062/959 1332/1064/946
f 1333/1059/957 1334/1062/957 1335/1061/957
f 1333/1059/957 1335/1061/957 1336/1060/957
f 1337/1061/950 1338/1063/958 1339/1064/950
f 1337/1061/950 1339/1064/950 1340/1062/958
f 1341/1065/977 1342/1066/977 1343/1067/977
f 1341/1065/977 1343/1067/977 1344/1068/977
f 1345/1069/978 1346/1070/978 1347/1071/978
f 1345/1069/978 1347/1071/978 1348/1072/978
f 1349/1073/979 1350/1071/980 1351/1070/980
f 1349/1073/979 1351/1070/980 1352/1074/980
f 1353/1067/981 1354/1075/981 1355/1076/981
f 1353/1067/981 1355/1076/981 1356/1068/981
s 0
f 1357/1077/982 1358/1078/982 1359/1079/982
s 1
f 1357/1077/983 1359/1079/984 1360/1080/985
f 1361/1081/947 1362/1082/947 1363/1083/985
f 1361/1081/947 1363/1083/985 1364/1084/967
f 1362/1082/947 1365/1085/947 1366/1086/947
f 1362/1082/947 1366/1086/947 1363/1083/985
f 1367/1087/947 1357/1077/983 1360/1080/985
f 1367/1087/947 1360/1080/985 1368/1088/947
f 1369/1089/957 1370/1090/957 1371/1091/957
f 1369/1089/957 1371/1091/957 1372/1092/957
f 1373/1093/950 1374/1094/950 1375/1095/958
f 1373/1093/950 1375/1095/958 1376/1091/950
f 1377/1096/955 1378/1097/955 1379/1098/955
f 1377/1096/955 1379/1098/955 1380/1095/955
f 1381/1099/946 1382/1100/946 1383/1092/959
f 1381/1099/946 1383/1092/959 1384/1098/946
f 1385/1092/986 1386/1091/947 1387/1095/947
f 1385/1092/986 1387/1095/947 1388/1098/947
f 1389/951/959 1390/954/987 1391/953/959
f 1389/951/959 1391/953/959 1392/952/959
f 1393/952/947 1394/953/985 1395/956/948
f 1393/952/947 1395/956/948 1396/955/947
f 1397/957/950 1398/960/950 1399/959/950
f 1397/957/950 1399/959/950 1400/958/950
f 1401/961/988 1402/962/989 1403/954/952
f 1401/961/988 1403/954/952 1404/951/952
f 1405/954/957 1406/964/971 1407/963/957
f 1405/954/957 1407/963/957 1408/953/957
f 1409/965/955 1410/951/955 1411/952/955
f 1409/965/955 1411/952/955 1412/966/955
f 1413/1101/990 1414/1102/990 1415/1103/991
f 1413/1101/990 1415/1103/991 1416/1104/990
f 1417/1105/958 1418/1106/950 1419/1107/958
f 1417/1105/958 1419/1107/958 1420/1108/950
f 1421/1109/992 1422/1110/992 1423/1111/992
f 1421/1109/992 1423/1111/992 1424/1112/992
f 1425/1110/959 1426/1101/959 1427/1104/959
f 1425/1110/959 1427/1104/959 1428/1111/946
f 1429/1104/955 1430/1113/955 1431/1114/955
f 1429/1104/955 1431/1114/955 1432/1111/955
f 1433/1110/957 1434/1115/957 1435/1116/957
f 1433/1110/957 1435/1116/957 1436/1101/957
f 1437/1117/993 1438/1118/994 1439/1119/995
f 1437/1117/993 1439/1119/995 1440/1120/995
f 1441/1121/996 1442/1122/997 1443/1123/998
f 1441/1121/996 1443/1123/998 1444/1124/998
f 1445/1125/999 1446/1126/1000 1447/1127/1001
f 1445/1125/999 1447/1127/1001 1448/1128/1002
f 1449/1129/1003 1450/1130/1003 1444/1124/998
f 1449/1129/1003 1444/1124/998 1443/1123/998
f 1451/1131/1004 1452/1132/1005 1453/1133/1006
f 1451/1131/1004 1453/1133/1006 1454/1134/1007
f 1455/1135/1008 1456/1136/1009 1457/1137/1010
f 1455/1135/1008 1457/1137/1010 1458/1138/1011
f 1454/1134/1007 1453/1133/1006 1459/1139/1012
f 1454/1134/1007 1459/1139/1012 1460/1140/1013
f 1461/1141/1014 1462/1142/1015 1463/1143/1015
f 1461/1141/1014 1463/1143/1015 1464/1144/1016
f 1465/1145/1017 1466/1146/1017 1467/1147/1018
f 1465/1145/1017 1467/1147/1018 1468/1148/1017
f 1469/1122/1019 1470/1149/1020 1471/1150/1021
f 1469/1122/1019 1471/1150/1021 1472/1123/1022
f 1473/1151/1023 1474/1152/1024 1475/1136/1025
f 1473/1151/1023 1475/1136/1025 1476/1135/1026
f 1477/1153/1027 1478/1154/1028 1479/1126/1029
f 1477/1153/1027 1479/1126/1029 1480/1125/1029
f 1481/1141/1030 1482/1155/1031 1483/1156/1032
f 1481/1141/1030 1483/1156/1032 1484/1142/1033
f 1485/1157/946 1486/1145/1034 1487/1148/1034
f 1485/1157/946 1487/1148/1034 1488/1158/946
f 1471/1150/1021 1489/1159/1035 1490/1129/1036
f 1471/1150/1021 1490/1129/1036 1472/1123/1022
f 1438/1118/994 1491/1160/1005 1492/1161/1037
f 1438/1118/994 1492/1161/1037 1439/1119/995
f 1446/1126/1000 1493/1162/1038 1494/1163/1039
f 1446/1126/1000 1494/1163/1039 1447/1127/1001
f 1478/1154/1028 1495/1164/955 1496/1162/1040
f 1478/1154/1028 1496/1162/1040 1479/1126/1029
f 1497/1165/1041 1498/1166/1042 1482/1155/1031
f 1497/1165/1041 1482/1155/1031 1481/1141/1030
f 1499/1165/1043 1461/1141/1014 1464/1144/1016
f 1499/1165/1043 1464/1144/1016 1500/1167/1044
f 1491/1160/1005 1451/1131/1004 1454/1134/1007
f 1491/1160/1005 1454/1134/1007 1492/1161/1037
f 1493/1162/1038 1455/1135/1008 1458/1138/1011
f 1493/1162/1038 1458/1138/1011 1494/1163/1039
f 1495/1164/955 1473/1151/1023 1476/1135/1026
f 1495/1164/955 1476/1135/1026 1496/1162/1040
f 1501/1145/1045 1502/1157/1046 1498/1166/1042
f 1501/1145/1045 1498/1166/1042 1497/1165/1041
f 1503/1146/1047 1504/1145/1047 1499/1165/1043
f 1503/1146/1047 1499/1165/1043 1500/1167/1044
f 1505/1168/1048 1506/1169/1049 1507/1170/1050
f 1505/1168/1048 1507/1170/1050 1508/1171/1051
f 1509/1172/1052 1510/1173/1053 1511/1174/1054
f 1509/1172/1052 1511/1174/1054 1512/1175/1052
f 1513/1176/1055 1514/1177/1056 1515/1173/1057
f 1513/1176/1055 1515/1173/1057 1516/1172/1058
f 1507/1170/1050 1506/1169/1049 1517/1178/1059
f 1507/1170/1050 1517/1178/1059 1518/1179/1050
f 1519/1180/1060 1520/1181/1061 1452/1132/1005
f 1519/1180/1060 1452/1132/1005 1451/1131/1004
f 1521/1182/1062 1519/1180/1060 1451/1131/1004
f 1521/1182/1062 1451/1131/1004 1491/1160/1005
f 1522/1183/1063 1521/1182/1062 1491/1160/1005
f 1522/1183/1063 1491/1160/1005 1438/1118/994
f 1523/1184/1064 1522/1183/1063 1438/1118/994
f 1523/1184/1064 1438/1118/994 1437/1117/993
f 1515/1173/1057 1514/1177/1056 1470/1149/1020
f 1515/1173/1057 1470/1149/1020 1469/1122/1019
f 1511/1174/1054 1510/1173/1053 1442/1122/997
f 1511/1174/1054 1442/1122/997 1441/1121/996
f 1524/1185/1065 1525/1186/1066 1505/1168/1048
f 1524/1185/1065 1505/1168/1048 1508/1171/1051
f 1453/1133/1006 1526/1187/1067 1527/1188/1068
f 1453/1133/1006 1527/1188/1068 1459/1139/1012
f 1452/1132/1005 1528/1189/1069 1526/1187/1067
f 1452/1132/1005 1526/1187/1067 1453/1133/1006
f 1520/1181/1061 1529/1190/1070 1528/1189/1069
f 1520/1181/1061 1528/1189/1069 1452/1132/1005
f 1456/1136/1009 1530/1191/1071 1531/1192/1072
f 1456/1136/1009 1531/1192/1072 1457/1137/1010
f 1474/1152/1024 1532/1193/1073 1533/1191/1074
f 1474/1152/1024 1533/1191/1074 1475/1136/1025
f 1532/1193/1073 1513/1176/1055 1516/1172/1058
f 1532/1193/1073 1516/1172/1058 1533/1191/1074
f 1530/1191/1071 1509/1172/1052 1512/1175/1052
f 1530/1191/1071 1512/1175/1052 1531/1192/1072
f 1529/1190/1070 1524/1185/1065 1508/1171/1051
f 1529/1190/1070 1508/1171/1051 1528/1189/1069
f 1507/1170/1050 1526/1187/1067 1528/1189/1069
f 1507/1170/1050 1528/1189/1069 1508/1171/1051
f 1526/1187/1067 1507/1170/1050 1518/1179/1050
f 1526/1187/1067 1518/1179/1050 1527/1188/1068
f 1534/1194/1075 1535/1195/1076 1536/1196/1077
f 1534/1194/1075 1536/1196/1077 1537/1197/1078
f 1538/1198/1079 1539/1199/1080 1540/1200/1080
f 1538/1198/1079 1540/1200/1080 1541/1201/1081
f 1542/1202/1082 1543/1203/1082 1544/1204/1083
f 1542/1202/1082 1544/1204/1083 1545/1205/1084
f 1546/1206/1085 1540/1200/1080 1539/1199/1080
f 1546/1206/1085 1539/1199/1080 1547/1207/1085
f 1548/1208/1086 1549/1209/1087 1550/1210/1088
f 1548/1208/1086 1550/1210/1088 1551/1211/1089
f 1552/1212/1090 1553/1213/1091 1554/1214/1092
f 1552/1212/1090 1554/1214/1092 1555/1215/1093
f 1549/1209/1087 1556/1216/1094 1557/1217/1095
f 1549/1209/1087 1557/1217/1095 1550/1210/1088
f 1558/1218/1096 1559/1219/1097 1560/1220/1098
f 1558/1218/1096 1560/1220/1098 1561/1221/1099
f 1562/1222/1100 1563/1223/1100 1564/1224/1100
f 1562/1222/1100 1564/1224/1100 1565/1225/1100
f 1566/1201/1101 1567/1200/1102 1471/1150/1021
f 1566/1201/1101 1471/1150/1021 1470/1149/1020
f 1473/1151/1023 1568/1212/1103 1569/1215/1104
f 1473/1151/1023 1569/1215/1104 1474/1152/1024
f 1477/1153/1027 1570/1202/1105 1571/1205/1106
f 1477/1153/1027 1571/1205/1106 1478/1154/1028
f 1572/1218/1107 1573/1221/1108 1483/1156/1032
f 1572/1218/1107 1483/1156/1032 1482/1155/1031
f 1485/1157/946 1488/1158/946 1574/1223/1109
f 1485/1157/946 1574/1223/1109 1575/1222/1110
f 1471/1150/1021 1567/1200/1102 1576/1206/1111
f 1471/1150/1021 1576/1206/1111 1489/1159/1035
f 1537/1197/1078 1536/1196/1077 1577/1226/1112
f 1537/1197/1078 1577/1226/1112 1578/1227/1113
f 1545/1205/1084 1544/1204/1083 1579/1228/1114
f 1545/1205/1084 1579/1228/1114 1580/1229/1115
f 1478/1154/1028 1571/1205/1106 1581/1229/1116
f 1478/1154/1028 1581/1229/1116 1495/1164/955
f 1582/1230/1117 1572/1218/1107 1482/1155/1031
f 1582/1230/1117 1482/1155/1031 1498/1166/1042
f 1583/1230/1118 1584/1231/1119 1559/1219/1097
f 1583/1230/1118 1559/1219/1097 1558/1218/1096
f 1578/1227/1113 1577/1226/1112 1549/1209/1087
f 1578/1227/1113 1549/1209/1087 1548/1208/1086
f 1580/1229/1115 1579/1228/1114 1553/1213/1091
f 1580/1229/1115 1553/1213/1091 1552/1212/1090
f 1495/1164/955 1581/1229/1116 1568/1212/1103
f 1495/1164/955 1568/1212/1103 1473/1151/1023
f 1585/1222/1120 1582/1230/1117 1498/1166/1042
f 1585/1222/1120 1498/1166/1042 1502/1157/1046
f 1586/1225/1121 1584/1231/1119 1583/1230/1118
f 1586/1225/1121 1583/1230/1118 1587/1222/1122
f 1588/1232/1123 1589/1233/1124 1590/1234/1125
f 1588/1232/1123 1590/1234/1125 1591/1235/1126
f 1592/1236/1127 1593/1237/1127 1594/1238/1128
f 1592/1236/1127 1594/1238/1128 1595/1239/1129
f 1513/1176/1055 1596/1236/1130 1597/1239/1131
f 1513/1176/1055 1597/1239/1131 1514/1177/1056
f 1590/1234/1125 1598/1240/1125 1599/1241/1132
f 1590/1234/1125 1599/1241/1132 1591/1235/1126
f 1600/1242/1133 1548/1208/1086 1551/1211/1089
f 1600/1242/1133 1551/1211/1089 1601/1243/1134
f 1602/1244/1135 1578/1227/1113 1548/1208/1086
f 1602/1244/1135 1548/1208/1086 1600/1242/1133
f 1603/1245/1136 1537/1197/1078 1578/1227/1113
f 1603/1245/1136 1578/1227/1113 1602/1244/1135
f 1604/1246/1136 1534/1194/1075 1537/1197/1078
f 1604/1246/1136 1537/1197/1078 1603/1245/1136
f 1597/1239/1131 1566/1201/1101 1470/1149/1020
f 1597/1239/1131 1470/1149/1020 1514/1177/1056
f 1594/1238/1128 1538/1198/1079 1541/1201/1081
f 1594/1238/1128 1541/1201/1081 1595/1239/1129
f 1605/1247/1137 1589/1233/1124 1588/1232/1123
f 1605/1247/1137 1588/1232/1123 1606/1248/1138
f 1550/1210/1088 1557/1217/1095 1607/1249/1139
f 1550/1210/1088 1607/1249/1139 1608/1250/1140
f 1551/1211/1089 1550/1210/1088 1608/1250/1140
f 1551/1211/1089 1608/1250/1140 1609/1251/1141
f 1601/1243/1134 1551/1211/1089 1609/1251/1141
f 1601/1243/1134 1609/1251/1141 1610/1252/1142
f 1555/1215/1093 1554/1214/1092 1611/1253/1143
f 1555/1215/1093 1611/1253/1143 1612/1254/1144
f 1474/1152/1024 1569/1215/1104 1613/1254/1145
f 1474/1152/1024 1613/1254/1145 1532/1193/1073
f 1532/1193/1073 1613/1254/1145 1596/1236/1130
f 1532/1193/1073 1596/1236/1130 1513/1176/1055
f 1612/1254/1144 1611/1253/1143 1593/1237/1127
f 1612/1254/1144 1593/1237/1127 1592/1236/1127
f 1610/1252/1142 1609/1251/1141 1589/1233/1124
f 1610/1252/1142 1589/1233/1124 1605/1247/1137
f 1590/1234/1125 1589/1233/1124 1609/1251/1141
f 1590/1234/1125 1609/1251/1141 1608/1250/1140
f 1608/1250/1140 1607/1249/1139 1598/1240/1125
f 1608/1250/1140 1598/1240/1125 1590/1234/1125
f 1614/1117/1146 1615/1120/1147 1616/1119/1148
f 1614/1117/1146 1616/1119/1148 1617/1118/1146
f 1618/1121/1149 1619/1124/1150 1620/1123/1151
f 1618/1121/1149 1620/1123/1151 1621/1122/1152
f 1622/1125/1153 1623/1128/1153 1624/1127/1154
f 1622/1125/1153 1624/1127/1154 1625/1126/1154
f 1626/1129/1155 1620/1123/1151 1619/1124/1150
f 1626/1129/1155 1619/1124/1150 1627/1130/1155
f 1628/1131/1156 1629/1134/1157 1630/1133/1006
f 1628/1131/1156 1630/1133/1006 1631/1132/1158
f 1632/1135/1159 1633/1138/1160 1634/1137/1161
f 1632/1135/1159 1634/1137/1161 1635/1136/1162
f 1629/1134/1157 1460/1140/1013 1459/1139/1012
f 1629/1134/1157 1459/1139/1012 1630/1133/1006
f 1636/1141/1163 1637/1144/1164 1638/1143/1165
f 1636/1141/1163 1638/1143/1165 1639/1142/1165
f 1640/1145/1017 1468/1148/1017 1641/1147/1017
f 1640/1145/1017 1641/1147/1017 1642/1146/1017
f 1643/1122/1166 1644/1123/1167 1645/1150/1168
f 1643/1122/1166 1645/1150/1168 1646/1149/1169
f 1647/1151/1170 1648/1135/1171 1649/1136/1172
f 1647/1151/1170 1649/1136/1172 1650/1152/1173
f 1651/1153/1032 1652/1125/1174 1653/1126/1175
f 1651/1153/1032 1653/1126/1175 1654/1154/1176
f 1655/1141/1177 1656/1142/1178 1657/1156/1028
f 1655/1141/1177 1657/1156/1028 1658/1155/1179
f 1659/1157/946 1488/1158/946 1487/1148/1034
f 1659/1157/946 1487/1148/1034 1660/1145/1034
f 1645/1150/1168 1644/1123/1167 1661/1129/1180
f 1645/1150/1168 1661/1129/1180 1662/1159/1181
f 1617/1118/1146 1616/1119/1148 1663/1161/1182
f 1617/1118/1146 1663/1161/1182 1664/1160/1158
f 1625/1126/1154 1624/1127/1154 1665/1163/1183
f 1625/1126/1154 1665/1163/1183 1666/1162/1183
f 1654/1154/1176 1653/1126/1175 1667/1162/1184
f 1654/1154/1176 1667/1162/1184 1668/1164/1185
f 1669/1165/1186 1655/1141/1177 1658/1155/1179
f 1669/1165/1186 1658/1155/1179 1670/1166/1187
f 1671/1165/1188 1672/1167/1189 1637/1144/1164
f 1671/1165/1188 1637/1144/1164 1636/1141/1163
f 1664/1160/1158 1663/1161/1182 1629/1134/1157
f 1664/1160/1158 1629/1134/1157 1628/1131/1156
f 1666/1162/1183 1665/1163/1183 1633/1138/1160
f 1666/1162/1183 1633/1138/1160 1632/1135/1159
f 1668/1164/1185 1667/1162/1184 1648/1135/1171
f 1668/1164/1185 1648/1135/1171 1647/1151/1170
f 1673/1145/1190 1669/1165/1186 1670/1166/1187
f 1673/1145/1190 1670/1166/1187 1674/1157/1191
f 1675/1146/1192 1672/1167/1189 1671/1165/1188
f 1675/1146/1192 1671/1165/1188 1676/1145/1193
f 1677/1168/1194 1678/1171/1195 1679/1170/1050
f 1677/1168/1194 1679/1170/1050 1680/1169/1049
f 1681/1172/1196 1682/1175/1196 1683/1174/1197
f 1681/1172/1196 1683/1174/1197 1684/1173/1198
f 1685/1176/1199 1686/1172/1200 1687/1173/1201
f 1685/1176/1199 1687/1173/1201 1688/1177/1202
f 1679/1170/1050 1518/1179/1203 1689/1178/1204
f 1679/1170/1050 1689/1178/1204 1680/1169/1049
f 1690/1180/1205 1628/1131/1156 1631/1132/1158
f 1690/1180/1205 1631/1132/1158 1691/1181/1206
f 1692/1182/1207 1664/1160/1158 1628/1131/1156
f 1692/1182/1207 1628/1131/1156 1690/1180/1205
f 1693/1183/1208 1617/1118/1146 1664/1160/1158
f 1693/1183/1208 1664/1160/1158 1692/1182/1207
f 1694/1184/1209 1614/1117/1146 1617/1118/1146
f 1694/1184/1209 1617/1118/1146 1693/1183/1208
f 1687/1173/1201 1643/1122/1166 1646/1149/1169
f 1687/1173/1201 1646/1149/1169 1688/1177/1202
f 1683/1174/1197 1618/1121/1149 1621/1122/1152
f 1683/1174/1197 1621/1122/1152 1684/1173/1198
f 1695/1185/1210 1678/1171/1195 1677/1168/1194
f 1695/1185/1210 1677/1168/1194 1696/1186/1211
f 1630/1133/1006 1459/1139/1012 1697/1188/1212
f 1630/1133/1006 1697/1188/1212 1698/1187/1213
f 1631/1132/1158 1630/1133/1006 1698/1187/1213
f 1631/1132/1158 1698/1187/1213 1699/1189/1214
f 1691/1181/1206 1631/1132/1158 1699/1189/1214
f 1691/1181/1206 1699/1189/1214 1700/1190/1215
f 1635/1136/1162 1634/1137/1161 1701/1192/1216
f 1635/1136/1162 1701/1192/1216 1702/1191/1217
f 1650/1152/1173 1649/1136/1172 1703/1191/1218
f 1650/1152/1173 1703/1191/1218 1704/1193/1219
f 1704/1193/1219 1703/1191/1218 1686/1172/1200
f 1704/1193/1219 1686/1172/1200 1685/1176/1199
f 1702/1191/1217 1701/1192/1216 1682/1175/1196
f 1702/1191/1217 1682/1175/1196 1681/1172/1196
f 1700/1190/1215 1699/1189/1214 1678/1171/1195
f 1700/1190/1215 1678/1171/1195 1695/1185/1210
f 1679/1170/1050 1678/1171/1195 1699/1189/1214
f 1679/1170/1050 1699/1189/1214 1698/1187/1213
f 1698/1187/1213 1697/1188/1212 1518/1179/1203
f 1698/1187/1213 1518/1179/1203 1679/1170/1050
f 1705/1194/1220 1706/1197/1220 1707/1196/1221
f 1705/1194/1220 1707/1196/1221 1708/1195/1222
f 1709/1198/1223 1710/1201/1224 1711/1200/1225
f 1709/1198/1223 1711/1200/1225 1712/1199/1226
f 1713/1202/1227 1714/1205/1228 1715/1204/1228
f 1713/1202/1227 1715/1204/1228 1716/1203/1229
f 1717/1206/1230 1718/1207/1231 1712/1199/1226
f 1717/1206/1230 1712/1199/1226 1711/1200/1225
f 1719/1208/1232 1720/1211/1233 1721/1210/1095
f 1719/1208/1232 1721/1210/1095 1722/1209/1234
f 1723/1212/1235 1724/1215/1236 1725/1214/1237
f 1723/1212/1235 1725/1214/1237 1726/1213/1238
f 1722/1209/1234 1721/1210/1095 1727/1217/1095
f 1722/1209/1234 1727/1217/1095 1728/1216/1239
f 1729/1218/1240 1730/1221/1241 1731/1220/1241
f 1729/1218/1240 1731/1220/1241 1732/1219/1242
f 1733/1222/1100 1734/1225/1100 1564/1224/1100
f 1733/1222/1100 1564/1224/1100 1563/1223/1100
f 1735/1201/1243 1646/1149/1169 1645/1150/1168
f 1735/1201/1243 1645/1150/1168 1736/1200/1244
f 1647/1151/1170 1650/1152/1173 1737/1215/1245
f 1647/1151/1170 1737/1215/1245 1738/1212/1246
f 1651/1153/1032 1654/1154/1176 1739/1205/1247
f 1651/1153/1032 1739/1205/1247 1740/1202/1248
f 1741/1218/1249 1658/1155/1179 1657/1156/1028
f 1741/1218/1249 1657/1156/1028 1742/1221/1250
f 1659/1157/946 1743/1222/1109 1574/1223/1109
f 1659/1157/946 1574/1223/1109 1488/1158/946
f 1645/1150/1168 1662/1159/1181 1744/1206/1251
f 1645/1150/1168 1744/1206/1251 1736/1200/1244
f 1706/1197/1220 1745/1227/1233 1746/1226/1252
f 1706/1197/1220 1746/1226/1252 1707/1196/1221
f 1714/1205/1228 1747/1229/1253 1748/1228/1253
f 1714/1205/1228 1748/1228/1253 1715/1204/1228
f 1654/1154/1176 1668/1164/1185 1749/1229/1254
f 1654/1154/1176 1749/1229/1254 1739/1205/1247
f 1750/1230/1255 1670/1166/1187 1658/1155/1179
f 1750/1230/1255 1658/1155/1179 1741/1218/1249
f 1751/1230/1256 1729/1218/1240 1732/1219/1242
f 1751/1230/1256 1732/1219/1242 1752/1231/1257
f 1745/1227/1233 1719/1208/1232 1722/1209/1234
f 1745/1227/1233 1722/1209/1234 1746/1226/1252
f 1747/1229/1253 1723/1212/1235 1726/1213/1238
f 1747/1229/1253 1726/1213/1238 1748/1228/1253
f 1668/1164/1185 1647/1151/1170 1738/1212/1246
f 1668/1164/1185 1738/1212/1246 1749/1229/1254
f 1753/1222/1258 1674/1157/1191 1670/1166/1187
f 1753/1222/1258 1670/1166/1187 1750/1230/1255
f 1754/1225/1259 1755/1222/1259 1751/1230/1256
f 1754/1225/1259 1751/1230/1256 1752/1231/1257
f 1756/1232/1260 1757/1235/1261 1758/1234/1262
f 1756/1232/1260 1758/1234/1262 1759/1233/1263
f 1760/1236/1264 1761/1239/1265 1762/1238/1266
f 1760/1236/1264 1762/1238/1266 1763/1237/1264
f 1685/1176/1199 1688/1177/1202 1764/1239/1267
f 1685/1176/1199 1764/1239/1267 1765/1236/1268
f 1758/1234/1262 1757/1235/1261 1599/1241/1132
f 1758/1234/1262 1599/1241/1132 1598/1240/1125
f 1766/1242/1269 1767/1243/1270 1720/1211/1233
f 1766/1242/1269 1720/1211/1233 1719/1208/1232
f 1768/1244/1271 1766/1242/1269 1719/1208/1232
f 1768/1244/1271 1719/1208/1232 1745/1227/1233
f 1769/1245/1272 1768/1244/1271 1745/1227/1233
f 1769/1245/1272 1745/1227/1233 1706/1197/1220
f 1770/1246/1273 1769/1245/1272 1706/1197/1220
f 1770/1246/1273 1706/1197/1220 1705/1194/1220
f 1764/1239/1267 1688/1177/1202 1646/1149/1169
f 1764/1239/1267 1646/1149/1169 1735/1201/1243
f 1762/1238/1266 1761/1239/1265 1710/1201/1224
f 1762/1238/1266 1710/1201/1224 1709/1198/1223
f 1771/1247/1274 1772/1248/1275 1756/1232/1260
f 1771/1247/1274 1756/1232/1260 1759/1233/1263
f 1721/1210/1095 1773/1250/1140 1607/1249/1139
f 1721/1210/1095 1607/1249/1139 1727/1217/1095
f 1720/1211/1233 1774/1251/1276 1773/1250/1140
f 1720/1211/1233 1773/1250/1140 1721/1210/1095
f 1767/1243/1270 1775/1252/1277 1774/1251/1276
f 1767/1243/1270 1774/1251/1276 1720/1211/1233
f 1724/1215/1236 1776/1254/1278 1777/1253/1279
f 1724/1215/1236 1777/1253/1279 1725/1214/1237
f 1650/1152/1173 1704/1193/1219 1778/1254/1280
f 1650/1152/1173 1778/1254/1280 1737/1215/1245
f 1704/1193/1219 1685/1176/1199 1765/1236/1268
f 1704/1193/1219 1765/1236/1268 1778/1254/1280
f 1776/1254/1278 1760/1236/1264 1763/1237/1264
f 1776/1254/1278 1763/1237/1264 1777/1253/1279
f 1775/1252/1277 1771/1247/1274 1759/1233/1263
f 1775/1252/1277 1759/1233/1263 1774/1251/1276
f 1758/1234/1262 1773/1250/1140 1774/1251/1276
f 1758/1234/1262 1774/1251/1276 1759/1233/1263
f 1773/1250/1140 1758/1234/1262 1598/1240/1125
f 1773/1250/1140 1598/1240/1125 1607/1249/1139
f 1779/1255/947 1780/1256/986 1781/1257/947
f 1779/1255/947 1781/1257/947 1782/1258/985
f 1783/1259/958 1784/1260/950 1785/1261/958
f 1783/1259/958 1785/1261/958 1786/1262/958
f 1787/1261/959 1788/1262/959 1789/1259/1281
f 1787/1261/959 1789/1259/1281 1790/1260/959
f 1791/1263/957 1792/1264/957 1793/1261/957
f 1791/1263/957 1793/1261/957 1794/1260/957
f 1795/1261/955 1796/1260/955 1797/1263/955
f 1795/1261/955 1797/1263/955 1798/1264/955
f 1799/1265/1282 1800/1266/1283 1801/1267/1284
f 1799/1265/1282 1801/1267/1284 1802/1268/1285
f 1803/1265/1286 1804/1269/1287 1805/1270/1286
f 1803/1265/1286 1805/1270/1286 1806/1266/1287
f 1807/1271/1288 1808/1270/1289 1809/1269/1288
f 1807/1271/1288 1809/1269/1288 1810/1272/1290
f 1811/1267/1291 1812/1271/1291 1813/1272/1291
f 1811/1267/1291 1813/1272/1291 1814/1268/1291
f 1815/1273/1292 1816/1274/1292 1817/1275/1292
f 1815/1273/1292 1817/1275/1292 1818/1276/1292
f 1819/1273/1293 1820/1277/1294 1821/1278/1295
f 1819/1273/1293 1821/1278/1295 1822/1274/1293
f 1823/1274/1296 1824/1275/1296 1825/1276/1297
f 1823/1274/1296 1825/1276/1297 1826/1273/1298
s 0
f 1827/1278/1299 1828/1274/1299 1829/1273/1299
s 1
f 1827/1278/1300 1829/1273/1301 1830/1277/1301
f 1831/1279/1302 1832/1273/1302 1833/1276/1302
f 1831/1279/1302 1833/1276/1302 1834/1280/1303
f 1835/1279/1304 1836/1281/1305 1837/1277/1304
f 1835/1279/1304 1837/1277/1304 1838/1273/1304
f 1839/1273/1306 1840/1276/1307 1841/1280/1307
f 1839/1273/1306 1841/1280/1307 1842/1279/1306
f 1843/1277/1308 1844/1273/1309 1845/1279/1309
f 1843/1277/1308 1845/1279/1309 1846/1281/1308
f 1847/1282/955 1848/1283/955 1849/1284/955
f 1847/1282/955 1849/1284/955 1850/1285/955
f 1851/1282/946 1852/1286/946 1853/1287/959
f 1851/1282/946 1853/1287/959 1854/1283/946
f 1855/1283/957 1856/1284/957 1857/1285/957
f 1855/1283/957 1857/1285/957 1858/1282/957
f 1859/1287/950 1860/1283/950 1861/1282/950
f 1859/1287/950 1861/1282/950 1862/1286/958
f 1863/1288/960 1864/1289/989 1865/1290/976
f 1863/1288/960 1865/1290/976 1866/1291/960
f 1867/1292/1310 1863/1288/960 1866/1291/960
f 1867/1292/1310 1866/1291/960 1868/1293/1311
f 1869/1294/952 1867/1292/1310 1868/1293/1311
f 1869/1294/952 1868/1293/1311 1870/1295/1312
f 1864/1289/989 1869/1294/952 1870/1295/1312
f 1864/1289/989 1870/1295/1312 1865/1290/976
f 1871/1296/971 1872/1297/957 1873/1298/957
f 1871/1296/971 1873/1298/957 1874/1299/957
f 1875/1300/958 1876/1301/950 1877/1299/958
f 1875/1300/958 1877/1299/958 1878/1302/958
f 1879/1303/955 1880/1304/955 1881/1302/955
f 1879/1303/955 1881/1302/955 1882/1305/955
f 1883/1306/946 1884/1307/959 1885/1305/959
f 1883/1306/946 1885/1305/959 1886/1298/946
f 1887/1299/952 1888/1298/1310 1889/1305/960
f 1887/1299/952 1889/1305/960 1890/1302/976
f 1891/1308/957 1892/1309/957 1893/1310/957
f 1891/1308/957 1893/1310/957 1894/1311/1313
f 1895/1311/950 1896/1310/958 1897/1312/951
f 1895/1311/950 1897/1312/951 1898/1313/958
f 1899/1313/955 1900/1312/955 1901/1314/955
f 1899/1313/955 1901/1314/955 1902/1315/955
f 1903/1316/959 1904/1317/959 1905/1318/959
f 1903/1316/959 1905/1318/959 1906/1319/946
f 1907/1320/954 1908/1321/952 1909/1312/952
f 1907/1320/954 1909/1312/952 1910/1310/1314
f 1911/1322/947 1912/1323/1315 1913/1311/985
f 1911/1322/947 1913/1311/985 1914/1313/947
f 1915/1308/955 1916/1311/955 1917/1310/955
f 1915/1308/955 1917/1310/955 1918/1309/955
f 1919/1311/958 1920/1313/958 1921/1312/958
f 1919/1311/958 1921/1312/958 1922/1310/958
f 1923/1313/957 1924/1315/957 1925/1314/957
f 1923/1313/957 1925/1314/957 1926/1312/957
f 1927/1316/946 1928/1319/946 1929/1318/959
f 1927/1316/946 1929/1318/959 1930/1317/959
f 1931/1320/952 1932/1310/952 1933/1312/952
f 1931/1320/952 1933/1312/952 1934/1321/952
f 1935/1322/947 1936/1313/967 1937/1311/962
f 1935/1322/947 1937/1311/962 1938/1323/947
f 1939/1324/1312 1940/1325/952 1941/1326/952
f 1939/1324/1312 1941/1326/952 1942/1327/952
f 1943/1327/964 1944/1326/963 1945/1328/963
f 1943/1327/964 1945/1328/963 1946/1329/963
f 1947/1330/966 1948/1331/966 1949/1332/966
f 1947/1330/966 1949/1332/966 1950/1333/966
f 1951/1333/947 1952/1332/947 1953/1334/1316
f 1951/1333/947 1953/1334/1316 1954/1335/947
f 1955/1335/968 1956/1334/968 1957/1336/968
f 1955/1335/968 1957/1336/968 1958/1337/968
f 1959/1337/969 1960/1336/969 1961/1325/969
f 1959/1337/969 1961/1325/969 1962/1324/969
f 1963/1338/955 1964/1339/955 1965/1340/955
f 1966/1341/955 1964/1339/955 1963/1338/955
f 1967/1342/955 1964/1339/955 1966/1341/955
f 1968/1343/955 1964/1339/955 1967/1342/955
f 1969/1344/955 1964/1339/955 1968/1343/955
f 1965/1340/955 1964/1339/955 1969/1344/955
f 1970/1345/957 1971/1346/957 1972/1347/957
f 1972/1347/957 1971/1346/957 1973/1348/957
f 1973/1348/957 1971/1346/957 1974/1349/957
f 1974/1349/957 1971/1346/957 1975/1350/957
f 1975/1350/957 1971/1346/957 1976/1351/957
f 1976/1351/957 1971/1346/957 1970/1345/957
f 1977/1352/1317 1978/1353/952 1979/1354/973
f 1977/1352/1317 1979/1354/973 1980/1355/961
f 1981/1355/963 1982/1354/963 1983/1356/963
f 1981/1355/963 1983/1356/963 1984/1357/964
f 1985/1358/966 1986/1359/966 1987/1360/966
f 1985/1358/966 1987/1360/966 1988/1361/966
f 1989/1361/947 1990/1360/947 1991/1362/947
f 1989/1361/947 1991/1362/947 1992/1363/947
f 1993/1363/968 1994/1362/968 1995/1364/975
f 1993/1363/968 1995/1364/975 1996/1365/968
f 1997/1365/969 1998/1364/969 1999/1353/969
f 1997/1365/969 1999/1353/969 2000/1352/969
f 2001/1366/955 2002/1367/955 2003/1368/955
f 2004/1369/955 2002/1367/955 2001/1366/955
f 2005/1370/1318 2006/1367/1318 2007/1369/1318
f 2008/1371/955 2002/1367/955 2009/1370/955
f 2010/1372/955 2002/1367/955 2008/1371/955
f 2003/1368/955 2002/1367/955 2010/1372/955
f 2011/1373/957 2012/1374/957 2013/1375/957
f 2013/1375/957 2012/1374/957 2014/1376/957
f 2014/1376/957 2012/1374/957 2015/1377/957
f 2015/1377/957 2012/1374/957 2016/1378/957
f 2016/1378/957 2012/1374/957 2017/1379/957
f 2017/1379/957 2012/1374/957 2011/1373/957
f 2018/1380/961 2019/1381/952 2020/1382/952
f 2018/1380/961 2020/1382/952 2021/1383/952
f 2022/1383/963 2023/1382/964 2024/1384/964
f 2022/1383/963 2024/1384/964 2025/1385/963
f 2026/1386/965 2027/1387/965 2028/1388/966
f 2026/1386/965 2028/1388/966 2029/1389/965
f 2030/1389/947 2031/1388/967 2032/1390/962
f 2030/1389/947 2032/1390/962 2033/1391/947
f 2034/1391/968 2035/1390/968 2036/1392/968
f 2034/1391/968 2036/1392/968 2037/1393/968
f 2038/1393/969 2039/1392/969 2040/1381/969
f 2038/1393/969 2040/1381/969 2041/1380/969
f 2042/1394/955 2043/1395/955 2044/1396/955
f 2045/1397/955 2043/1395/955 2042/1394/955
f 2047/1398/955 2043/1395/955 2045/1397/955
f 2048/1399/955 2043/1395/955 2047/1398/955
f 2049/1400/955 2043/1395/955 2048/1399/955
f 2050/1396/1318 2046/1395/1318 2051/1400/1318
f 2052/1401/957 2053/1402/957 2054/1403/957
f 2054/1403/957 2053/1402/957 2055/1404/957
f 2055/1404/957 2053/1402/957 2056/1405/957
f 2056/1405/957 2053/1402/957 2057/1406/957
f 2057/1406/957 2053/1402/957 2058/1407/957
f 2058/1407/957 2053/1402/957 2052/1401/957
f 2059/1380/952 2060/1383/952 2061/1382/1312
f 2059/1380/952 2061/1382/1312 2062/1381/952
f 2063/1383/963 2064/1385/963 2065/1384/964
f 2063/1383/963 2065/1384/964 2066/1382/963
f 2067/1386/965 2068/1389/965 2069/1388/966
f 2067/1386/965 2069/1388/966 2070/1387/966
f 2071/1389/1319 2072/1391/962 2073/1390/947
f 2071/1389/1319 2073/1390/947 2074/1388/947
f 2075/1391/968 2076/1393/968 2077/1392/975
f 2075/1391/968 2077/1392/975 2078/1390/968
f 2079/1393/969 2080/1380/969 2081/1381/969
f 2079/1393/969 2081/1381/969 2082/1392/969
f 2083/1394/957 2084/1396/957 2085/1395/957
f 2086/1397/957 2083/1394/957 2085/1395/957
f 2087/1398/957 2086/1397/957 2085/1395/957
f 2088/1399/957 2087/1398/957 2085/1395/957
f 2089/1400/957 2088/1399/957 2085/1395/957
f 2084/1396/957 2089/1400/957 2085/1395/957
f 2090/1401/955 2091/1403/955 2092/1402/955
f 2091/1403/955 2093/1404/955 2092/1402/955
f 2093/1404/955 2094/1405/955 2092/1402/955
f 2094/1405/955 2095/1406/955 2092/1402/955
f 2095/1406/955 2096/1407/1318 2092/1402/955
f 2096/1407/1318 2090/1401/955 2092/1402/955
f 2097/1352/961 2098/1355/952 2099/1354/952
f 2097/1352/961 2099/1354/952 2100/1353/961
f 2101/1355/963 2102/1357/963 2103/1356/963
f 2101/1355/963 2103/1356/963 2104/1354/964
f 2105/1358/966 2106/1361/966 2107/1360/966
f 2105/1358/966 2107/1360/966 2108/1359/966
f 2109/1361/947 2110/1363/947 2111/1362/962
f 2109/1361/947 2111/1362/962 2112/1360/962
f 2113/1363/968 2114/1365/968 2115/1364/968
f 2113/1363/968 2115/1364/968 2116/1362/968
f 2117/1365/969 2118/1352/969 2119/1353/969
f 2117/1365/969 2119/1353/969 2120/1364/969
f 2121/1366/957 2122/1368/957 2123/1367/957
f 2124/1369/957 2121/1366/957 2123/1367/957
f 2125/1370/957 2124/1369/957 2123/1367/957
f 2126/1371/957 2125/1370/957 2123/1367/957
f 2127/1372/957 2126/1371/957 2123/1367/957
f 2122/1368/957 2127/1372/957 2123/1367/957
f 2128/1373/955 2129/1375/955 2130/1374/955
f 2129/1375/955 2131/1376/955 2130/1374/955
f 2131/1376/955 2132/1377/955 2130/1374/955
f 2132/1377/955 2133/1378/955 2130/1374/955
f 2133/1378/955 2134/1379/955 2130/1374/955
f 2134/1379/955 2128/1373/955 2130/1374/955
f 2135/1324/973 2136/1327/952 2137/1326/989
f 2135/1324/973 2137/1326/989 2138/1325/952
f 2139/1327/963 2140/1329/964 2141/1328/963
f 2139/1327/963 2141/1328/963 2142/1326/963
f 2143/1330/966 2144/1333/965 2145/1332/966
f 2143/1330/966 2145/1332/966 2146/1331/966
f 2147/1333/948 2148/1335/967 2149/1334/947
f 2147/1333/948 2149/1334/947 2150/1332/947
f 2151/1335/968 2152/1337/968 2153/1336/975
f 2151/1335/968 2153/1336/975 2154/1334/968
f 2155/1337/969 2156/1324/969 2157/1325/969
f 2155/1337/969 2157/1325/969 2158/1336/969
f 2159/1338/957 2160/1340/957 2161/1339/957
f 2162/1341/957 2159/1338/957 2161/1339/957
f 2163/1342/957 2162/1341/957 2161/1339/957
f 2164/1343/957 2163/1342/957 2161/1339/957
f 2165/1344/957 2164/1343/957 2161/1339/957
f 2160/1340/957 2165/1344/957 2161/1339/957
f 2166/1345/955 2167/1347/955 2168/1346/955
f 2167/1347/955 2169/1348/956 2168/1346/955
f 2169/1348/956 2170/1349/955 2168/1346/955
f 2170/1349/955 2171/1350/1320 2168/1346/955
f 2171/1350/1320 2172/1351/955 2168/1346/955
f 2172/1351/955 2166/1345/955 2168/1346/955
f 2173/1408/947 2174/1409/947 2175/1410/947
f 2173/1408/947 2175/1410/947 2176/1411/947
f 2177/1411/950 2178/1410/958 2179/1412/950
f 2177/1411/950 2179/1412/950 2180/1413/958
f 2181/1413/952 2182/1412/972 2183/1414/952
f 2181/1413/952 2183/1414/952 2184/1415/952
f 2185/1416/946 2186/1417/946 2187/1418/946
f 2185/1416/946 2187/1418/946 2188/1419/987
f 2189/1420/957 2190/1421/957 2191/1412/957
f 2189/1420/957 2191/1412/957 2192/1410/957
f 2193/1422/955 2194/1423/955 2195/1411/955
f 2193/1422/955 2195/1411/955 2196/1413/955
f 2197/1408/967 2198/1411/947 2199/1410/962
f 2197/1408/967 2199/1410/962 2200/1409/967
f 2201/1411/950 2202/1413/950 2203/1412/950
f 2201/1411/950 2203/1412/950 2204/1410/950
f 2205/1413/972 2206/1415/952 2207/1414/961
f 2205/1413/972 2207/1414/961 2208/1412/972
f 2209/1416/959 2210/1419/987 2211/1418/946
f 2209/1416/959 2211/1418/946 2212/1417/959
f 2213/1420/955 2214/1410/955 2215/1412/955
f 2213/1420/955 2215/1412/955 2216/1421/955
f 2217/1422/957 2218/1413/957 2219/1411/957
f 2217/1422/957 2219/1411/957 2220/1423/957
f 2221/1424/952 2222/1425/952 2223/1426/952
f 2221/1424/952 2223/1426/952 2224/1427/972
f 2225/1427/1321 2226/1426/1322 2227/1428/1321
f 2225/1427/1321 2227/1428/1321 2228/1429/1323
f 2229/1430/1324 2230/1431/1324 2231/1432/1324
f 2229/1430/1324 2231/1432/1324 2232/1433/1324
f 2233/1433/962 2234/1432/967 2235/1434/947
f 2233/1433/962 2235/1434/947 2236/1435/947
f 2237/1435/1325 2238/1434/1326 2239/1436/1327
f 2237/1435/1325 2239/1436/1327 2240/1437/1328
f 2241/1437/1329 2242/1436/1329 2243/1425/1329
f 2241/1437/1329 2243/1425/1329 2244/1424/1329
f 2245/1438/955 2246/1439/955 2247/1440/955
f 2248/1441/955 2246/1439/955 2245/1438/955
f 2249/1442/955 2246/1439/955 2248/1441/955
f 2250/1443/955 2246/1439/955 2249/1442/955
f 2251/1444/955 2246/1439/955 2250/1443/955
f 2247/1440/955 2246/1439/955 2251/1444/955
f 2252/1445/957 2253/1446/957 2254/1447/957
f 2254/1447/957 2253/1446/957 2255/1448/957
f 2255/1448/957 2253/1446/957 2256/1449/957
f 2256/1449/957 2253/1446/957 2257/1450/957
f 2257/1450/957 2253/1446/957 2258/1451/957
f 2258/1451/957 2253/1446/957 2252/1445/957
f 2259/1452/962 2260/1453/967 2261/1454/967
f 2259/1452/962 2261/1454/967 2262/1455/947
f 2263/1456/1330 2264/1457/1331 2265/1458/1332
f 2263/1456/1330 2265/1458/1332 2266/1459/1333
f 2267/1460/961 2268/1461/952 2269/1462/972
f 2267/1460/961 2269/1462/972 2270/1463/972
f 2271/1464/1334 2272/1465/1335 2273/1466/1336
f 2271/1464/1334 2273/1466/1336 2274/1467/1337
f 2275/1468/957 2276/1469/957 2277/1470/971
f 2275/1468/957 2277/1470/971 2279/1471/957
f 2276/1469/957 2280/1472/957 2281/1473/957
f 2276/1469/957 2281/1473/957 2278/1470/957
f 2282/1474/961 2267/1460/961 2270/1463/972
f 2282/1474/961 2270/1463/972 2283/1475/952
f 2272/1465/1335 2284/1476/1338 2285/1477/1339
f 2272/1465/1335 2285/1477/1339 2273/1466/1336
f 2260/1453/967 2286/1456/1340 2287/1459/1341
f 2260/1453/967 2287/1459/1341 2261/1454/967
f 2288/1478/947 2289/1479/967 2290/1480/967
f 2288/1478/947 2290/1480/967 2291/1481/967
f 2292/1482/952 2293/1483/972 2294/1484/961
f 2292/1482/952 2294/1484/961 2295/1485/972
f 2296/1486/947 2297/1487/947 2298/1488/947
f 2296/1486/947 2298/1488/947 2299/1489/947
f 2300/1490/986 2301/1491/947 2298/1488/947
f 2300/1490/986 2298/1488/947 2297/1487/947
f 2302/1492/1332 2303/1493/1332 2304/1494/1342
f 2302/1492/1332 2304/1494/1342 2305/1495/1343
f 2306/1496/952 2307/1497/952 2308/1498/988
f 2306/1496/952 2308/1498/988 2309/1499/952
f 2310/1500/952 2311/1501/952 2307/1497/952
f 2310/1500/952 2307/1497/952 2306/1496/952
f 2312/1502/951 2313/1503/958 2314/1504/950
f 2312/1502/951 2314/1504/950 2315/1505/950
f 2316/1506/957 2317/1507/957 2318/1508/957
f 2316/1506/957 2318/1508/957 2319/1509/957
f 2320/1510/955 2321/1511/955 2322/1512/955
f 2320/1510/955 2322/1512/955 2323/1513/955
f 2324/1514/1344 2325/1515/1345 2326/1516/1346
f 2324/1514/1344 2326/1516/1346 2327/1517/1347
f 2328/1518/1348 2329/1519/1349 2326/1516/1346
f 2328/1518/1348 2326/1516/1346 2325/1515/1345
f 2330/1520/1350 2331/1521/1350 2332/1522/1351
f 2330/1520/1350 2332/1522/1351 2333/1523/1351
f 2334/1524/957 2335/1525/957 2336/1526/957
f 2334/1524/957 2336/1526/957 2337/1527/957
f 2338/1528/951 2339/1529/950 2340/1530/950
f 2338/1528/951 2340/1530/950 2341/1531/950
f 2342/1532/955 2343/1533/955 2344/1534/955
f 2342/1532/955 2344/1534/955 2345/1535/955
f 2346/1536/1351 2347/1474/1350 2348/1475/1352
f 2346/1536/1351 2348/1475/1352 2349/1537/1351
f 2350/1538/957 2351/1539/957 2352/1540/957
f 2350/1538/957 2352/1540/957 2353/1541/957
f 2354/1542/957 2350/1538/957 2353/1541/957
f 2354/1542/957 2353/1541/957 2355/1543/957
f 2356/1467/1353 2357/1466/1354 2358/1544/1355
f 2356/1467/1353 2358/1544/1355 2359/1545/1353
f 2360/1477/1356 2361/1546/1357 2358/1544/1355
f 2360/1477/1356 2358/1544/1355 2357/1466/1354
f 2362/1547/958 2363/1548/958 2303/1493/1332
f 2362/1547/958 2303/1493/1332 2302/1492/1332
f 2317/1507/957 2364/1549/957 2365/1550/957
f 2317/1507/957 2365/1550/957 2318/1508/957
f 2366/1551/950 2312/1502/951 2315/1505/950
f 2366/1551/950 2315/1505/950 2367/1552/950
f 2321/1511/955 2368/1553/955 2369/1554/955
f 2321/1511/955 2369/1554/955 2322/1512/955
f 2264/1457/1331 2370/1555/958 2371/1556/958
f 2264/1457/1331 2371/1556/958 2265/1458/1332
f 2372/1557/971 2374/1558/1358 2280/1472/957
f 2372/1557/971 2280/1472/957 2276/1469/957
f 2375/1559/957 2373/1557/957 2276/1469/957
f 2375/1559/957 2276/1469/957 2275/1468/957
f 2359/1545/1353 2358/1544/1355 2376/1515/1359
f 2359/1545/1353 2376/1515/1359 2377/1514/1353
f 2361/1546/1357 2378/1518/1360 2376/1515/1359
f 2361/1546/1357 2376/1515/1359 2358/1544/1355
f 2333/1523/1351 2332/1522/1351 2363/1548/958
f 2333/1523/1351 2363/1548/958 2362/1547/958
f 2364/1549/957 2334/1524/957 2337/1527/957
f 2364/1549/957 2337/1527/957 2365/1550/957
f 2339/1529/950 2366/1551/950 2367/1552/950
f 2339/1529/950 2367/1552/950 2340/1530/950
f 2368/1553/955 2342/1532/955 2345/1535/955
f 2368/1553/955 2345/1535/955 2369/1554/955
f 2370/1555/958 2346/1536/1351 2349/1537/1351
f 2370/1555/958 2349/1537/1351 2371/1556/958
f 2353/1541/957 2352/1540/957 2374/1558/1358
f 2353/1541/957 2374/1558/1358 2372/1557/971
f 2355/1543/957 2353/1541/957 2373/1557/957
f 2355/1543/957 2373/1557/957 2375/1559/957
f 2379/1495/947 2380/1494/947 2301/1491/947
f 2379/1495/947 2301/1491/947 2300/1490/986
f 2318/1508/957 2381/1560/957 2382/1561/957
f 2318/1508/957 2382/1561/957 2319/1509/957
f 2365/1550/957 2383/1562/957 2381/1560/957
f 2365/1550/957 2381/1560/957 2318/1508/957
f 2337/1527/957 2384/1563/957 2383/1562/957
f 2337/1527/957 2383/1562/957 2365/1550/957
f 2336/1526/957 2385/1564/957 2384/1563/957
f 2336/1526/957 2384/1563/957 2337/1527/957
f 2308/1498/988 2386/1521/952 2387/1520/952
f 2308/1498/988 2387/1520/952 2309/1499/952
f 2388/1565/1361 2389/1566/1361 2329/1519/1349
f 2388/1565/1361 2329/1519/1349 2328/1518/1348
f 2390/1567/1362 2391/1565/1363 2378/1518/1360
f 2390/1567/1362 2378/1518/1360 2361/1546/1357
f 2392/1568/1364 2390/1567/1362 2361/1546/1357
f 2392/1568/1364 2361/1546/1357 2360/1477/1356
f 2284/1476/1338 2393/1569/1365 2394/1568/1366
f 2284/1476/1338 2394/1568/1366 2285/1477/1339
f 2395/1452/947 2396/1455/962 2397/1454/1341
f 2395/1452/947 2397/1454/1341 2398/1453/1341
f 2399/1456/1343 2400/1459/1367 2401/1458/1332
f 2399/1456/1343 2401/1458/1332 2402/1457/1332
f 2403/1460/961 2404/1463/961 2405/1462/972
f 2403/1460/961 2405/1462/972 2406/1461/972
f 2407/1464/1368 2408/1467/1369 2409/1466/1370
f 2407/1464/1368 2409/1466/1370 2410/1465/1371
f 2411/1468/955 2412/1471/956 2413/1470/955
f 2411/1468/955 2413/1470/955 2414/1469/956
f 2415/1469/955 2413/1470/955 2416/1473/955
f 2415/1469/955 2416/1473/955 2417/1472/955
f 2418/1474/1372 2419/1475/1310 2404/1463/961
f 2418/1474/1372 2404/1463/961 2403/1460/961
f 2410/1465/1371 2409/1466/1370 2420/1477/1373
f 2410/1465/1371 2420/1477/1373 2421/1476/1374
s 0
f 2398/1453/1341 2397/1454/1375 2422/1459/1341
s 1
f 2398/1453/1341 2422/1459/1341 2423/1456/1341
f 2424/1478/962 2425/1481/967 2426/1480/947
f 2424/1478/962 2426/1480/947 2427/1479/962
f 2428/1482/961 2429/1485/952 2430/1484/961
f 2428/1482/961 2430/1484/961 2431/1483/952
f 2432/1486/947 2433/1489/947 2434/1488/986
f 2432/1486/947 2434/1488/986 2435/1487/947
f 2436/1490/947 2435/1487/947 2434/1488/986
f 2436/1490/947 2434/1488/986 2437/1491/947
f 2438/1492/1332 2439/1495/1376 2440/1494/1376
f 2438/1492/1332 2440/1494/1376 2441/1493/1332
f 2442/1496/952 2443/1499/952 2444/1498/952
f 2442/1496/952 2444/1498/952 2445/1497/952
f 2446/1500/952 2442/1496/952 2445/1497/952
f 2446/1500/952 2445/1497/952 2447/1501/952
f 2448/1502/951 2449/1505/958 2450/1504/958
f 2448/1502/951 2450/1504/958 2451/1503/950
f 2452/1506/955 2453/1509/955 2454/1508/955
f 2452/1506/955 2454/1508/955 2455/1507/955
f 2456/1510/957 2457/1513/957 2458/1512/957
f 2456/1510/957 2458/1512/957 2459/1511/957
f 2460/1514/1377 2461/1517/1378 2462/1516/1379
f 2460/1514/1377 2462/1516/1379 2463/1515/1380
f 2464/1518/1381 2463/1515/1380 2462/1516/1379
f 2464/1518/1381 2462/1516/1379 2465/1519/1382
f 2466/1520/1350 2467/1523/1351 2468/1522/1351
f 2466/1520/1350 2468/1522/1351 2469/1521/1352
f 2470/1524/955 2471/1527/955 2472/1526/955
f 2470/1524/955 2472/1526/955 2473/1525/955
f 2474/1528/950 2475/1531/958 2476/1530/950
f 2474/1528/950 2476/1530/950 2477/1529/950
f 2478/1532/957 2479/1535/957 2480/1534/957
f 2478/1532/957 2480/1534/957 2481/1533/957
f 2482/1536/1351 2483/1537/1351 2484/1475/1350
f 2482/1536/1351 2484/1475/1350 2485/1474/1350
f 2486/1538/955 2487/1541/955 2488/1540/955
f 2486/1538/955 2488/1540/955 2489/1539/955
f 2490/1542/955 2491/1543/955 2487/1541/955
f 2490/1542/955 2487/1541/955 2486/1538/955
f 2492/1467/1383 2493/1545/1384 2494/1544/1385
f 2492/1467/1383 2494/1544/1385 2495/1466/1386
f 2496/1477/1387 2495/1466/1386 2494/1544/1385
f 2496/1477/1387 2494/1544/1385 2497/1546/1388
f 2498/1547/958 2438/1492/1332 2441/1493/1332
f 2498/1547/958 2441/1493/1332 2499/1548/958
f 2455/1507/955 2454/1508/955 2500/1550/955
f 2455/1507/955 2500/1550/955 2501/1549/955
f 2502/1551/950 2503/1552/950 2449/1505/958
f 2502/1551/950 2449/1505/958 2448/1502/951
f 2459/1511/957 2458/1512/957 2504/1554/957
f 2459/1511/957 2504/1554/957 2505/1553/957
f 2402/1457/1332 2401/1458/1332 2506/1556/958
f 2402/1457/1332 2506/1556/958 2507/1555/958
f 2509/1557/955 2415/1469/955 2417/1472/955
f 2509/1557/955 2417/1472/955 2510/1558/955
f 2511/1559/955 2411/1468/955 2414/1469/956
f 2511/1559/955 2414/1469/956 2508/1557/956
f 2493/1545/1384 2512/1514/1383 2513/1515/1389
f 2493/1545/1384 2513/1515/1389 2494/1544/1385
f 2497/1546/1388 2494/1544/1385 2513/1515/1389
f 2497/1546/1388 2513/1515/1389 2514/1518/1390
f 2467/1523/1351 2498/1547/958 2499/1548/958
f 2467/1523/1351 2499/1548/958 2468/1522/1351
f 2501/1549/955 2500/1550/955 2471/1527/955
f 2501/1549/955 2471/1527/955 2470/1524/955
f 2477/1529/950 2476/1530/950 2503/1552/950
f 2477/1529/950 2503/1552/950 2502/1551/950
f 2505/1553/957 2504/1554/957 2479/1535/957
f 2505/1553/957 2479/1535/957 2478/1532/957
f 2507/1555/958 2506/1556/958 2483/1537/1351
f 2507/1555/958 2483/1537/1351 2482/1536/1351
f 2487/1541/955 2509/1557/955 2510/1558/955
f 2487/1541/955 2510/1558/955 2488/1540/955
f 2491/1543/955 2511/1559/955 2508/1557/956
f 2491/1543/955 2508/1557/956 2487/1541/955
f 2515/1495/947 2436/1490/947 2437/1491/947
f 2515/1495/947 2437/1491/947 2516/1494/947
f 2454/1508/955 2453/1509/955 2517/1561/955
f 2454/1508/955 2517/1561/955 2518/1560/955
f 2500/1550/955 2454/1508/955 2518/1560/955
f 2500/1550/955 2518/1560/955 2519/1562/955
f 2471/1527/955 2500/1550/955 2519/1562/955
f 2471/1527/955 2519/1562/955 2520/1563/955
f 2472/1526/955 2471/1527/955 2520/1563/955
f 2472/1526/955 2520/1563/955 2521/1564/955
f 2444/1498/952 2443/1499/952 2522/1520/988
f 2444/1498/952 2522/1520/988 2523/1521/952
f 2524/1565/1391 2464/1518/1381 2465/1519/1382
f 2524/1565/1391 2465/1519/1382 2525/1566/1391
f 2526/1567/1392 2497/1546/1388 2514/1518/1390
f 2526/1567/1392 2514/1518/1390 2527/1565/1393
f 2528/1568/1394 2496/1477/1387 2497/1546/1388
f 2528/1568/1394 2497/1546/1388 2526/1567/1392
f 2421/1476/1374 2420/1477/1373 2529/1568/1395
f 2421/1476/1374 2529/1568/1395 2530/1569/1395
f 2531/1424/952 2532/1427/952 2533/1426/952
f 2531/1424/952 2533/1426/952 2534/1425/961
f 2535/1427/1321 2536/1429/1321 2537/1428/1323
f 2535/1427/1321 2537/1428/1323 2538/1426/1323
f 2539/1430/1324 2540/1433/1324 2541/1432/1324
f 2539/1430/1324 2541/1432/1324 2542/1431/1324
f 2543/1433/947 2544/1435/947 2545/1434/947
f 2543/1433/947 2545/1434/947 2546/1432/948
f 2547/1435/1328 2548/1437/1327 2549/1436/1327
f 2547/1435/1328 2549/1436/1327 2550/1434/1396
f 2551/1437/1329 2552/1424/1329 2553/1425/1329
f 2551/1437/1329 2553/1425/1329 2554/1436/1397
f 2555/1438/957 2556/1440/957 2557/1439/957
f 2558/1441/957 2555/1438/957 2557/1439/957
f 2559/1442/957 2558/1441/957 2557/1439/957
f 2560/1443/957 2559/1442/957 2557/1439/957
f 2561/1444/957 2560/1443/957 2557/1439/957
f 2556/1440/957 2561/1444/957 2557/1439/957
f 2562/1445/955 2563/1447/955 2564/1446/955
f 2563/1447/955 2565/1448/955 2564/1446/955
f 2565/1448/955 2566/1449/955 2564/1446/955
f 2566/1449/955 2567/1450/955 2564/1446/955
f 2567/1450/955 2568/1451/955 2564/1446/955
f 2568/1451/955 2562/1445/955 2564/1446/955
f 2569/1101/990 2570/1104/990 2571/1103/990
f 2569/1101/990 2571/1103/990 2572/1102/990
f 2573/1105/950 2574/1108/950 2575/1107/950
f 2573/1105/950 2575/1107/950 2576/1106/958
f 2577/1109/1398 2578/1112/992 2579/1111/992
f 2577/1109/1398 2579/1111/992 2580/1110/992
f 2581/1110/959 2582/1111/959 2583/1104/959
f 2581/1110/959 2583/1104/959 2584/1101/959
f 2585/1104/957 2586/1111/957 2587/1114/957
f 2585/1104/957 2587/1114/957 2588/1113/957
f 2589/1110/955 2590/1101/955 2591/1116/955
f 2589/1110/955 2591/1116/955 2592/1115/955
f 2593/1570/950 2594/1571/950 2595/1572/958
f 2593/1570/950 2595/1572/958 2596/1573/950
f 2597/1573/1399 2598/1572/1399 2599/1574/1399
f 2597/1573/1399 2599/1574/1399 2600/1575/1399
f 2601/1575/1400 2602/1574/1400 2603/1576/1400
f 2601/1575/1400 2603/1576/1400 2604/1577/1400
f 2605/1577/946 2606/1576/946 2607/1578/959
f 2605/1577/946 2607/1578/959 2608/1579/959
f 2609/1579/1401 2610/1578/1402 2611/1580/1401
f 2609/1579/1401 2611/1580/1401 2612/1581/1401
f 2613/1582/1403 2614/1583/1403 2615/1571/1403
f 2613/1582/1403 2615/1571/1403 2616/1570/1403
f 2617/1584/955 2618/1585/955 2619/1586/955
f 2620/1587/955 2618/1585/955 2617/1584/955
f 2621/1588/955 2618/1585/955 2620/1587/955
f 2622/1589/955 2618/1585/955 2621/1588/955
f 2623/1590/955 2618/1585/955 2622/1589/955
f 2619/1586/955 2618/1585/955 2623/1590/955
f 2624/1591/957 2625/1592/957 2626/1593/957
f 2626/1593/957 2625/1592/957 2627/1594/957
f 2627/1594/957 2625/1592/957 2628/1595/957
f 2628/1595/957 2625/1592/957 2629/1596/957
f 2629/1596/957 2625/1592/957 2630/1597/957
f 2630/1597/957 2625/1592/957 2624/1591/957
f 2631/1570/950 2632/1573/950 2633/1572/958
f 2631/1570/950 2633/1572/958 2634/1571/958
f 2635/1573/1399 2636/1575/1404 2637/1574/1405
f 2635/1573/1399 2637/1574/1405 2638/1572/1405
f 2639/1575/1400 2640/1577/1400 2641/1576/1400
f 2639/1575/1400 2641/1576/1400 2642/1574/1400
f 2643/1577/959 2644/1579/946 2645/1578/946
f 2643/1577/959 2645/1578/946 2646/1576/959
f 2647/1579/1401 2648/1581/1401 2649/1580/1401
f 2647/1579/1401 2649/1580/1401 2650/1578/1402
f 2651/1582/1403 2652/1570/1403 2653/1571/1403
f 2651/1582/1403 2653/1571/1403 2654/1583/1403
f 2655/1584/957 2656/1586/957 2657/1585/957
f 2658/1587/957 2655/1584/957 2657/1585/957
f 2659/1588/957 2658/1587/957 2657/1585/957
f 2660/1589/957 2659/1588/957 2657/1585/957
f 2661/1590/957 2660/1589/957 2657/1585/957
f 2656/1586/957 2661/1590/957 2657/1585/957
f 2662/1591/1318 2663/1593/955 2664/1592/955
f 2663/1593/955 2665/1594/955 2664/1592/955
f 2665/1594/955 2666/1595/955 2664/1592/955
f 2666/1595/955 2667/1596/955 2664/1592/955
f 2667/1596/955 2668/1597/955 2664/1592/955
f 2668/1597/955 2662/1591/1318 2664/1592/955
o Object_10
v 1.191280 3.994773 0.930367
v 1.173981 3.961463 0.930367
v 0.833080 4.043392 0.986664
v 0.850380 4.076713 0.986664
v 1.498878 3.920853 0.767166
v 1.481579 3.887543 0.767166
v 1.742981 3.862193 0.512962
v 1.725681 3.828883 0.512962
v 1.899681 3.824533 0.192566
v 1.882381 3.791223 0.192566
v 1.742981 3.862193 -0.838036
v 1.725681 3.828883 -0.838036
v 1.882381 3.791223 -0.517632
v 1.899681 3.824533 -0.517632
v 1.498878 3.920853 -1.092232
v 1.481579 3.887543 -1.092232
v 1.191280 3.994773 -1.255539
v 1.173981 3.961463 -1.255539
v 0.850380 4.076713 -1.311737
v 0.833080 4.043393 -1.311737
v 0.509380 4.158643 -1.255539
v 0.492081 4.125333 -1.255539
v 0.201881 4.232563 -1.092232
v 0.184582 4.199253 -1.092232
v -0.042221 4.291223 -0.838036
v -0.059521 4.257913 -0.838036
v -0.198921 4.328883 -0.517632
v -0.216221 4.295573 -0.517632
v -0.252918 4.341863 -0.162537
v -0.270222 4.308553 -0.162537
v -0.198921 4.328883 0.192566
v -0.216221 4.295573 0.192566
v -0.270222 4.308553 -0.162537
v -0.252918 4.341863 -0.162537
v -0.042221 4.291223 0.512962
v -0.059521 4.257913 0.512962
v 0.201881 4.232563 0.767166
v 0.184582 4.199253 0.767166
v 0.509380 4.158642 0.930367
v 0.492081 4.125332 0.930367
v 0.850380 4.076713 1.036362
v 1.206081 3.991233 0.977661
v 1.191280 3.994773 0.930367
v 0.850380 4.076713 0.986664
v 1.526878 3.914123 0.807365
v 1.498878 3.920853 0.767166
v 1.781582 3.852923 0.542168
v 1.742981 3.862193 0.512962
v 1.944981 3.813633 0.207962
v 1.899681 3.824533 0.192566
v 1.781582 3.852923 -0.867233
v 1.742981 3.862193 -0.838036
v 1.899681 3.824533 -0.517632
v 1.944981 3.813633 -0.533035
v 1.526878 3.914123 -1.132439
v 1.498878 3.920853 -1.092232
v 1.206081 3.991233 -1.302734
v 1.191280 3.994773 -1.255539
v 0.850380 4.076713 -1.361435
v 0.850380 4.076713 -1.311737
v 0.494678 4.162183 -1.302734
v 0.509380 4.158643 -1.255539
v 0.173882 4.239293 -1.132439
v 0.201881 4.232563 -1.092232
v -0.080818 4.300493 -0.867233
v -0.042221 4.291223 -0.838036
v -0.244320 4.339783 -0.533035
v -0.198921 4.328883 -0.517632
v -0.300621 4.353323 -0.162537
v -0.252918 4.341863 -0.162537
v -0.244320 4.339783 0.207962
v -0.198921 4.328883 0.192566
v -0.252918 4.341863 -0.162537
v -0.300621 4.353323 -0.162537
v -0.080818 4.300493 0.542168
v -0.042221 4.291223 0.512962
v 0.173882 4.239293 0.807365
v 0.201881 4.232563 0.767166
v 0.494678 4.162182 0.977661
v 0.509380 4.158642 0.930367
v 1.188782 3.957923 0.977661
v 0.833080 4.043392 1.036362
v 1.509579 3.880813 0.807365
v 1.764278 3.819613 0.542168
v 1.927681 3.780323 0.207962
v 1.764278 3.819613 -0.867233
v 1.927681 3.780323 -0.533035
v 1.509579 3.880813 -1.132439
v 1.188782 3.957923 -1.302734
v 0.833080 4.043393 -1.361435
v 0.477379 4.128873 -1.302734
v 0.156582 4.205983 -1.132439
v -0.098122 4.267183 -0.867233
v -0.261620 4.306473 -0.533035
v -0.317921 4.320003 -0.162537
v -0.261620 4.306473 0.207962
v -0.317921 4.320003 -0.162537
v -0.098122 4.267183 0.542168
v 0.156582 4.205982 0.807365
v 0.477379 4.128872 0.977661
v 1.882381 3.791223 0.192566
v 1.899681 3.824533 0.192566
v 1.899681 3.824533 -0.517632
v 1.882381 3.791223 -0.517632
v 1.858379 4.061593 0.042267
v 1.825680 4.008263 0.186966
v 1.846378 4.073833 0.209068
v 1.877281 4.168223 0.061363
v 1.895882 4.223093 -0.162537
v 1.870380 4.105773 -0.162537
v 1.877281 4.168223 -0.386436
v 1.857479 4.061593 -0.367332
v 1.815578 3.837273 0.037262
v 1.765980 3.857113 0.254166
v 1.738178 3.748803 0.256767
v 1.774380 3.719173 0.020767
v 1.810379 3.720013 -0.162537
v 1.855480 3.856913 -0.162537
v 1.691681 3.570922 0.139961
v 1.696178 3.649662 0.219368
v 1.741982 3.635672 0.006561
v 1.724682 3.556262 -0.000832
v 1.772881 3.628892 -0.162537
v 1.749382 3.551542 -0.162537
v 1.691681 3.570923 -0.465034
v 1.724682 3.556263 -0.324333
v 1.741982 3.635673 -0.331734
v 1.696178 3.649663 -0.544434
v 1.774380 3.719173 -0.345833
v 1.738178 3.748803 -0.581833
v 1.825680 4.008263 -0.512032
v 1.765980 3.857113 -0.579239
v 1.815578 3.837273 -0.362335
v 1.743580 3.461002 -0.162537
v 1.721081 3.480592 0.071968
v 1.721081 3.480593 -0.397034
v 1.686779 3.545943 -0.605232
v 1.686779 3.545942 0.280067
v 1.701981 3.665422 0.421463
v 1.733780 3.803333 0.451965
v 1.775082 3.935213 0.363861
v 1.846378 4.073833 -0.534134
v 1.775082 3.935213 -0.688934
v 1.733780 3.803333 -0.777039
v 1.701981 3.665423 -0.746635
v 2.063282 3.994293 0.024467
v 1.970879 4.134443 0.042664
v 1.960079 4.039823 0.183464
v 2.030781 3.956203 0.136063
v 2.106480 4.025623 -0.162537
v 2.014580 4.170653 -0.162537
v 1.895882 4.223093 -0.162537
v 1.877281 4.168223 0.061363
v 1.846378 4.073833 0.209068
v 1.960079 4.039823 -0.508636
v 1.970879 4.134443 -0.367737
v 2.063080 3.994293 -0.349632
v 2.030380 3.956203 -0.461235
v 1.846378 4.073833 -0.534134
v 1.877281 4.168223 -0.386436
v 2.146481 3.821573 0.015862
v 2.051682 3.841723 0.187263
v 2.059280 3.739863 0.195465
v 2.155479 3.713053 0.002266
v 2.182079 3.713003 -0.162537
v 2.178379 3.834743 -0.162537
v 2.115582 3.627553 -0.009132
v 2.022282 3.640302 0.167961
v 1.978580 3.566813 0.101166
v 2.037880 3.549802 -0.020538
v 2.138680 3.621212 -0.162537
v 2.056580 3.543642 -0.162537
v 2.115582 3.627553 -0.315933
v 2.037979 3.549803 -0.304535
v 1.978580 3.566813 -0.426239
v 2.018280 3.640283 -0.493134
v 2.154980 3.713053 -0.327332
v 2.057480 3.739853 -0.520638
v 2.146481 3.821573 -0.341034
v 2.051781 3.841723 -0.512337
v 1.911980 3.490582 0.014267
v 1.850780 3.534952 0.198364
v 1.721081 3.480592 0.071968
v 1.686779 3.545942 0.280067
v 1.743580 3.461002 -0.162537
v 1.926979 3.486822 -0.162537
v 1.911980 3.490583 -0.339333
v 1.850780 3.534953 -0.523438
v 1.721081 3.480593 -0.397034
v 1.686779 3.545943 -0.605232
v 1.855480 3.653522 0.371262
v 1.898682 3.786553 0.404266
v 1.733780 3.803333 0.451965
v 1.701981 3.665422 0.421463
v 1.914082 3.912003 0.314766
v 1.775082 3.935213 0.363861
v 1.914082 3.912003 -0.639832
v 1.898579 3.786553 -0.729332
v 1.775082 3.935213 -0.688934
v 1.733780 3.803333 -0.777039
v 1.855480 3.653523 -0.696335
v 1.701981 3.665423 -0.746635
vn 0.0471 0.8805 -0.4717
vn -0.3621 -0.7792 -0.5116
vn -0.1963 -0.8324 -0.5183
vn 0.1963 0.8324 -0.5183
vn -0.0789 0.9155 -0.3946
vn -0.5206 -0.7258 -0.4497
vn -0.1804 0.9421 -0.2826
vn -0.6535 -0.6770 -0.3385
vn -0.0787 0.8032 -0.5905
vn -0.4475 -0.6124 -0.6517
vn -0.1805 0.9421 0.2826
vn -0.6535 -0.6769 0.3386
vn -0.4475 -0.6125 0.6516
vn -0.0787 0.8031 0.5906
vn -0.0789 0.9155 0.3946
vn -0.5207 -0.7257 0.4497
vn 0.0471 0.8805 0.4717
vn -0.3621 -0.7791 0.5117
vn 0.1971 0.8358 0.5125
vn -0.1971 -0.8358 0.5125
vn 0.3621 0.7792 0.5116
vn -0.0472 -0.8805 0.4717
vn 0.5207 0.7257 0.4497
vn 0.0790 -0.9154 0.3946
vn 0.6535 0.6770 0.3386
vn 0.1806 -0.9420 0.2827
vn 0.7446 0.6427 0.1803
vn 0.2436 -0.9583 0.1493
vn 0.7778 0.6285 0.0001
vn 0.2685 -0.9633 -0.0000
vn 0.7446 0.6427 -0.1803
vn 0.2435 -0.9583 -0.1493
vn 0.7778 0.6285 -0.0001
vn 0.6534 0.6770 -0.3387
vn 0.1806 -0.9421 -0.2826
vn 0.5207 0.7257 -0.4497
vn 0.0789 -0.9154 -0.3946
vn 0.3620 0.7792 -0.5116
vn -0.0471 -0.8805 -0.4717
vn 0.1886 0.7856 0.5893
vn 0.3699 0.7239 0.5824
vn 0.0472 0.8805 -0.4717
vn 0.5509 0.6532 0.5194
vn 0.7066 0.5888 0.3926
vn -0.1805 0.9421 -0.2826
vn 0.8744 0.3937 -0.2836
vn -0.0788 0.8031 -0.5906
vn 0.7066 0.5888 -0.3925
vn -0.1806 0.9421 0.2826
vn 0.8744 0.3937 0.2836
vn 0.5509 0.6532 -0.5194
vn 0.3699 0.7238 -0.5824
vn 0.0472 0.8805 0.4717
vn 0.1886 0.7856 -0.5893
vn 0.0157 0.8403 -0.5419
vn 0.3620 0.7792 0.5116
vn -0.1263 0.8840 -0.4500
vn 0.5206 0.7257 0.4497
vn -0.2444 0.9142 -0.3232
vn 0.6535 0.6770 0.3385
vn -0.3237 0.9315 -0.1658
vn -0.3469 0.9379 -0.0000
vn 0.7778 0.6285 -0.0000
vn -0.3237 0.9315 0.1658
vn -0.3468 0.9379 -0.0000
vn -0.2444 0.9142 0.3232
vn 0.6535 0.6770 -0.3385
vn -0.1263 0.8840 0.4500
vn 0.0157 0.8403 0.5419
vn 0.3621 0.7792 -0.5116
vn -0.0157 -0.8403 0.5419
vn -0.1885 -0.7856 0.5894
vn 0.1263 -0.8840 0.4500
vn 0.2443 -0.9143 0.3232
vn 0.4006 -0.8875 -0.2278
vn 0.2444 -0.9142 -0.3232
vn 0.4006 -0.8875 0.2278
vn 0.1263 -0.8840 -0.4500
vn -0.0157 -0.8403 -0.5419
vn -0.1885 -0.7856 -0.5893
vn -0.3699 -0.7238 -0.5824
vn -0.5509 -0.6532 -0.5194
vn -0.7066 -0.5887 -0.3926
vn -0.8118 -0.5437 -0.2128
vn -0.8533 -0.5214 -0.0000
vn -0.8118 -0.5437 0.2128
vn -0.7066 -0.5888 0.3925
vn -0.5509 -0.6532 0.5194
vn -0.3699 -0.7238 0.5824
vn -0.4475 -0.6125 -0.6516
vn -0.0787 0.8031 -0.5906
vn -0.0789 0.8031 0.5906
vn -0.4475 -0.6124 0.6517
vn -0.9812 0.1727 -0.0864
vn -0.9481 0.2844 -0.1422
vn -0.3864 0.7964 0.4652
vn -0.3220 0.8874 0.3298
vn -0.2278 0.9737 -0.0000
vn -0.9899 0.1416 0.0002
vn -0.3151 0.8896 -0.3307
vn -0.9818 0.1728 0.0786
vn -0.9448 0.2677 -0.1889
vn -0.9515 0.2595 -0.1651
vn -0.9379 0.3232 -0.1261
vn -0.9089 0.3714 -0.1896
vn -0.9354 0.3536 -0.0000
vn -0.9754 0.2203 -0.0000
vn -0.9887 0.0157 -0.1491
vn -0.9542 0.2839 -0.0946
vn -0.9294 0.3071 -0.2048
vn -0.9795 0.0869 -0.1817
vn -0.9463 0.3233 -0.0001
vn -0.9835 0.1809 -0.0000
vn -0.9887 0.0157 0.1491
vn -0.9795 0.0869 0.1817
vn -0.9293 0.3073 0.2048
vn -0.9542 0.2839 0.0946
vn -0.9089 0.3714 0.1897
vn -0.9379 0.3232 0.1261
vn -0.9481 0.2844 0.1422
vn -0.9515 0.2595 0.1651
vn -0.9448 0.2677 0.1889
vn -0.4473 -0.8944 0.0001
vn -0.4413 -0.8905 0.1103
vn -0.4413 -0.8905 -0.1102
vn -0.5221 -0.7515 -0.4034
vn -0.5221 -0.7515 0.4034
vn -0.6069 -0.3074 0.7329
vn -0.5718 0.2896 0.7676
vn -0.4727 0.6935 0.5437
vn -0.3864 0.7964 -0.4653
vn -0.4728 0.6934 -0.5437
vn -0.5717 0.2898 -0.7676
vn -0.6069 -0.3073 -0.7330
vn 0.8439 0.4339 0.3155
vn 0.5685 0.7343 0.3711
vn 0.5826 0.5825 0.5668
vn 0.7964 0.3864 0.4652
vn 0.8897 0.4566 -0.0000
vn 0.6199 0.7847 -0.0000
vn -0.2277 0.9737 -0.0000
vn -0.3221 0.8874 0.3298
vn -0.3865 0.7964 0.4652
vn 0.5825 0.5826 -0.5668
vn 0.5685 0.7343 -0.3711
vn 0.8418 0.4327 -0.3226
vn 0.7964 0.3864 -0.4652
vn -0.3864 0.7964 -0.4652
vn 0.9256 0.2118 0.3137
vn 0.8112 0.2519 0.5277
vn 0.8195 -0.1812 0.5437
vn 0.9263 -0.2198 0.3061
vn 0.9787 -0.2052 -0.0000
vn 0.9720 0.2351 -0.0000
vn 0.7642 -0.5830 0.2758
vn 0.6589 -0.5804 0.4785
vn 0.5367 -0.7499 0.3868
vn 0.5573 -0.8007 0.2198
vn 0.8057 -0.5923 -0.0000
vn 0.5456 -0.8381 -0.0000
vn 0.7660 -0.5765 -0.2843
vn 0.5573 -0.8007 -0.2198
vn 0.5351 -0.7475 -0.3935
vn 0.6619 -0.5752 -0.4806
vn 0.9251 -0.2214 -0.3086
vn 0.8183 -0.1888 -0.5429
vn 0.9256 0.2117 -0.3137
vn 0.8112 0.2520 -0.5277
vn 0.2920 -0.9390 0.1815
vn 0.2919 -0.8677 0.4023
vn -0.4413 -0.8905 0.1104
vn -0.5221 -0.7515 0.4033
vn -0.4472 -0.8944 -0.0000
vn 0.2830 -0.9591 -0.0000
vn 0.2920 -0.9390 -0.1815
vn 0.2981 -0.8630 -0.4079
vn -0.4413 -0.8905 -0.1103
vn -0.5221 -0.7514 -0.4034
vn 0.4098 -0.5832 0.7014
vn 0.5506 0.0393 0.8338
vn -0.5718 0.2897 0.7675
vn -0.6069 -0.3073 0.7330
vn 0.5417 0.4789 0.6908
vn -0.4729 0.6934 0.5437
vn 0.5417 0.4789 -0.6908
vn 0.5506 0.0393 -0.8338
vn -0.4728 0.6935 -0.5437
vn -0.5717 0.2898 -0.7675
vn 0.4186 -0.5845 -0.6951
vn -0.6069 -0.3074 -0.7330
vt 0.093146 0.314750
vt 0.104365 0.315860
vt 0.097262 0.397418
vt 0.086037 0.396974
vt 0.104784 0.234599
vt 0.116017 0.236020
vt 0.117118 0.157053
vt 0.128409 0.158218
vt 0.126515 0.081652
vt 0.137853 0.082528
vt 0.082130 0.158493
vt 0.071112 0.155824
vt 0.089977 0.082131
vt 0.100908 0.085215
vt 0.066471 0.234188
vt 0.055285 0.232354
vt 0.056264 0.312310
vt 0.044966 0.311348
vt 0.052741 0.391944
vt 0.041401 0.391863
vt 0.055806 0.471734
vt 0.044482 0.472447
vt 0.064103 0.550446
vt 0.052836 0.551806
vt 0.075925 0.627335
vt 0.064745 0.629235
vt 0.090012 0.702165
vt 0.078951 0.704671
vt 0.106273 0.775159
vt 0.095276 0.778015
vt 0.113713 0.716141
vt 0.125005 0.714967
vt 0.134977 0.789605
vt 0.123661 0.790522
vt 0.101671 0.639997
vt 0.112900 0.638656
vt 0.091417 0.561107
vt 0.102645 0.560124
vt 0.085575 0.479705
vt 0.096810 0.479377
vt 0.118341 0.398061
vt 0.125672 0.317070
vt 0.135824 0.318514
vt 0.128520 0.398470
vt 0.137697 0.237464
vt 0.147900 0.239509
vt 0.150253 0.159334
vt 0.160562 0.161562
vt 0.160636 0.081813
vt 0.171104 0.085703
vt 0.050054 0.150378
vt 0.039597 0.149036
vt 0.057624 0.074298
vt 0.068841 0.074261
vt 0.033924 0.228399
vt 0.023651 0.227473
vt 0.023486 0.309163
vt 0.013370 0.308721
vt 0.019867 0.391587
vt 0.009804 0.391506
vt 0.022922 0.473982
vt 0.012764 0.474195
vt 0.031266 0.554861
vt 0.020917 0.555410
vt 0.043203 0.633443
vt 0.032669 0.634462
vt 0.057622 0.709820
vt 0.047001 0.711266
vt 0.073536 0.785383
vt 0.062264 0.785485
vt 0.146984 0.713636
vt 0.157511 0.711602
vt 0.168733 0.786316
vt 0.158066 0.789927
vt 0.134730 0.637314
vt 0.145163 0.635288
vt 0.124135 0.559304
vt 0.134441 0.557690
vt 0.117985 0.479292
vt 0.128212 0.478565
vt 0.114454 0.316188
vt 0.107162 0.397706
vt 0.126445 0.236302
vt 0.139115 0.158168
vt 0.149167 0.080599
vt 0.060994 0.152614
vt 0.080056 0.076818
vt 0.045069 0.230082
vt 0.034732 0.310092
vt 0.031159 0.391725
vt 0.034218 0.473380
vt 0.042519 0.553609
vt 0.054357 0.631653
vt 0.068575 0.707649
vt 0.084993 0.782935
vt 0.135853 0.714783
vt 0.146375 0.791131
vt 0.123499 0.638412
vt 0.112918 0.560100
vt 0.106796 0.479556
vt 0.150529 0.069655
vt 0.161794 0.070920
vt 0.071402 0.063577
vt 0.082447 0.066121
vt 0.868601 0.148757
vt 0.846843 0.136125
vt 0.843894 0.151484
vt 0.866009 0.173299
vt 0.899205 0.185859
vt 0.898983 0.158798
vt 0.932188 0.172757
vt 0.929205 0.148242
vt 0.868850 0.097112
vt 0.835982 0.100591
vt 0.835403 0.075419
vt 0.870771 0.069350
vt 0.898250 0.070374
vt 0.898510 0.102168
vt 0.852137 0.034096
vt 0.840366 0.051841
vt 0.872550 0.049595
vt 0.873573 0.031239
vt 0.898072 0.048759
vt 0.897920 0.030573
vt 0.943757 0.033340
vt 0.922278 0.030839
vt 0.923603 0.049175
vt 0.955818 0.050889
vt 0.925705 0.068895
vt 0.961170 0.074383
vt 0.950732 0.135271
vt 0.961004 0.099562
vt 0.928086 0.096622
vt 0.897750 0.009804
vt 0.863137 0.013779
vt 0.932424 0.013209
vt 0.964153 0.026975
vt 0.831640 0.028066
vt 0.810698 0.055700
vt 0.806577 0.087801
vt 0.819967 0.118590
vt 0.953940 0.150579
vt 0.977313 0.117294
vt 0.990196 0.086289
vt 0.985546 0.054260
vt 0.461818 0.253257
vt 0.445092 0.130039
vt 0.360131 0.212493
vt 0.397760 0.285478
vt 0.567675 0.231931
vt 0.567903 0.109748
vt 0.568051 0.034891
vt 0.418259 0.077852
vt 0.309832 0.163428
vt 0.775241 0.213326
vt 0.690623 0.130536
vt 0.673470 0.253669
vt 0.737464 0.286123
vt 0.825727 0.164452
vt 0.717663 0.078454
vt 0.477234 0.397944
vt 0.376753 0.382990
vt 0.379885 0.465858
vt 0.488513 0.479601
vt 0.567233 0.476815
vt 0.567395 0.386023
vt 0.492726 0.545461
vt 0.391566 0.549217
vt 0.422006 0.616157
vt 0.494471 0.615937
vt 0.567107 0.546938
vt 0.566989 0.617291
vt 0.641497 0.545659
vt 0.639506 0.616069
vt 0.711965 0.616490
vt 0.743822 0.550775
vt 0.646033 0.479950
vt 0.755152 0.466804
vt 0.657497 0.398331
vt 0.757963 0.383826
vt 0.465795 0.691788
vt 0.350200 0.669529
vt 0.405505 0.782302
vt 0.261769 0.717485
vt 0.566689 0.800169
vt 0.566852 0.697326
vt 0.667913 0.692070
vt 0.783539 0.670174
vt 0.727909 0.782786
vt 0.871808 0.718464
vt 0.254026 0.563655
vt 0.240981 0.443357
vt 0.148227 0.440679
vt 0.170089 0.589517
vt 0.277117 0.325671
vt 0.198049 0.297277
vt 0.857780 0.326825
vt 0.893538 0.444571
vt 0.936960 0.298696
vt 0.986265 0.442197
vt 0.880063 0.564720
vt 0.963913 0.590886
s 1
usemtl Mask1Mtl
f 2669/1598/1406 2670/1599/1407 2671/1600/1408
f 2671/1600/1408 2672/1601/1409 2669/1598/1406
f 2673/1602/1410 2674/1603/1411 2670/1599/1407
f 2670/1599/1407 2669/1598/1406 2673/1602/1410
f 2675/1604/1412 2676/1605/1413 2674/1603/1411
f 2674/1603/1411 2673/1602/1410 2675/1604/1412
f 2677/1606/1414 2678/1607/1415 2676/1605/1413
f 2676/1605/1413 2675/1604/1412 2677/1606/1414
f 2679/1608/1416 2680/1609/1417 2681/1610/1418
f 2681/1610/1418 2682/1611/1419 2679/1608/1416
f 2683/1612/1420 2684/1613/1421 2680/1609/1417
f 2680/1609/1417 2679/1608/1416 2683/1612/1420
f 2685/1614/1422 2686/1615/1423 2684/1613/1421
f 2684/1613/1421 2683/1612/1420 2685/1614/1422
f 2687/1616/1424 2688/1617/1425 2686/1615/1423
f 2686/1615/1423 2685/1614/1422 2687/1616/1424
f 2689/1618/1426 2690/1619/1427 2688/1617/1425
f 2688/1617/1425 2687/1616/1424 2689/1618/1426
f 2691/1620/1428 2692/1621/1429 2690/1619/1427
f 2690/1619/1427 2689/1618/1426 2691/1620/1428
f 2693/1622/1430 2694/1623/1431 2692/1621/1429
f 2692/1621/1429 2691/1620/1428 2693/1622/1430
f 2695/1624/1432 2696/1625/1433 2694/1623/1431
f 2694/1623/1431 2693/1622/1430 2695/1624/1432
f 2697/1626/1434 2698/1627/1435 2696/1625/1433
f 2696/1625/1433 2695/1624/1432 2697/1626/1434
f 2699/1628/1436 2700/1629/1437 2701/1630/1435
f 2701/1630/1435 2702/1631/1438 2699/1628/1436
f 2703/1632/1439 2704/1633/1440 2700/1629/1437
f 2700/1629/1437 2699/1628/1436 2703/1632/1439
f 2705/1634/1441 2706/1635/1442 2704/1633/1440
f 2704/1633/1440 2703/1632/1439 2705/1634/1441
f 2707/1636/1443 2708/1637/1444 2706/1635/1442
f 2706/1635/1442 2705/1634/1441 2707/1636/1443
f 2672/1601/1409 2671/1600/1408 2708/1637/1444
f 2708/1637/1444 2707/1636/1443 2672/1601/1409
f 2709/1638/1445 2710/1639/1446 2711/1640/1447
f 2711/1640/1447 2712/1641/1409 2709/1638/1445
f 2710/1639/1446 2713/1642/1448 2714/1643/1410
f 2714/1643/1410 2711/1640/1447 2710/1639/1446
f 2713/1642/1448 2715/1644/1449 2716/1645/1450
f 2716/1645/1450 2714/1643/1410 2713/1642/1448
f 2715/1644/1449 2717/1646/1451 2718/1647/1452
f 2718/1647/1452 2716/1645/1450 2715/1644/1449
f 2719/1648/1453 2720/1649/1454 2721/1650/1419
f 2721/1650/1419 2722/1651/1455 2719/1648/1453
f 2723/1652/1456 2724/1653/1420 2720/1649/1454
f 2720/1649/1454 2719/1648/1453 2723/1652/1456
f 2725/1654/1457 2726/1655/1458 2724/1653/1420
f 2724/1653/1420 2723/1652/1456 2725/1654/1457
f 2727/1656/1459 2728/1657/1424 2726/1655/1458
f 2726/1655/1458 2725/1654/1457 2727/1656/1459
f 2727/1656/1459 2729/1658/1460 2730/1659/1461
f 2730/1659/1461 2728/1657/1424 2727/1656/1459
f 2729/1658/1460 2731/1660/1462 2732/1661/1463
f 2732/1661/1463 2730/1659/1461 2729/1658/1460
f 2731/1660/1462 2733/1662/1464 2734/1663/1465
f 2734/1663/1465 2732/1661/1463 2731/1660/1462
f 2733/1662/1464 2735/1664/1466 2736/1665/1432
f 2736/1665/1432 2734/1663/1465 2733/1662/1464
f 2735/1664/1466 2737/1666/1467 2738/1667/1468
f 2738/1667/1468 2736/1665/1432 2735/1664/1466
f 2739/1668/1469 2740/1669/1436 2741/1670/1468
f 2741/1670/1468 2742/1671/1470 2739/1668/1469
f 2743/1672/1471 2744/1673/1472 2740/1669/1436
f 2740/1669/1436 2739/1668/1469 2743/1672/1471
f 2745/1674/1473 2746/1675/1441 2744/1673/1472
f 2744/1673/1472 2743/1672/1471 2745/1674/1473
f 2747/1676/1474 2748/1677/1475 2746/1675/1441
f 2746/1675/1441 2745/1674/1473 2747/1676/1474
f 2709/1638/1445 2712/1641/1409 2748/1677/1475
f 2748/1677/1475 2747/1676/1474 2709/1638/1445
f 2749/1678/1476 2710/1639/1446 2709/1638/1445
f 2709/1638/1445 2750/1679/1477 2749/1678/1476
f 2751/1680/1478 2713/1642/1448 2710/1639/1446
f 2710/1639/1446 2749/1678/1476 2751/1680/1478
f 2752/1681/1479 2715/1644/1449 2713/1642/1448
f 2713/1642/1448 2751/1680/1478 2752/1681/1479
f 2753/1682/1480 2717/1646/1451 2715/1644/1449
f 2715/1644/1449 2752/1681/1479 2753/1682/1480
f 2754/1683/1481 2719/1648/1453 2722/1651/1455
f 2722/1651/1455 2755/1684/1482 2754/1683/1481
f 2756/1685/1483 2723/1652/1456 2719/1648/1453
f 2719/1648/1453 2754/1683/1481 2756/1685/1483
f 2757/1686/1484 2725/1654/1457 2723/1652/1456
f 2723/1652/1456 2756/1685/1483 2757/1686/1484
f 2758/1687/1485 2727/1656/1459 2725/1654/1457
f 2725/1654/1457 2757/1686/1484 2758/1687/1485
f 2759/1688/1486 2729/1658/1460 2727/1656/1459
f 2727/1656/1459 2758/1687/1485 2759/1688/1486
f 2760/1689/1487 2731/1660/1462 2729/1658/1460
f 2729/1658/1460 2759/1688/1486 2760/1689/1487
f 2761/1690/1488 2733/1662/1464 2731/1660/1462
f 2731/1660/1462 2760/1689/1487 2761/1690/1488
f 2762/1691/1489 2735/1664/1466 2733/1662/1464
f 2733/1662/1464 2761/1690/1488 2762/1691/1489
f 2763/1692/1490 2737/1666/1467 2735/1664/1466
f 2735/1664/1466 2762/1691/1489 2763/1692/1490
f 2764/1693/1491 2739/1668/1469 2742/1671/1470
f 2742/1671/1470 2765/1694/1490 2764/1693/1491
f 2766/1695/1492 2743/1672/1471 2739/1668/1469
f 2739/1668/1469 2764/1693/1491 2766/1695/1492
f 2767/1696/1493 2745/1674/1473 2743/1672/1471
f 2743/1672/1471 2766/1695/1492 2767/1696/1493
f 2768/1697/1494 2747/1676/1474 2745/1674/1473
f 2745/1674/1473 2767/1696/1493 2768/1697/1494
f 2750/1679/1477 2709/1638/1445 2747/1676/1474
f 2747/1676/1474 2768/1697/1494 2750/1679/1477
f 2670/1599/1407 2749/1678/1476 2750/1679/1477
f 2750/1679/1477 2671/1600/1408 2670/1599/1407
f 2674/1603/1411 2751/1680/1478 2749/1678/1476
f 2749/1678/1476 2670/1599/1407 2674/1603/1411
f 2676/1605/1413 2752/1681/1479 2751/1680/1478
f 2751/1680/1478 2674/1603/1411 2676/1605/1413
f 2678/1607/1415 2753/1682/1480 2752/1681/1479
f 2752/1681/1479 2676/1605/1413 2678/1607/1415
f 2681/1610/1418 2680/1609/1417 2754/1683/1481
f 2754/1683/1481 2755/1684/1482 2681/1610/1418
f 2680/1609/1417 2684/1613/1421 2756/1685/1483
f 2756/1685/1483 2754/1683/1481 2680/1609/1417
f 2684/1613/1421 2686/1615/1423 2757/1686/1484
f 2757/1686/1484 2756/1685/1483 2684/1613/1421
f 2686/1615/1423 2688/1617/1425 2758/1687/1485
f 2758/1687/1485 2757/1686/1484 2686/1615/1423
f 2690/1619/1427 2759/1688/1486 2758/1687/1485
f 2758/1687/1485 2688/1617/1425 2690/1619/1427
f 2692/1621/1429 2760/1689/1487 2759/1688/1486
f 2759/1688/1486 2690/1619/1427 2692/1621/1429
f 2694/1623/1431 2761/1690/1488 2760/1689/1487
f 2760/1689/1487 2692/1621/1429 2694/1623/1431
f 2696/1625/1433 2762/1691/1489 2761/1690/1488
f 2761/1690/1488 2694/1623/1431 2696/1625/1433
f 2698/1627/1435 2763/1692/1490 2762/1691/1489
f 2762/1691/1489 2696/1625/1433 2698/1627/1435
f 2701/1630/1435 2700/1629/1437 2764/1693/1491
f 2764/1693/1491 2765/1694/1490 2701/1630/1435
f 2700/1629/1437 2704/1633/1440 2766/1695/1492
f 2766/1695/1492 2764/1693/1491 2700/1629/1437
f 2704/1633/1440 2706/1635/1442 2767/1696/1493
f 2767/1696/1493 2766/1695/1492 2704/1633/1440
f 2706/1635/1442 2708/1637/1444 2768/1697/1494
f 2768/1697/1494 2767/1696/1493 2706/1635/1442
f 2708/1637/1444 2671/1600/1408 2750/1679/1477
f 2750/1679/1477 2768/1697/1494 2708/1637/1444
f 2769/1698/1495 2770/1699/1496 2717/1646/1451
f 2717/1646/1451 2753/1682/1480 2769/1698/1495
f 2722/1651/1455 2771/1700/1497 2772/1701/1498
f 2772/1701/1498 2755/1684/1482 2722/1651/1455
f 2773/1702/1499 2774/1703/1500 2775/1704/1501
f 2775/1704/1501 2776/1705/1502 2773/1702/1499
f 2776/1705/1502 2777/1706/1503 2778/1707/1504
f 2778/1707/1504 2773/1702/1499 2776/1705/1502
f 2778/1707/1504 2777/1706/1503 2779/1708/1505
f 2779/1708/1505 2780/1709/1506 2778/1707/1504
f 2774/1703/1500 2773/1702/1499 2781/1710/1507
f 2781/1710/1507 2782/1711/1508 2774/1703/1500
f 2783/1712/1509 2782/1711/1508 2781/1710/1507
f 2781/1710/1507 2784/1713/1510 2783/1712/1509
f 2785/1714/1511 2784/1713/1510 2781/1710/1507
f 2781/1710/1507 2786/1715/1512 2785/1714/1511
f 2773/1702/1499 2778/1707/1504 2786/1715/1512
f 2786/1715/1512 2781/1710/1507 2773/1702/1499
f 2787/1716/1513 2788/1717/1514 2789/1718/1515
f 2789/1718/1515 2790/1719/1516 2787/1716/1513
f 2791/1720/1517 2792/1721/1518 2790/1719/1516
f 2790/1719/1516 2789/1718/1515 2791/1720/1517
f 2785/1714/1511 2791/1720/1517 2789/1718/1515
f 2789/1718/1515 2784/1713/1510 2785/1714/1511
f 2788/1717/1514 2783/1712/1509 2784/1713/1510
f 2784/1713/1510 2789/1718/1515 2788/1717/1514
f 2793/1722/1519 2794/1723/1520 2795/1724/1521
f 2795/1724/1521 2796/1725/1522 2793/1722/1519
f 2797/1726/1523 2798/1727/1524 2796/1725/1522
f 2796/1725/1522 2795/1724/1521 2797/1726/1523
f 2785/1714/1511 2797/1726/1523 2795/1724/1521
f 2795/1724/1521 2791/1720/1517 2785/1714/1511
f 2794/1723/1520 2792/1721/1518 2791/1720/1517
f 2791/1720/1517 2795/1724/1521 2794/1723/1520
f 2799/1728/1525 2800/1729/1526 2801/1730/1527
f 2801/1730/1527 2780/1709/1506 2799/1728/1525
f 2786/1715/1512 2778/1707/1504 2780/1709/1506
f 2780/1709/1506 2801/1730/1527 2786/1715/1512
f 2785/1714/1511 2786/1715/1512 2801/1730/1527
f 2801/1730/1527 2797/1726/1523 2785/1714/1511
f 2798/1727/1524 2797/1726/1523 2801/1730/1527
f 2801/1730/1527 2800/1729/1526 2798/1727/1524
f 2790/1719/1516 2792/1721/1518 2802/1731/1528
f 2802/1731/1528 2803/1732/1529 2790/1719/1516
f 2804/1733/1530 2794/1723/1520 2793/1722/1519
f 2793/1722/1519 2805/1734/1531 2804/1733/1530
f 2802/1731/1528 2792/1721/1518 2794/1723/1520
f 2794/1723/1520 2804/1733/1530 2802/1731/1528
f 2788/1717/1514 2787/1716/1513 2806/1735/1532
f 2806/1735/1532 2807/1736/1533 2788/1717/1514
f 2807/1736/1533 2808/1737/1534 2783/1712/1509
f 2783/1712/1509 2788/1717/1514 2807/1736/1533
f 2782/1711/1508 2783/1712/1509 2808/1737/1534
f 2808/1737/1534 2809/1738/1535 2782/1711/1508
f 2799/1728/1525 2810/1739/1536 2811/1740/1537
f 2811/1740/1537 2800/1729/1526 2799/1728/1525
f 2800/1729/1526 2811/1740/1537 2812/1741/1538
f 2812/1741/1538 2798/1727/1524 2800/1729/1526
f 2798/1727/1524 2812/1741/1538 2813/1742/1539
f 2813/1742/1539 2796/1725/1522 2798/1727/1524
f 2814/1743/1540 2815/1744/1541 2816/1745/1542
f 2816/1745/1542 2817/1746/1543 2814/1743/1540
f 2815/1744/1541 2814/1743/1540 2818/1747/1544
f 2818/1747/1544 2819/1748/1545 2815/1744/1541
f 2815/1744/1541 2819/1748/1545 2820/1749/1546
f 2820/1749/1546 2821/1750/1547 2815/1744/1541
f 2815/1744/1541 2821/1750/1547 2822/1751/1548
f 2822/1751/1548 2816/1745/1542 2815/1744/1541
f 2823/1752/1549 2824/1753/1550 2825/1754/1551
f 2825/1754/1551 2826/1755/1552 2823/1752/1549
f 2824/1753/1550 2823/1752/1549 2827/1756/1553
f 2827/1756/1553 2828/1757/1505 2824/1753/1550
f 2824/1753/1550 2828/1757/1505 2820/1749/1546
f 2820/1749/1546 2819/1748/1545 2824/1753/1550
f 2824/1753/1550 2819/1748/1545 2818/1747/1544
f 2818/1747/1544 2825/1754/1551 2824/1753/1550
f 2829/1758/1554 2814/1743/1540 2817/1746/1543
f 2817/1746/1543 2830/1759/1555 2829/1758/1554
f 2829/1758/1554 2830/1759/1555 2831/1760/1556
f 2831/1760/1556 2832/1761/1557 2829/1758/1554
f 2829/1758/1554 2832/1761/1557 2833/1762/1558
f 2833/1762/1558 2834/1763/1559 2829/1758/1554
f 2814/1743/1540 2829/1758/1554 2834/1763/1559
f 2834/1763/1559 2818/1747/1544 2814/1743/1540
f 2835/1764/1560 2836/1765/1561 2837/1766/1562
f 2837/1766/1562 2838/1767/1563 2835/1764/1560
f 2839/1768/1564 2835/1764/1560 2838/1767/1563
f 2838/1767/1563 2840/1769/1565 2839/1768/1564
f 2835/1764/1560 2839/1768/1564 2833/1762/1558
f 2833/1762/1558 2832/1761/1557 2835/1764/1560
f 2836/1765/1561 2835/1764/1560 2832/1761/1557
f 2832/1761/1557 2831/1760/1556 2836/1765/1561
f 2841/1770/1566 2842/1771/1567 2843/1772/1568
f 2843/1772/1568 2844/1773/1569 2841/1770/1566
f 2845/1774/1570 2841/1770/1566 2844/1773/1569
f 2844/1773/1569 2846/1775/1571 2845/1774/1570
f 2841/1770/1566 2845/1774/1570 2833/1762/1558
f 2833/1762/1558 2839/1768/1564 2841/1770/1566
f 2842/1771/1567 2841/1770/1566 2839/1768/1564
f 2839/1768/1564 2840/1769/1565 2842/1771/1567
f 2847/1776/1572 2848/1777/1573 2826/1755/1552
f 2826/1755/1552 2825/1754/1551 2847/1776/1572
f 2834/1763/1559 2847/1776/1572 2825/1754/1551
f 2825/1754/1551 2818/1747/1544 2834/1763/1559
f 2847/1776/1572 2834/1763/1559 2833/1762/1558
f 2833/1762/1558 2845/1774/1570 2847/1776/1572
f 2847/1776/1572 2845/1774/1570 2846/1775/1571
f 2846/1775/1571 2848/1777/1573 2847/1776/1572
f 2849/1778/1574 2838/1767/1563 2837/1766/1562
f 2837/1766/1562 2850/1779/1575 2849/1778/1574
f 2851/1780/1576 2849/1778/1574 2850/1779/1575
f 2850/1779/1575 2852/1781/1577 2851/1780/1576
f 2849/1778/1574 2851/1780/1576 2853/1782/1578
f 2853/1782/1578 2854/1783/1579 2849/1778/1574
f 2838/1767/1563 2849/1778/1574 2854/1783/1579
f 2854/1783/1579 2840/1769/1565 2838/1767/1563
f 2855/1784/1580 2856/1785/1581 2843/1772/1568
f 2843/1772/1568 2842/1771/1567 2855/1784/1580
f 2854/1783/1579 2855/1784/1580 2842/1771/1567
f 2842/1771/1567 2840/1769/1565 2854/1783/1579
f 2855/1784/1580 2854/1783/1579 2853/1782/1578
f 2853/1782/1578 2857/1786/1582 2855/1784/1580
f 2856/1785/1581 2855/1784/1580 2857/1786/1582
f 2857/1786/1582 2858/1787/1583 2856/1785/1581
f 2836/1765/1561 2859/1788/1584 2850/1779/1575
f 2850/1779/1575 2837/1766/1562 2836/1765/1561
f 2859/1788/1584 2836/1765/1561 2831/1760/1556
f 2831/1760/1556 2860/1789/1585 2859/1788/1584
f 2859/1788/1584 2860/1789/1585 2861/1790/1586
f 2861/1790/1586 2862/1791/1587 2859/1788/1584
f 2859/1788/1584 2862/1791/1587 2852/1781/1577
f 2852/1781/1577 2850/1779/1575 2859/1788/1584
f 2863/1792/1588 2830/1759/1555 2817/1746/1543
f 2817/1746/1543 2816/1745/1542 2863/1792/1588
f 2863/1792/1588 2816/1745/1542 2822/1751/1548
f 2822/1751/1548 2864/1793/1589 2863/1792/1588
f 2860/1789/1585 2863/1792/1588 2864/1793/1589
f 2864/1793/1589 2861/1790/1586 2860/1789/1585
f 2830/1759/1555 2863/1792/1588 2860/1789/1585
f 2860/1789/1585 2831/1760/1556 2830/1759/1555
f 2865/1794/1590 2823/1752/1549 2826/1755/1552
f 2826/1755/1552 2848/1777/1573 2865/1794/1590
f 2866/1795/1591 2865/1794/1590 2848/1777/1573
f 2848/1777/1573 2846/1775/1571 2866/1795/1591
f 2867/1796/1592 2865/1794/1590 2866/1795/1591
f 2866/1795/1591 2868/1797/1593 2867/1796/1592
f 2865/1794/1590 2867/1796/1592 2827/1756/1553
f 2827/1756/1553 2823/1752/1549 2865/1794/1590
f 2856/1785/1581 2869/1798/1594 2844/1773/1569
f 2844/1773/1569 2843/1772/1568 2856/1785/1581
f 2869/1798/1594 2856/1785/1581 2858/1787/1583
f 2858/1787/1583 2870/1799/1595 2869/1798/1594
f 2869/1798/1594 2870/1799/1595 2868/1797/1593
f 2868/1797/1593 2866/1795/1591 2869/1798/1594
f 2869/1798/1594 2866/1795/1591 2846/1775/1571
f 2846/1775/1571 2844/1773/1569 2869/1798/1594
f 2780/1709/1506 2779/1708/1505 2810/1739/1536
f 2810/1739/1536 2799/1728/1525 2780/1709/1506
f 2803/1732/1529 2806/1735/1532 2787/1716/1513
f 2787/1716/1513 2790/1719/1516 2803/1732/1529
f 2809/1738/1535 2775/1704/1501 2774/1703/1500
f 2774/1703/1500 2782/1711/1508 2809/1738/1535
f 2805/1734/1531 2793/1722/1519 2796/1725/1522
f 2796/1725/1522 2813/1742/1539 2805/1734/1531
o Object_11
v 0.504681 4.866443 -1.017433
v 0.512482 4.866374 -0.994133
v 0.259579 4.868693 -0.869034
v 0.244678 4.868824 -0.888832
v 0.058781 4.870533 -0.674133
v 0.038380 4.870723 -0.688538
v -0.070019 4.871713 -0.428535
v -0.094120 4.871933 -0.436134
v -0.114521 4.872123 -0.156334
v -0.139721 4.872354 -0.156334
v -0.139721 4.872354 -0.156334
v -0.114521 4.872123 -0.156334
v -0.070019 4.871713 0.115967
v -0.094120 4.871933 0.123466
v 0.058781 4.870533 0.361465
v 0.038380 4.870723 0.375961
v 0.259579 4.868693 0.556366
v 0.244678 4.868824 0.576263
v 0.512482 4.866373 0.681564
v 0.504681 4.866443 0.704865
v 0.792881 4.863803 0.724663
v 0.792881 4.863803 0.749168
v 1.073181 4.861233 0.681564
v 1.080978 4.861163 0.704865
v 1.326180 4.858913 0.556366
v 1.340981 4.858783 0.576263
v 1.526878 4.857073 0.361465
v 1.547279 4.856894 0.375961
v 1.655781 4.855893 0.115967
v 1.679779 4.855673 0.123466
v 1.700180 4.855494 -0.156334
v 1.725380 4.855253 -0.156334
v 1.655781 4.855893 -0.428535
v 1.679779 4.855673 -0.436134
v 1.526878 4.857073 -0.674133
v 1.547279 4.856894 -0.688538
v 1.326180 4.858913 -0.869034
v 1.340981 4.858783 -0.888832
v 1.073181 4.861233 -0.994133
v 1.080978 4.861163 -1.017433
v 0.792881 4.863803 -1.037239
v 0.792881 4.863803 -1.061737
v 0.507782 5.069493 -1.017433
v 0.504681 4.866443 -1.017433
v 0.244678 4.868824 -0.888832
v 0.247879 5.071873 -0.888832
v 0.038380 4.870723 -0.688538
v 0.041481 5.073763 -0.688538
v -0.094120 4.871933 -0.436134
v -0.090919 5.074983 -0.436134
v -0.139721 4.872354 -0.156334
v -0.136620 5.075403 -0.156334
v -0.136620 5.075403 -0.156334
v -0.139721 4.872354 -0.156334
v -0.094120 4.871933 0.123466
v -0.090919 5.074983 0.123466
v 0.038380 4.870723 0.375961
v 0.041481 5.073763 0.375961
v 0.244678 4.868824 0.576263
v 0.247879 5.071873 0.576263
v 0.504681 4.866443 0.704865
v 0.507782 5.069493 0.704865
v 0.792881 4.863803 0.749168
v 0.795979 5.066853 0.749168
v 1.080978 4.861163 0.704865
v 1.084179 5.064213 0.704865
v 1.340981 4.858783 0.576263
v 1.344181 5.061833 0.576263
v 1.547279 4.856894 0.375961
v 1.550480 5.059933 0.375961
v 1.679779 4.855673 0.123466
v 1.682980 5.058723 0.123466
v 1.725380 4.855253 -0.156334
v 1.728580 5.058303 -0.156334
v 1.679779 4.855673 -0.436134
v 1.682980 5.058723 -0.436134
v 1.547279 4.856894 -0.688538
v 1.550480 5.059933 -0.688538
v 1.340981 4.858783 -0.888832
v 1.344181 5.061833 -0.888832
v 1.080978 4.861163 -1.017433
v 1.084179 5.064213 -1.017433
v 0.792881 4.863803 -1.061737
v 0.795979 5.066854 -1.061737
v 0.515579 5.069423 -0.994133
v 0.262680 5.071743 -0.869034
v 0.061981 5.073583 -0.674133
v -0.066921 5.074763 -0.428535
v -0.111320 5.075163 -0.156334
v -0.111320 5.075163 -0.156334
v -0.066921 5.074763 0.115967
v 0.061981 5.073583 0.361465
v 0.262680 5.071743 0.556366
v 0.515579 5.069423 0.681564
v 0.795979 5.066853 0.724663
v 1.076382 5.064283 0.681564
v 1.329281 5.061964 0.556366
v 1.529980 5.060123 0.361465
v 1.658878 5.058943 0.115967
v 1.703281 5.058533 -0.156334
v 1.658878 5.058943 -0.428535
v 1.529980 5.060123 -0.674133
v 1.329281 5.061964 -0.869034
v 1.076382 5.064283 -0.994133
v 0.795979 5.066854 -1.037239
v 0.515579 5.069423 -0.994133
v 0.262680 5.071743 -0.869034
v 0.061981 5.073583 -0.674133
v -0.066921 5.074763 -0.428535
v -0.111320 5.075163 -0.156334
v -0.111320 5.075163 -0.156334
v -0.066921 5.074763 0.115967
v 0.061981 5.073583 0.361465
v 0.262680 5.071743 0.556366
v 0.515579 5.069423 0.681564
v 0.795979 5.066853 0.724663
v 1.076382 5.064283 0.681564
v 1.329281 5.061964 0.556366
v 1.529980 5.060123 0.361465
v 1.658878 5.058943 0.115967
v 1.703281 5.058533 -0.156334
v 1.658878 5.058943 -0.428535
v 1.529980 5.060123 -0.674133
v 1.329281 5.061964 -0.869034
v 1.076382 5.064283 -0.994133
v 0.795979 5.066854 -1.037239
v 1.817680 5.466283 -0.025635
v 1.813381 5.188783 -0.139534
v 1.813282 5.182673 -0.124336
v 1.816879 5.418724 0.092262
v 1.813179 5.173163 -0.112335
v 1.815781 5.344663 0.185867
v 1.812981 5.161173 -0.104637
v 1.814281 5.251333 0.245964
v 1.812778 5.147883 -0.101936
v 1.812679 5.147883 0.266663
v 1.812580 5.134593 -0.104637
v 1.811081 5.044424 0.245865
v 1.812382 5.122603 -0.112335
v 1.809681 4.951103 0.185867
v 1.812180 5.113083 -0.124336
v 1.808479 4.877033 0.092262
v 1.812080 5.106973 -0.139534
v 1.807781 4.829484 -0.025635
v 1.812080 5.104863 -0.156334
v 1.807480 4.813093 -0.156334
v 1.812080 5.106973 -0.173134
v 1.807781 4.829484 -0.287033
v 1.812180 5.113083 -0.188232
v 1.808479 4.877033 -0.404839
v 1.812382 5.122603 -0.200233
v 1.809681 4.951103 -0.498436
v 1.812580 5.134593 -0.207932
v 1.811081 5.044424 -0.558533
v 1.812778 5.147883 -0.210632
v 1.812679 5.147883 -0.579239
v 1.812981 5.161173 -0.207932
v 1.814281 5.251333 -0.558533
v 1.813179 5.173163 -0.200233
v 1.815781 5.344663 -0.498436
v 1.813282 5.182673 -0.188232
v 1.816879 5.418724 -0.404839
v 1.813381 5.188783 -0.173134
v 1.817680 5.466283 -0.287033
v 1.813381 5.190893 -0.156334
v 1.817879 5.482663 -0.156334
v 1.841579 5.466063 -0.025635
v 1.817680 5.466283 -0.025635
v 1.816879 5.418724 0.092262
v 1.840881 5.418513 0.092262
v 1.815781 5.344663 0.185867
v 1.839680 5.344443 0.185867
v 1.814281 5.251333 0.245964
v 1.838280 5.251113 0.245964
v 1.812679 5.147883 0.266663
v 1.836578 5.147663 0.266663
v 1.811081 5.044424 0.245865
v 1.834980 5.044203 0.245865
v 1.809681 4.951103 0.185867
v 1.833580 4.950883 0.185867
v 1.808479 4.877033 0.092262
v 1.832378 4.876813 0.092262
v 1.807781 4.829484 -0.025635
v 1.831680 4.829263 -0.025635
v 1.807480 4.813093 -0.156334
v 1.831379 4.812873 -0.156334
v 1.807480 4.813093 -0.156334
v 1.807781 4.829484 -0.287033
v 1.831680 4.829263 -0.287033
v 1.808479 4.877033 -0.404839
v 1.832378 4.876813 -0.404839
v 1.809681 4.951103 -0.498436
v 1.833580 4.950883 -0.498436
v 1.811081 5.044424 -0.558533
v 1.834980 5.044203 -0.558533
v 1.812679 5.147883 -0.579239
v 1.836578 5.147663 -0.579239
v 1.814281 5.251333 -0.558533
v 1.838280 5.251113 -0.558533
v 1.815781 5.344663 -0.498436
v 1.839680 5.344443 -0.498436
v 1.816879 5.418724 -0.404839
v 1.840881 5.418513 -0.404839
v 1.817680 5.466283 -0.287033
v 1.841579 5.466063 -0.287033
v 1.817879 5.482663 -0.156334
v 1.841782 5.482443 -0.156334
v 1.837280 5.188573 -0.139534
v 1.837181 5.182463 -0.124336
v 1.836979 5.172943 -0.112335
v 1.836781 5.160954 -0.104637
v 1.836578 5.147663 -0.101936
v 1.836380 5.134373 -0.104637
v 1.836281 5.122383 -0.112335
v 1.836079 5.112864 -0.124336
v 1.835979 5.106753 -0.139534
v 1.835979 5.104653 -0.156334
v 1.835979 5.106753 -0.173134
v 1.836079 5.112864 -0.188232
v 1.836281 5.122383 -0.200233
v 1.836380 5.134373 -0.207932
v 1.836578 5.147663 -0.210632
v 1.836781 5.160954 -0.207932
v 1.836979 5.172943 -0.200233
v 1.837181 5.182463 -0.188232
v 1.837280 5.188573 -0.173134
v 1.837280 5.190673 -0.156334
v 1.813381 5.188783 -0.139534
v 1.813282 5.182673 -0.124336
v 1.813179 5.173163 -0.112335
v 1.812981 5.161173 -0.104637
v 1.812778 5.147883 -0.101936
v 1.812580 5.134593 -0.104637
v 1.812382 5.122603 -0.112335
v 1.812180 5.113083 -0.124336
v 1.812080 5.106973 -0.139534
v 1.812080 5.104863 -0.156334
v 1.812080 5.106973 -0.173134
v 1.812180 5.113083 -0.188232
v 1.812382 5.122603 -0.200233
v 1.812580 5.134593 -0.207932
v 1.812778 5.147883 -0.210632
v 1.812981 5.161173 -0.207932
v 1.813179 5.173163 -0.200233
v 1.813282 5.182673 -0.188232
v 1.813381 5.188783 -0.173134
v 1.813381 5.190893 -0.156334
v 1.813381 5.190893 -0.156334
v 1.770981 4.918533 -0.127335
v 1.770981 4.918533 -0.185333
v 1.761982 4.902383 -0.185333
v 1.761982 4.902383 -0.127335
v 1.770481 4.886083 -0.185333
v 1.770481 4.886083 -0.127335
v 1.791481 4.879173 -0.185333
v 1.791481 4.879173 -0.127335
v 1.812679 4.885694 -0.185333
v 1.812679 4.885694 -0.127335
v 1.812679 4.885694 -0.127335
v 1.812679 4.885694 -0.185333
v 1.821682 4.901844 -0.185333
v 1.821682 4.901844 -0.127335
v 1.813179 4.918143 -0.185333
v 1.813179 4.918143 -0.127335
v 1.792179 4.925063 -0.185333
v 1.792179 4.925063 -0.127335
v 1.773880 5.039243 -0.180336
v 1.828381 4.911493 -0.180336
v 1.828381 4.911493 -0.204033
v 1.773880 5.039243 -0.204033
v 1.755379 5.054543 -0.180336
v 1.755379 5.054543 -0.204033
v 1.739079 5.058074 -0.180336
v 1.739079 5.058074 -0.204033
v 1.725079 5.056473 -0.180336
v 1.725079 5.056473 -0.204033
v 1.712479 5.051363 -0.180336
v 1.712479 5.051363 -0.204033
v 1.702080 5.041123 -0.180336
v 1.702080 5.041123 -0.204033
v 1.698978 5.020373 -0.180336
v 1.698978 5.020373 -0.204033
v 1.753479 4.892633 -0.180336
v 1.753479 4.892633 -0.204033
v 1.771980 4.877323 -0.180336
v 1.771980 4.877323 -0.204033
v 1.788181 4.873793 -0.180336
v 1.788181 4.873793 -0.204033
v 1.802280 4.875393 -0.180336
v 1.802280 4.875393 -0.204033
v 1.814880 4.880503 -0.180336
v 1.802280 4.875393 -0.180336
v 1.814880 4.880503 -0.204033
v 1.825279 4.890753 -0.180336
v 1.825279 4.890753 -0.204033
v 1.698978 5.020373 -0.180336
v 1.753479 4.892633 -0.180336
v 1.771980 4.877323 -0.180336
v 1.702080 5.041123 -0.180336
v 1.788181 4.873793 -0.180336
v 1.712479 5.051363 -0.180336
v 1.802280 4.875393 -0.180336
v 1.725079 5.056473 -0.180336
v 1.814880 4.880503 -0.180336
v 1.739079 5.058074 -0.180336
v 1.825279 4.890753 -0.180336
v 1.755379 5.054543 -0.180336
v 1.828381 4.911493 -0.180336
v 1.773880 5.039243 -0.180336
v 1.828381 4.911493 -0.107933
v 1.828381 4.911493 -0.131935
v 1.773880 5.039243 -0.131935
v 1.773880 5.039243 -0.107933
v 1.755379 5.054543 -0.131935
v 1.755379 5.054543 -0.107933
v 1.739079 5.058074 -0.131935
v 1.739079 5.058074 -0.107933
v 1.725079 5.056473 -0.131935
v 1.725079 5.056473 -0.107933
v 1.712479 5.051363 -0.131935
v 1.712479 5.051363 -0.107933
v 1.702080 5.041123 -0.131935
v 1.702080 5.041123 -0.107933
v 1.698978 5.020373 -0.131935
v 1.698978 5.020373 -0.107933
v 1.753479 4.892633 -0.131935
v 1.753479 4.892633 -0.107933
v 1.771980 4.877323 -0.131935
v 1.771980 4.877323 -0.107933
v 1.788181 4.873793 -0.131935
v 1.788181 4.873793 -0.107933
v 1.802280 4.875393 -0.131935
v 1.802280 4.875393 -0.107933
v 1.802280 4.875393 -0.131935
v 1.814880 4.880503 -0.131935
v 1.814880 4.880503 -0.107933
v 1.825279 4.890753 -0.131935
v 1.825279 4.890753 -0.107933
v 1.771980 4.877323 -0.131935
v 1.753479 4.892633 -0.131935
v 1.698978 5.020373 -0.131935
v 1.702080 5.041123 -0.131935
v 1.788181 4.873793 -0.131935
v 1.712479 5.051363 -0.131935
v 1.802280 4.875393 -0.131935
v 1.725079 5.056473 -0.131935
v 1.814880 4.880503 -0.131935
v 1.739079 5.058074 -0.131935
v 1.825279 4.890753 -0.131935
v 1.755379 5.054543 -0.131935
v 1.828381 4.911493 -0.131935
v 1.773880 5.039243 -0.131935
v 1.711281 5.036713 -0.127335
v 1.711281 5.036713 -0.185333
v 1.709579 5.019203 -0.185333
v 1.709579 5.019203 -0.127335
v 1.724380 5.005873 -0.185333
v 1.724380 5.005873 -0.127335
v 1.747181 5.004543 -0.185333
v 1.747181 5.004543 -0.127335
v 1.747181 5.004543 -0.127335
v 1.747181 5.004543 -0.185333
v 1.764580 5.015984 -0.185333
v 1.764580 5.015984 -0.127335
v 1.766281 5.033494 -0.185333
v 1.766281 5.033494 -0.127335
v 1.751381 5.046824 -0.185333
v 1.751381 5.046824 -0.127335
v 1.728580 5.048153 -0.185333
v 1.728580 5.048153 -0.127335
v -0.095322 4.868793 -0.248833
v -0.092018 5.078143 -0.248833
v -0.107220 5.078283 -0.155739
v -0.110420 4.868933 -0.155739
v -0.110420 4.868933 -0.155739
v -0.143822 4.869243 -0.156937
v -0.128220 4.869093 -0.252632
v -0.095322 4.868793 -0.248833
v -0.140621 5.078583 -0.156937
v -0.125019 5.078444 -0.252632
v -0.128220 4.869093 -0.252632
v -0.143822 4.869243 -0.156937
v -0.107220 5.078283 -0.155739
v -0.092018 5.078143 -0.248833
v -0.125019 5.078444 -0.252632
v -0.140621 5.078583 -0.156937
v -0.111320 5.075163 -0.156334
v -0.096119 5.075033 -0.249435
v -0.099319 4.871984 -0.249435
v -0.114521 4.872123 -0.156334
v -0.114521 4.872123 -0.156334
v -0.099319 4.871984 -0.249435
v -0.124119 4.872203 -0.252037
v -0.139721 4.872354 -0.156334
v -0.124119 4.872203 -0.252037
v -0.121021 5.075253 -0.252037
v -0.136620 5.075403 -0.156334
v -0.139721 4.872354 -0.156334
v -0.121021 5.075253 -0.252037
v -0.096119 5.075033 -0.249435
v -0.111320 5.075163 -0.156334
v -0.136620 5.075403 -0.156334
v -0.107220 5.078283 -0.155739
v -0.111320 5.075163 -0.156334
v -0.114521 4.872123 -0.156334
v -0.110420 4.868933 -0.155739
v -0.095322 4.868793 -0.248833
v -0.099319 4.871984 -0.249435
v -0.096119 5.075033 -0.249435
v -0.092018 5.078143 -0.248833
v -0.128220 4.869093 -0.252632
v -0.124119 4.872203 -0.252037
v -0.139721 4.872354 -0.156334
v -0.143822 4.869243 -0.156937
v -0.125019 5.078444 -0.252632
v -0.121021 5.075253 -0.252037
v -0.136620 5.075403 -0.156334
v -0.140621 5.078583 -0.156937
vn -0.0078 -1.0000 -0.0000
vn -0.0079 -1.0000 -0.0000
vn -0.0079 -1.0000 -0.0001
vn -0.0079 -1.0000 -0.0002
vn -0.0081 -1.0000 -0.0000
vn -0.0080 -1.0000 -0.0000
vn -0.0079 -1.0000 0.0002
vn -0.0077 -1.0000 0.0001
vn -0.0077 -1.0000 -0.0000
vn -0.0078 -1.0000 -0.0001
vn -0.4409 0.0078 -0.8975
vn -0.6951 0.0079 -0.7188
vn -0.8846 0.0157 -0.4660
vn -0.9873 0.0157 -0.1580
vn -0.9873 0.0156 -0.1580
vn -0.9873 0.0156 0.1579
vn -0.8847 0.0157 0.4660
vn -0.6950 0.0077 0.7189
vn -0.4407 0.0077 0.8976
vn -0.1491 -0.0000 0.9888
vn 0.1493 -0.0001 0.9888
vn 0.4408 -0.0079 0.8975
vn 0.6951 -0.0080 0.7189
vn 0.8847 -0.0158 0.4660
vn 0.9873 -0.0158 0.1580
vn 0.9873 -0.0158 -0.1581
vn 0.8846 -0.0158 -0.4661
vn 0.6951 -0.0079 -0.7188
vn 0.4407 -0.0079 -0.8976
vn 0.1491 -0.0000 -0.9888
vn 0.0079 1.0000 -0.0000
vn 0.0078 1.0000 -0.0000
vn 0.0079 1.0000 0.0001
vn 0.0079 1.0000 -0.0001
vn 0.0080 1.0000 -0.0000
vn -0.9999 0.0158 -0.0003
vn -0.9999 0.0157 0.0001
vn -0.9999 0.0157 -0.0000
vn -0.9999 0.0158 0.0001
vn -0.9999 0.0158 -0.0001
vn -0.9999 0.0159 -0.0002
vn -0.9999 0.0158 -0.0000
vn -0.9999 0.0157 0.0002
vn -0.9999 0.0157 -0.0001
vn -0.9999 0.0156 -0.0001
vn -0.9999 0.0160 0.0003
vn -0.9999 0.0153 -0.0003
vn -0.9999 0.0158 0.0003
vn -0.9999 0.0157 -0.0003
vn -0.9999 0.0161 -0.0002
vn -0.9999 0.0156 -0.0000
vn -0.9999 0.0156 0.0001
vn -0.9999 0.0158 -0.0002
vn -0.9999 0.0159 -0.0000
vn -0.9999 0.0159 -0.0001
vn -0.9999 0.0158 0.0002
vn -0.9999 0.0154 -0.0000
vn 0.0078 0.9263 0.3768
vn 0.0077 0.9263 0.3768
vn 0.0078 0.7846 0.6199
vn 0.0078 0.5419 0.8404
vn -0.0000 0.1961 0.9806
vn -0.0001 -0.1961 0.9806
vn -0.0079 -0.5419 0.8404
vn -0.0079 -0.7846 0.6199
vn -0.0079 -0.9263 0.3768
vn -0.0079 -0.9920 0.1260
vn -0.0079 -0.9920 -0.1260
vn -0.0079 -0.9263 -0.3768
vn -0.0080 -0.7846 -0.6199
vn -0.0080 -0.5419 -0.8404
vn -0.0000 -0.1960 -0.9806
vn -0.0001 0.1962 -0.9806
vn 0.0078 0.5420 -0.8403
vn 0.0077 0.7847 -0.6199
vn 0.0077 0.9263 -0.3766
vn 0.0078 0.9920 -0.1260
vn 0.9999 -0.0157 -0.0000
vn 0.9999 -0.0155 -0.0000
vn 0.9999 -0.0158 -0.0000
vn 0.9999 -0.0158 0.0001
vn 0.9999 -0.0157 0.0002
vn 0.9999 -0.0159 -0.0000
vn 0.9999 -0.0158 -0.0001
vn 0.9999 -0.0157 -0.0001
vn 0.9999 -0.0157 0.0001
vn -0.8730 0.4878 -0.0000
vn -0.8730 0.4877 -0.0000
vn -0.8731 0.4876 -0.0000
vn -0.8864 -0.4629 -0.0000
vn -0.8864 -0.4628 -0.0000
vn -0.3138 -0.9495 -0.0000
vn 0.2925 -0.9563 -0.0000
vn 0.2924 -0.9563 -0.0000
vn 0.2923 -0.9563 -0.0000
vn 0.8730 -0.4877 0.0002
vn 0.8730 -0.4877 -0.0000
vn 0.8864 0.4628 -0.0000
vn 0.8864 0.4630 -0.0000
vn 0.3138 0.9495 -0.0000
vn 0.3137 0.9495 -0.0000
vn 0.9195 0.3931 -0.0000
vn 0.9196 0.3928 -0.0001
vn 0.9196 0.3930 -0.0000
vn 0.6370 0.7709 -0.0000
vn 0.6371 0.7708 0.0001
vn 0.2127 0.9771 -0.0000
vn 0.2128 0.9771 0.0001
vn -0.1105 0.9939 -0.0000
vn -0.1104 0.9939 0.0001
vn -0.3768 0.9263 -0.0000
vn -0.3768 0.9263 0.0001
vn -0.7032 0.7110 -0.0000
vn -0.7031 0.7111 0.0001
vn -0.9888 0.1491 -0.0000
vn -0.9888 0.1491 0.0001
vn -0.9195 -0.3930 -0.0000
vn -0.9196 -0.3929 -0.0000
vn -0.6370 -0.7709 -0.0000
vn -0.6371 -0.7708 -0.0000
vn -0.2127 -0.9771 -0.0000
vn -0.2127 -0.9771 0.0001
vn 0.1104 -0.9939 -0.0000
vn 0.3768 -0.9263 -0.0000
vn 0.1105 -0.9939 -0.0000
vn 0.7032 -0.7110 -0.0000
vn 0.7031 -0.7111 0.0001
vn -0.9196 -0.3930 -0.0000
vn -0.2128 -0.9771 -0.0000
vn -0.3767 0.9263 -0.0000
vn 0.1103 -0.9939 0.0001
vn -0.1103 0.9939 0.0001
vn 0.3767 -0.9263 -0.0000
vn 0.2128 0.9771 -0.0000
vn 0.6371 0.7708 -0.0000
vn 0.9196 0.3929 -0.0000
vn 0.9195 0.3930 -0.0001
vn 0.9195 0.3930 -0.0000
vn 0.6371 0.7708 -0.0002
vn 0.2128 0.9771 -0.0001
vn -0.1106 0.9939 -0.0000
vn -0.3769 0.9263 -0.0000
vn -0.3768 0.9263 -0.0001
vn -0.7031 0.7111 -0.0000
vn -0.9888 0.1491 -0.0001
vn -0.9195 -0.3930 0.0001
vn -0.9195 -0.3930 -0.0001
vn -0.2127 -0.9771 -0.0001
vn 0.1105 -0.9939 -0.0001
vn 0.1106 -0.9939 -0.0000
vn 0.3768 -0.9263 0.0001
vn 0.3769 -0.9263 -0.0000
vn 0.7032 -0.7110 0.0002
vn 0.7031 -0.7111 -0.0002
vn -0.1104 0.9939 -0.0000
vn 0.6370 0.7708 -0.0000
vn -0.9955 0.0948 -0.0000
vn -0.9955 0.0949 -0.0000
vn -0.6667 -0.7453 0.0001
vn -0.6667 -0.7453 -0.0000
vn -0.0550 -0.9985 -0.0000
vn -0.0551 -0.9985 -0.0000
vn 0.5511 -0.8345 -0.0000
vn 0.5511 -0.8344 -0.0000
vn 0.9955 -0.0948 -0.0000
vn 0.6668 0.7453 -0.0000
vn 0.6667 0.7453 -0.0000
vn 0.0549 0.9985 -0.0000
vn 0.0550 0.9985 -0.0000
vn 0.9873 -0.0158 0.1579
vn -0.9873 0.0158 -0.1579
vn -0.9873 0.0158 -0.1580
vn -0.0079 -1.0000 0.0001
vn 0.0081 1.0000 -0.0000
vn 0.0080 1.0000 -0.0012
vn 0.9873 -0.0162 0.1579
vn -0.9874 0.0103 -0.1581
vn 0.0152 0.9999 0.0007
vt 0.145252 0.115366
vt 0.148052 0.119078
vt 0.106017 0.154147
vt 0.102894 0.150677
vt 0.067488 0.193105
vt 0.064028 0.189949
vt 0.032986 0.235961
vt 0.029156 0.233155
vt 0.004314 0.280833
vt 0.000000 0.278959
vt 1.000000 0.267215
vt 0.995200 0.269831
vt 0.955544 0.218541
vt 0.959867 0.214851
vt 0.908065 0.170150
vt 0.912094 0.165821
vt 0.856480 0.127209
vt 0.859895 0.122635
vt 0.802208 0.090878
vt 0.805059 0.086110
vt 0.746046 0.061024
vt 0.748339 0.056125
vt 0.688710 0.037616
vt 0.690450 0.032645
vt 0.630870 0.020567
vt 0.632068 0.015581
vt 0.573162 0.009728
vt 0.573835 0.004779
vt 0.516169 0.004860
vt 0.516349 0.000000
vt 0.460422 0.005410
vt 0.460210 0.000723
vt 0.404415 0.010420
vt 0.403765 0.005631
vt 0.348429 0.021816
vt 0.347255 0.017058
vt 0.293370 0.039143
vt 0.291644 0.034430
vt 0.241181 0.061625
vt 0.239050 0.057298
vt 0.192935 0.088336
vt 0.190525 0.084394
vt 0.747795 0.461531
vt 0.781302 0.415883
vt 0.833054 0.458980
vt 0.792632 0.501230
vt 0.880221 0.509377
vt 0.833861 0.547415
vt 0.921979 0.566409
vt 0.870446 0.599816
vt 0.957755 0.628555
vt 0.900767 0.659770
vt 0.044689 0.660651
vt 0.000000 0.642016
vt 0.020582 0.592659
vt 0.063094 0.612753
vt 0.046633 0.543555
vt 0.087546 0.568583
vt 0.078833 0.497229
vt 0.117058 0.527184
vt 0.116564 0.454797
vt 0.151259 0.489314
vt 0.159320 0.416874
vt 0.189911 0.455499
vt 0.206555 0.384038
vt 0.232555 0.426275
vt 0.257665 0.356815
vt 0.278649 0.402117
vt 0.311980 0.335660
vt 0.327594 0.383437
vt 0.368780 0.320933
vt 0.378745 0.370611
vt 0.427379 0.312857
vt 0.431302 0.364099
vt 0.487674 0.311676
vt 0.485301 0.364073
vt 0.549203 0.317896
vt 0.540603 0.370599
vt 0.610366 0.331661
vt 0.595542 0.383581
vt 0.669847 0.352713
vt 0.648839 0.402963
vt 0.726903 0.380776
vt 0.699617 0.428810
vt 0.744617 0.465582
vt 0.788884 0.505007
vt 0.829567 0.550822
vt 0.865564 0.602740
vt 0.895101 0.661580
vt 0.049071 0.661580
vt 0.067080 0.614594
vt 0.091348 0.570970
vt 0.120538 0.529979
vt 0.154404 0.492513
vt 0.192676 0.459068
vt 0.234897 0.430171
vt 0.280527 0.406289
vt 0.328975 0.387831
vt 0.379595 0.375163
vt 0.431589 0.368701
vt 0.485027 0.368846
vt 0.539745 0.375494
vt 0.594122 0.388332
vt 0.646854 0.407531
vt 0.697092 0.433085
vt 0.177138 0.158226
vt 0.138883 0.190093
vt 0.103795 0.225769
vt 0.072184 0.264764
vt 0.043827 0.307223
vt 0.950111 0.307223
vt 0.909933 0.258772
vt 0.866911 0.213880
vt 0.820670 0.173900
vt 0.772054 0.139647
vt 0.721616 0.111226
vt 0.669969 0.088642
vt 0.617725 0.071834
vt 0.565469 0.060679
vt 0.513767 0.055014
vt 0.463147 0.054707
vt 0.412346 0.060919
vt 0.360920 0.071467
vt 0.310655 0.086815
vt 0.262845 0.106525
vt 0.218439 0.130302
vt 0.925256 0.982467
vt 0.873434 0.880761
vt 0.877694 0.877667
vt 0.958406 0.958381
vt 0.880787 0.873408
vt 0.982492 0.925229
vt 0.882416 0.868402
vt 0.995155 0.886257
vt 0.882416 0.863137
vt 0.995155 0.845280
vt 0.880787 0.858130
vt 0.982492 0.806308
vt 0.877694 0.853870
vt 0.958407 0.773158
vt 0.873434 0.850777
vt 0.925256 0.749072
vt 0.868427 0.849149
vt 0.886284 0.736409
vt 0.863162 0.849149
vt 0.845307 0.736409
vt 0.858156 0.850777
vt 0.806335 0.749070
vt 0.853896 0.853870
vt 0.773183 0.773157
vt 0.850802 0.858130
vt 0.749098 0.806308
vt 0.849175 0.863136
vt 0.736435 0.845280
vt 0.849175 0.868402
vt 0.736435 0.886257
vt 0.850802 0.873408
vt 0.749097 0.925229
vt 0.853896 0.877667
vt 0.773183 0.958379
vt 0.858156 0.880761
vt 0.806335 0.982466
vt 0.863162 0.882389
vt 0.845307 0.995129
vt 0.868427 0.882389
vt 0.886284 0.995129
vt 0.741093 0.744505
vt 0.755411 0.746223
vt 0.731668 0.827348
vt 0.718226 0.820990
vt 0.683726 0.897625
vt 0.672906 0.887444
vt 0.616526 0.949637
vt 0.609349 0.936664
vt 0.536955 0.978726
vt 0.534092 0.964186
vt 0.452143 0.981967
vt 0.453879 0.967208
vt 0.370108 0.959070
vt 0.376294 0.945488
vt 0.298591 0.912020
vt 0.308645 0.900840
vt 0.243566 0.845362
vt 0.256471 0.837206
vt 0.205825 0.765790
vt 0.220117 0.759102
vt 0.205042 0.757833
vt 0.212275 0.671886
vt 0.226838 0.674899
vt 0.239556 0.590830
vt 0.252881 0.597657
vt 0.289581 0.521146
vt 0.300262 0.531682
vt 0.358720 0.470137
vt 0.365622 0.483479
vt 0.440409 0.443168
vt 0.442802 0.458010
vt 0.526430 0.443168
vt 0.524050 0.458013
vt 0.608158 0.470113
vt 0.601265 0.483450
vt 0.677108 0.521155
vt 0.666515 0.531623
vt 0.726440 0.590014
vt 0.713731 0.596699
vt 0.752501 0.665697
vt 0.738694 0.668260
vt 0.518748 0.718199
vt 0.515424 0.727070
vt 0.509253 0.735350
vt 0.500997 0.741513
vt 0.491265 0.744928
vt 0.480948 0.745239
vt 0.470882 0.742270
vt 0.462153 0.736276
vt 0.455668 0.727783
vt 0.452178 0.717632
vt 0.452028 0.706903
vt 0.455257 0.696675
vt 0.461449 0.688011
vt 0.469950 0.681706
vt 0.479928 0.678350
vt 0.490393 0.678232
vt 0.500299 0.681413
vt 0.508605 0.687499
vt 0.514422 0.695838
vt 0.516926 0.705407
vt 0.507478 0.713486
vt 0.504983 0.721183
vt 0.500819 0.727059
vt 0.495358 0.731225
vt 0.489053 0.733496
vt 0.482527 0.733706
vt 0.475983 0.731645
vt 0.470352 0.727653
vt 0.466207 0.722103
vt 0.463974 0.715508
vt 0.463939 0.708565
vt 0.466006 0.701906
vt 0.470042 0.696275
vt 0.475545 0.692130
vt 0.482009 0.689900
vt 0.488793 0.689779
vt 0.495248 0.691748
vt 0.500680 0.695590
vt 0.504622 0.700894
vt 0.506742 0.707166
vt 0.512990 0.712117
vt 0.177775 0.775724
vt 0.149842 0.775724
vt 0.149842 0.786414
vt 0.177775 0.786414
vt 0.149842 0.797103
vt 0.177775 0.797103
vt 0.149842 0.807794
vt 0.177775 0.807794
vt 0.149842 0.818483
vt 0.177775 0.818483
vt 0.177775 0.732968
vt 0.149842 0.732968
vt 0.149842 0.743657
vt 0.177775 0.743657
vt 0.149842 0.754346
vt 0.177775 0.754346
vt 0.149842 0.765035
vt 0.177775 0.765035
vt 0.071270 0.732952
vt 0.071270 0.819248
vt 0.083205 0.814876
vt 0.083399 0.737409
vt 0.079824 0.717981
vt 0.088474 0.727525
vt 0.089926 0.711616
vt 0.094451 0.724058
vt 0.099807 0.709699
vt 0.100278 0.723087
vt 0.109735 0.710998
vt 0.106144 0.723906
vt 0.120268 0.716616
vt 0.112163 0.727298
vt 0.130070 0.731973
vt 0.117486 0.737191
vt 0.130486 0.817839
vt 0.118603 0.814396
vt 0.123833 0.832386
vt 0.113753 0.824841
vt 0.116461 0.840130
vt 0.107638 0.829811
vt 0.109267 0.845416
vt 0.100912 0.832960
vt 0.086845 0.839664
vt 0.093318 0.844084
vt 0.094254 0.829874
vt 0.079382 0.833180
vt 0.088226 0.825169
vt 0.128838 0.963724
vt 0.128838 0.881903
vt 0.123522 0.870357
vt 0.123522 0.975270
vt 0.116964 0.865949
vt 0.116964 0.979680
vt 0.110407 0.864823
vt 0.110410 0.980806
vt 0.103853 0.865949
vt 0.103853 0.979680
vt 0.097298 0.870357
vt 0.097298 0.975270
vt 0.091979 0.881903
vt 0.091979 0.963724
vt 0.025267 0.864498
vt 0.013183 0.860038
vt 0.013183 0.946485
vt 0.025419 0.941985
vt 0.021718 0.961385
vt 0.030422 0.951787
vt 0.031754 0.967741
vt 0.036317 0.955224
vt 0.041605 0.969689
vt 0.042120 0.956198
vt 0.051524 0.968444
vt 0.047970 0.955404
vt 0.062089 0.962898
vt 0.053984 0.952052
vt 0.072022 0.947592
vt 0.059324 0.942222
vt 0.072841 0.861677
vt 0.060762 0.865158
vt 0.066183 0.846994
vt 0.055899 0.854617
vt 0.058821 0.839168
vt 0.049791 0.849609
vt 0.051620 0.833798
vt 0.043028 0.846409
vt 0.035319 0.835144
vt 0.028837 0.839578
vt 0.036359 0.849494
vt 0.021355 0.846077
vt 0.030307 0.854205
vt 0.150462 0.622161
vt 0.145143 0.633707
vt 0.145143 0.715525
vt 0.150460 0.727074
vt 0.157017 0.617751
vt 0.157017 0.731482
vt 0.163572 0.616625
vt 0.163572 0.732608
vt 0.170129 0.617751
vt 0.170129 0.731482
vt 0.176684 0.622161
vt 0.176684 0.727073
vt 0.182002 0.633707
vt 0.182002 0.715528
vt 0.176162 0.941538
vt 0.148229 0.941538
vt 0.148229 0.952227
vt 0.176162 0.952227
vt 0.148229 0.962916
vt 0.176162 0.962916
vt 0.148229 0.973606
vt 0.176162 0.973606
vt 0.176162 0.888091
vt 0.148229 0.888091
vt 0.148229 0.898780
vt 0.176162 0.898780
vt 0.148229 0.909469
vt 0.176162 0.909469
vt 0.148229 0.920158
vt 0.176162 0.920158
vt 0.148229 0.930849
vt 0.176162 0.930849
vt 0.488569 0.082920
vt 0.488569 0.194252
vt 0.449366 0.194252
vt 0.449366 0.082920
vt 0.523529 0.232493
vt 0.509892 0.231969
vt 0.516273 0.191674
vt 0.529739 0.193290
vt 0.407602 0.082920
vt 0.447897 0.082920
vt 0.447897 0.194252
vt 0.407602 0.194252
vt 0.495071 0.235841
vt 0.488860 0.196638
vt 0.502326 0.195022
vt 0.508707 0.235317
vt 0.530924 0.191674
vt 0.570127 0.191674
vt 0.570127 0.299658
vt 0.530924 0.299658
vt 0.459625 0.235317
vt 0.453414 0.196114
vt 0.463571 0.195022
vt 0.469953 0.235317
vt 0.530297 0.082920
vt 0.530297 0.190904
vt 0.490002 0.190904
vt 0.490002 0.082920
vt 0.477518 0.195022
vt 0.487675 0.196114
vt 0.481465 0.235317
vt 0.471137 0.235317
vt 0.391477 0.194252
vt 0.389822 0.192578
vt 0.389822 0.084594
vt 0.391477 0.082920
vt 0.392928 0.082920
vt 0.394582 0.084594
vt 0.394582 0.192578
vt 0.392928 0.194252
vt 0.406394 0.082920
vt 0.404740 0.084594
vt 0.379494 0.084594
vt 0.377840 0.082920
vt 0.406394 0.194252
vt 0.404740 0.192578
vt 0.379494 0.192578
vt 0.377840 0.194252
s 1
usemtl Hat1Mtl
f 2871/1800/1596 2872/1801/1597 2873/1802/1597
f 2873/1802/1597 2874/1803/1597 2871/1800/1596
f 2874/1803/1597 2873/1802/1597 2875/1804/1598
f 2875/1804/1598 2876/1805/1597 2874/1803/1597
f 2876/1805/1597 2875/1804/1598 2877/1806/1599
f 2877/1806/1599 2878/1807/1597 2876/1805/1597
f 2878/1807/1597 2877/1806/1599 2879/1808/1597
f 2879/1808/1597 2880/1809/1597 2878/1807/1597
f 2881/1810/1596 2882/1811/1600 2883/1812/1597
f 2883/1812/1597 2884/1813/1597 2881/1810/1596
f 2884/1813/1597 2883/1812/1597 2885/1814/1597
f 2885/1814/1597 2886/1815/1597 2884/1813/1597
f 2886/1815/1597 2885/1814/1597 2887/1816/1601
f 2887/1816/1601 2888/1817/1597 2886/1815/1597
f 2888/1817/1597 2887/1816/1601 2889/1818/1597
f 2889/1818/1597 2890/1819/1597 2888/1817/1597
f 2890/1819/1597 2889/1818/1597 2891/1820/1597
f 2891/1820/1597 2892/1821/1597 2890/1819/1597
f 2892/1821/1597 2891/1820/1597 2893/1822/1597
f 2893/1822/1597 2894/1823/1597 2892/1821/1597
f 2894/1823/1597 2893/1822/1597 2895/1824/1602
f 2895/1824/1602 2896/1825/1597 2894/1823/1597
f 2896/1825/1597 2895/1824/1602 2897/1826/1603
f 2897/1826/1603 2898/1827/1596 2896/1825/1597
f 2898/1827/1596 2897/1826/1603 2899/1828/1603
f 2899/1828/1603 2900/1829/1597 2898/1827/1596
f 2900/1829/1597 2899/1828/1603 2901/1830/1596
f 2901/1830/1596 2902/1831/1596 2900/1829/1597
f 2902/1831/1596 2901/1830/1596 2903/1832/1604
f 2903/1832/1604 2904/1833/1597 2902/1831/1596
f 2904/1833/1597 2903/1832/1604 2905/1834/1605
f 2905/1834/1605 2906/1835/1597 2904/1833/1597
f 2906/1835/1597 2905/1834/1605 2907/1836/1596
f 2907/1836/1596 2908/1837/1597 2906/1835/1597
f 2908/1837/1597 2907/1836/1596 2909/1838/1597
f 2909/1838/1597 2910/1839/1597 2908/1837/1597
f 2910/1839/1597 2909/1838/1597 2911/1840/1597
f 2911/1840/1597 2912/1841/1597 2910/1839/1597
f 2912/1841/1597 2911/1840/1597 2872/1801/1597
f 2872/1801/1597 2871/1800/1596 2912/1841/1597
f 2913/1842/1606 2914/1843/1597 2915/1844/1597
f 2915/1844/1597 2916/1845/1606 2913/1842/1606
f 2916/1845/1606 2915/1844/1597 2917/1846/1596
f 2917/1846/1596 2918/1847/1607 2916/1845/1606
f 2918/1847/1607 2917/1846/1596 2919/1848/1597
f 2919/1848/1597 2920/1849/1608 2918/1847/1607
f 2920/1849/1608 2919/1848/1597 2921/1850/1602
f 2921/1850/1602 2922/1851/1609 2920/1849/1608
f 2923/1852/1610 2924/1853/1598 2925/1854/1597
f 2925/1854/1597 2926/1855/1611 2923/1852/1610
f 2926/1855/1611 2925/1854/1597 2927/1856/1601
f 2927/1856/1601 2928/1857/1612 2926/1855/1611
f 2928/1857/1612 2927/1856/1601 2929/1858/1597
f 2929/1858/1597 2930/1859/1613 2928/1857/1612
f 2930/1859/1613 2929/1858/1597 2931/1860/1597
f 2931/1860/1597 2932/1861/1614 2930/1859/1613
f 2932/1861/1614 2931/1860/1597 2933/1862/1597
f 2933/1862/1597 2934/1863/1615 2932/1861/1614
f 2934/1863/1615 2933/1862/1597 2935/1864/1597
f 2935/1864/1597 2936/1865/1616 2934/1863/1615
f 2936/1865/1616 2935/1864/1597 2937/1866/1597
f 2937/1866/1597 2938/1867/1617 2936/1865/1616
f 2938/1867/1617 2937/1866/1597 2939/1868/1597
f 2939/1868/1597 2940/1869/1618 2938/1867/1617
f 2940/1869/1618 2939/1868/1597 2941/1870/1597
f 2941/1870/1597 2942/1871/1619 2940/1869/1618
f 2942/1871/1619 2941/1870/1597 2943/1872/1597
f 2943/1872/1597 2944/1873/1620 2942/1871/1619
f 2944/1873/1620 2943/1872/1597 2945/1874/1597
f 2945/1874/1597 2946/1875/1621 2944/1873/1620
f 2946/1875/1621 2945/1874/1597 2947/1876/1597
f 2947/1876/1597 2948/1877/1622 2946/1875/1621
f 2948/1877/1622 2947/1876/1597 2949/1878/1597
f 2949/1878/1597 2950/1879/1623 2948/1877/1622
f 2950/1879/1623 2949/1878/1597 2951/1880/1597
f 2951/1880/1597 2952/1881/1624 2950/1879/1623
f 2952/1881/1624 2951/1880/1597 2953/1882/1597
f 2953/1882/1597 2954/1883/1625 2952/1881/1624
f 2954/1883/1625 2953/1882/1597 2914/1843/1597
f 2914/1843/1597 2913/1842/1606 2954/1883/1625
f 2955/1884/1626 2913/1842/1606 2916/1845/1606
f 2916/1845/1606 2956/1885/1626 2955/1884/1626
f 2956/1885/1626 2916/1845/1606 2918/1847/1607
f 2918/1847/1607 2957/1886/1627 2956/1885/1626
f 2957/1886/1627 2918/1847/1607 2920/1849/1608
f 2920/1849/1608 2958/1887/1626 2957/1886/1627
f 2958/1887/1626 2920/1849/1608 2922/1851/1609
f 2922/1851/1609 2959/1888/1627 2958/1887/1626
f 2960/1889/1626 2923/1852/1610 2926/1855/1611
f 2926/1855/1611 2961/1890/1626 2960/1889/1626
f 2961/1890/1626 2926/1855/1611 2928/1857/1612
f 2928/1857/1612 2962/1891/1626 2961/1890/1626
f 2962/1891/1626 2928/1857/1612 2930/1859/1613
f 2930/1859/1613 2963/1892/1627 2962/1891/1626
f 2963/1892/1627 2930/1859/1613 2932/1861/1614
f 2932/1861/1614 2964/1893/1626 2963/1892/1627
f 2964/1893/1626 2932/1861/1614 2934/1863/1615
f 2934/1863/1615 2965/1894/1626 2964/1893/1626
f 2965/1894/1626 2934/1863/1615 2936/1865/1616
f 2936/1865/1616 2966/1895/1626 2965/1894/1626
f 2966/1895/1626 2936/1865/1616 2938/1867/1617
f 2938/1867/1617 2967/1896/1626 2966/1895/1626
f 2967/1896/1626 2938/1867/1617 2940/1869/1618
f 2940/1869/1618 2968/1897/1626 2967/1896/1626
f 2968/1897/1626 2940/1869/1618 2942/1871/1619
f 2942/1871/1619 2969/1898/1627 2968/1897/1626
f 2969/1898/1627 2942/1871/1619 2944/1873/1620
f 2944/1873/1620 2970/1899/1627 2969/1898/1627
f 2970/1899/1627 2944/1873/1620 2946/1875/1621
f 2946/1875/1621 2971/1900/1626 2970/1899/1627
f 2971/1900/1626 2946/1875/1621 2948/1877/1622
f 2948/1877/1622 2972/1901/1626 2971/1900/1626
f 2972/1901/1626 2948/1877/1622 2950/1879/1623
f 2950/1879/1623 2973/1902/1626 2972/1901/1626
f 2973/1902/1626 2950/1879/1623 2952/1881/1624
f 2952/1881/1624 2974/1903/1626 2973/1902/1626
f 2974/1903/1626 2952/1881/1624 2954/1883/1625
f 2954/1883/1625 2975/1904/1626 2974/1903/1626
f 2975/1904/1626 2954/1883/1625 2913/1842/1606
f 2913/1842/1606 2955/1884/1626 2975/1904/1626
f 2872/1801/1597 2976/1905/1626 2977/1906/1626
f 2977/1906/1626 2873/1802/1597 2872/1801/1597
f 2873/1802/1597 2977/1906/1626 2978/1907/1628
f 2978/1907/1628 2875/1804/1598 2873/1802/1597
f 2875/1804/1598 2978/1907/1628 2979/1908/1626
f 2979/1908/1626 2877/1806/1599 2875/1804/1598
f 2877/1806/1599 2979/1908/1626 2980/1909/1627
f 2980/1909/1627 2879/1808/1597 2877/1806/1599
f 2882/1811/1600 2981/1910/1627 2982/1911/1629
f 2982/1911/1629 2883/1812/1597 2882/1811/1600
f 2883/1812/1597 2982/1911/1629 2983/1912/1626
f 2983/1912/1626 2885/1814/1597 2883/1812/1597
f 2885/1814/1597 2983/1912/1626 2984/1913/1628
f 2984/1913/1628 2887/1816/1601 2885/1814/1597
f 2887/1816/1601 2984/1913/1628 2985/1914/1628
f 2985/1914/1628 2889/1818/1597 2887/1816/1601
f 2889/1818/1597 2985/1914/1628 2986/1915/1626
f 2986/1915/1626 2891/1820/1597 2889/1818/1597
f 2891/1820/1597 2986/1915/1626 2987/1916/1626
f 2987/1916/1626 2893/1822/1597 2891/1820/1597
f 2893/1822/1597 2987/1916/1626 2988/1917/1627
f 2988/1917/1627 2895/1824/1602 2893/1822/1597
f 2895/1824/1602 2988/1917/1627 2989/1918/1630
f 2989/1918/1630 2897/1826/1603 2895/1824/1602
f 2897/1826/1603 2989/1918/1630 2990/1919/1626
f 2990/1919/1626 2899/1828/1603 2897/1826/1603
f 2899/1828/1603 2990/1919/1626 2991/1920/1627
f 2991/1920/1627 2901/1830/1596 2899/1828/1603
f 2901/1830/1596 2991/1920/1627 2992/1921/1626
f 2992/1921/1626 2903/1832/1604 2901/1830/1596
f 2903/1832/1604 2992/1921/1626 2993/1922/1626
f 2993/1922/1626 2905/1834/1605 2903/1832/1604
f 2905/1834/1605 2993/1922/1626 2994/1923/1627
f 2994/1923/1627 2907/1836/1596 2905/1834/1605
f 2907/1836/1596 2994/1923/1627 2995/1924/1628
f 2995/1924/1628 2909/1838/1597 2907/1836/1596
f 2909/1838/1597 2995/1924/1628 2996/1925/1629
f 2996/1925/1629 2911/1840/1597 2909/1838/1597
f 2911/1840/1597 2996/1925/1629 2976/1905/1626
f 2976/1905/1626 2872/1801/1597 2911/1840/1597
s 0
f 2997/1926/1631 2998/1927/1631 2999/1928/1632
s 1
f 2999/1928/1633 3000/1929/1633 2997/1926/1634
f 3000/1929/1633 2999/1928/1633 3001/1930/1635
f 3001/1930/1635 3002/1931/1633 3000/1929/1633
f 3002/1931/1633 3001/1930/1635 3003/1932/1636
s 0
f 3003/1932/1637 3004/1933/1638 3002/1931/1638
s 1
f 3004/1933/1634 3003/1932/1635 3005/1934/1633
f 3005/1934/1633 3006/1935/1639 3004/1933/1634
f 3006/1935/1639 3005/1934/1633 3007/1936/1638
f 3007/1936/1638 3008/1937/1633 3006/1935/1639
f 3008/1937/1633 3007/1936/1638 3009/1938/1637
f 3009/1938/1637 3010/1939/1633 3008/1937/1633
f 3010/1939/1633 3009/1938/1637 3011/1940/1633
s 0
f 3011/1940/1640 3012/1941/1640 3010/1939/1641
f 3012/1941/1633 3011/1940/1633 3013/1942/1634
s 1
f 3013/1942/1634 3014/1943/1642 3012/1941/1634
f 3014/1943/1642 3013/1942/1634 3015/1944/1637
s 0
f 3015/1944/1637 3016/1945/1633 3014/1943/1643
s 1
f 3016/1945/1633 3015/1944/1637 3017/1946/1633
s 0
f 3017/1946/1633 3018/1947/1644 3016/1945/1633
f 3018/1947/1635 3017/1946/1633 3019/1948/1633
s 1
f 3019/1948/1633 3020/1949/1637 3018/1947/1637
f 3020/1949/1637 3019/1948/1633 3021/1950/1633
s 0
f 3021/1950/1633 3022/1951/1645 3020/1949/1645
s 1
f 3022/1951/1637 3021/1950/1646 3023/1952/1632
f 3023/1952/1632 3024/1953/1647 3022/1951/1637
f 3024/1953/1647 3023/1952/1632 3025/1954/1637
s 0
f 3025/1954/1632 3026/1955/1633 3024/1953/1633
f 3026/1955/1633 3025/1954/1632 3027/1956/1646
f 3027/1956/1648 3028/1957/1635 3026/1955/1635
s 1
f 3028/1957/1633 3027/1956/1639 3029/1958/1637
s 0
f 3029/1958/1637 3030/1959/1649 3028/1957/1633
s 1
f 3030/1959/1650 3029/1958/1637 3031/1960/1633
f 3031/1960/1633 3032/1961/1633 3030/1959/1650
f 3032/1961/1633 3031/1960/1633 3033/1962/1637
s 0
f 3033/1962/1634 3034/1963/1651 3032/1961/1634
s 1
f 3034/1963/1649 3033/1962/1637 3035/1964/1633
f 3035/1964/1633 3036/1965/1652 3034/1963/1649
f 3036/1965/1652 3035/1964/1633 2998/1927/1637
f 2998/1927/1637 2997/1926/1637 3036/1965/1652
f 3037/1966/1653 3038/1967/1633 3039/1968/1637
f 3039/1968/1637 3040/1969/1654 3037/1966/1653
f 3040/1969/1654 3039/1968/1637 3041/1970/1633
f 3041/1970/1633 3042/1971/1655 3040/1969/1654
f 3042/1971/1655 3041/1970/1633 3043/1972/1633
f 3043/1972/1633 3044/1973/1656 3042/1971/1655
f 3044/1973/1656 3043/1972/1633 3045/1974/1637
f 3045/1974/1637 3046/1975/1657 3044/1973/1656
f 3046/1975/1657 3045/1974/1637 3047/1976/1633
f 3047/1976/1633 3048/1977/1658 3046/1975/1657
f 3048/1977/1658 3047/1976/1633 3049/1978/1637
f 3049/1978/1637 3050/1979/1659 3048/1977/1658
f 3050/1979/1659 3049/1978/1637 3051/1980/1637
f 3051/1980/1637 3052/1981/1660 3050/1979/1659
f 3052/1981/1660 3051/1980/1637 3053/1982/1633
f 3053/1982/1633 3054/1983/1661 3052/1981/1660
f 3054/1983/1661 3053/1982/1633 3055/1984/1639
f 3055/1984/1639 3056/1985/1662 3054/1983/1661
f 3056/1985/1662 3057/1986/1637 3058/1987/1633
f 3058/1987/1633 3059/1988/1663 3056/1985/1662
f 3059/1988/1663 3058/1987/1633 3060/1989/1633
f 3060/1989/1633 3061/1990/1664 3059/1988/1663
f 3061/1990/1664 3060/1989/1633 3062/1991/1633
f 3062/1991/1633 3063/1992/1665 3061/1990/1664
f 3063/1992/1665 3062/1991/1633 3064/1993/1637
f 3064/1993/1637 3065/1994/1666 3063/1992/1665
f 3065/1994/1666 3064/1993/1637 3066/1995/1637
f 3066/1995/1637 3067/1996/1667 3065/1994/1666
f 3067/1996/1667 3066/1995/1637 3068/1997/1633
f 3068/1997/1633 3069/1998/1668 3067/1996/1667
f 3069/1998/1668 3068/1997/1633 3070/1999/1637
f 3070/1999/1637 3071/2000/1669 3069/1998/1668
f 3071/2000/1669 3070/1999/1637 3072/2001/1633
f 3072/2001/1633 3073/2002/1670 3071/2000/1669
f 3073/2002/1670 3072/2001/1633 3074/2003/1633
f 3074/2003/1633 3075/2004/1671 3073/2002/1670
f 3075/2004/1671 3074/2003/1633 3076/2005/1633
f 3076/2005/1633 3077/2006/1672 3075/2004/1671
f 3077/2006/1672 3076/2005/1633 3038/1967/1633
f 3038/1967/1633 3037/1966/1653 3077/2006/1672
f 3078/2007/1673 3037/1966/1653 3040/1969/1654
f 3040/1969/1654 3079/2008/1674 3078/2007/1673
f 3079/2008/1674 3040/1969/1654 3042/1971/1655
f 3042/1971/1655 3080/2009/1673 3079/2008/1674
f 3080/2009/1673 3042/1971/1655 3044/1973/1656
f 3044/1973/1656 3081/2010/1673 3080/2009/1673
f 3081/2010/1673 3044/1973/1656 3046/1975/1657
f 3046/1975/1657 3082/2011/1675 3081/2010/1673
f 3082/2011/1675 3046/1975/1657 3048/1977/1658
f 3048/1977/1658 3083/2012/1675 3082/2011/1675
f 3083/2012/1675 3048/1977/1658 3050/1979/1659
f 3050/1979/1659 3084/2013/1676 3083/2012/1675
f 3084/2013/1676 3050/1979/1659 3052/1981/1660
f 3052/1981/1660 3085/2014/1677 3084/2013/1676
f 3085/2014/1677 3052/1981/1660 3054/1983/1661
f 3054/1983/1661 3086/2015/1678 3085/2014/1677
f 3086/2015/1678 3054/1983/1661 3056/1985/1662
f 3056/1985/1662 3087/2016/1678 3086/2015/1678
f 3087/2016/1678 3056/1985/1662 3059/1988/1663
f 3059/1988/1663 3088/2017/1678 3087/2016/1678
f 3088/2017/1678 3059/1988/1663 3061/1990/1664
f 3061/1990/1664 3089/2018/1675 3088/2017/1678
f 3089/2018/1675 3061/1990/1664 3063/1992/1665
f 3063/1992/1665 3090/2019/1679 3089/2018/1675
f 3090/2019/1679 3063/1992/1665 3065/1994/1666
f 3065/1994/1666 3091/2020/1679 3090/2019/1679
f 3091/2020/1679 3065/1994/1666 3067/1996/1667
f 3067/1996/1667 3092/2021/1673 3091/2020/1679
f 3092/2021/1673 3067/1996/1667 3069/1998/1668
f 3069/1998/1668 3093/2022/1673 3092/2021/1673
f 3093/2022/1673 3069/1998/1668 3071/2000/1669
f 3071/2000/1669 3094/2023/1680 3093/2022/1673
f 3094/2023/1680 3071/2000/1669 3073/2002/1670
f 3073/2002/1670 3095/2024/1673 3094/2023/1680
f 3095/2024/1673 3073/2002/1670 3075/2004/1671
f 3075/2004/1671 3096/2025/1673 3095/2024/1673
f 3096/2025/1673 3075/2004/1671 3077/2006/1672
f 3077/2006/1672 3097/2026/1681 3096/2025/1673
f 3097/2026/1681 3077/2006/1672 3037/1966/1653
f 3037/1966/1653 3078/2007/1673 3097/2026/1681
f 3098/2027/1637 3078/2007/1673 3079/2008/1674
f 3079/2008/1674 3099/2028/1633 3098/2027/1637
f 3099/2028/1633 3079/2008/1674 3080/2009/1673
f 3080/2009/1673 3100/2029/1637 3099/2028/1633
f 3100/2029/1637 3080/2009/1673 3081/2010/1673
f 3081/2010/1673 3101/2030/1634 3100/2029/1637
f 3101/2030/1634 3081/2010/1673 3082/2011/1675
f 3082/2011/1675 3102/2031/1635 3101/2030/1634
f 3102/2031/1635 3082/2011/1675 3083/2012/1675
f 3083/2012/1675 3103/2032/1633 3102/2031/1635
f 3103/2032/1633 3083/2012/1675 3084/2013/1676
f 3084/2013/1676 3104/2033/1637 3103/2032/1633
f 3104/2033/1637 3084/2013/1676 3085/2014/1677
f 3085/2014/1677 3105/2034/1637 3104/2033/1637
f 3105/2034/1637 3085/2014/1677 3086/2015/1678
f 3086/2015/1678 3106/2035/1633 3105/2034/1637
f 3106/2035/1633 3086/2015/1678 3087/2016/1678
f 3087/2016/1678 3107/2036/1637 3106/2035/1633
f 3107/2036/1637 3087/2016/1678 3088/2017/1678
f 3088/2017/1678 3108/2037/1633 3107/2036/1637
f 3108/2037/1633 3088/2017/1678 3089/2018/1675
f 3089/2018/1675 3109/2038/1639 3108/2037/1633
f 3109/2038/1639 3089/2018/1675 3090/2019/1679
f 3090/2019/1679 3110/2039/1637 3109/2038/1639
f 3110/2039/1637 3090/2019/1679 3091/2020/1679
f 3091/2020/1679 3111/2040/1649 3110/2039/1637
f 3111/2040/1649 3091/2020/1679 3092/2021/1673
f 3092/2021/1673 3112/2041/1637 3111/2040/1649
f 3112/2041/1637 3092/2021/1673 3093/2022/1673
f 3093/2022/1673 3113/2042/1633 3112/2041/1637
f 3113/2042/1633 3093/2022/1673 3094/2023/1680
f 3094/2023/1680 3114/2043/1635 3113/2042/1633
f 3114/2043/1635 3094/2023/1680 3095/2024/1673
f 3095/2024/1673 3115/2044/1633 3114/2043/1635
f 3115/2044/1633 3095/2024/1673 3096/2025/1673
f 3096/2025/1673 3116/2045/1633 3115/2044/1633
f 3116/2045/1633 3096/2025/1673 3097/2026/1681
f 3097/2026/1681 3117/2046/1635 3116/2045/1633
f 3118/2047/1639 3097/2026/1681 3078/2007/1673
f 3078/2007/1673 3098/2027/1637 3118/2047/1639
f 3119/2048/1682 3120/2049/1682 3121/2050/1683
f 3121/2050/1683 3122/2051/1684 3119/2048/1682
f 3122/2051/1684 3121/2050/1683 3123/2052/1685
f 3123/2052/1685 3124/2053/1686 3122/2051/1684
f 3124/2053/1686 3123/2052/1685 3125/2054/1687
f 3125/2054/1687 3126/2055/1687 3124/2053/1686
f 3126/2055/1687 3125/2054/1687 3127/2056/1688
f 3127/2056/1688 3128/2057/1689 3126/2055/1687
f 3129/2058/1690 3130/2059/1690 3131/2060/1691
f 3131/2060/1691 3132/2061/1692 3129/2058/1690
f 3132/2061/1692 3131/2060/1691 3133/2062/1693
f 3133/2062/1693 3134/2063/1694 3132/2061/1692
f 3134/2063/1694 3133/2062/1693 3135/2064/1695
f 3135/2064/1695 3136/2065/1696 3134/2063/1694
f 3136/2065/1696 3135/2064/1695 3120/2049/1682
f 3120/2049/1682 3119/2048/1682 3136/2065/1696
f 3137/2066/1697 3138/2067/1698 3139/2068/1697
f 3139/2068/1697 3140/2069/1699 3137/2066/1697
f 3141/2070/1700 3137/2066/1697 3140/2069/1699
f 3140/2069/1699 3142/2071/1701 3141/2070/1700
f 3143/2072/1702 3141/2070/1700 3142/2071/1701
f 3142/2071/1701 3144/2073/1703 3143/2072/1702
f 3145/2074/1704 3143/2072/1702 3144/2073/1703
f 3144/2073/1703 3146/2075/1705 3145/2074/1704
f 3147/2076/1706 3145/2074/1704 3146/2075/1705
f 3146/2075/1705 3148/2077/1707 3147/2076/1706
f 3149/2078/1708 3147/2076/1706 3148/2077/1707
f 3148/2077/1707 3150/2079/1709 3149/2078/1708
f 3151/2080/1710 3149/2078/1708 3150/2079/1709
f 3150/2079/1709 3152/2081/1711 3151/2080/1710
f 3153/2082/1712 3151/2080/1710 3152/2081/1711
f 3152/2081/1711 3154/2083/1713 3153/2082/1712
f 3155/2084/1714 3153/2082/1712 3154/2083/1713
f 3154/2083/1713 3156/2085/1715 3155/2084/1714
f 3157/2086/1716 3155/2084/1714 3156/2085/1715
f 3156/2085/1715 3158/2087/1717 3157/2086/1716
f 3159/2088/1718 3157/2086/1716 3158/2087/1717
f 3158/2087/1717 3160/2089/1718 3159/2088/1718
f 3161/2090/1719 3162/2091/1720 3160/2089/1718
f 3160/2089/1718 3163/2092/1719 3161/2090/1719
f 3164/2093/1721 3161/2090/1719 3163/2092/1719
f 3163/2092/1719 3165/2094/1722 3164/2093/1721
f 3138/2067/1698 3164/2093/1721 3165/2094/1722
f 3165/2094/1722 3139/2068/1697 3138/2067/1698
f 3150/2079/1709 3156/2085/1715 3154/2083/1713
f 3154/2083/1713 3152/2081/1711 3150/2079/1709
f 3148/2077/1707 3158/2087/1717 3156/2085/1715
f 3156/2085/1715 3150/2079/1709 3148/2077/1707
f 3146/2075/1705 3160/2089/1718 3158/2087/1717
f 3158/2087/1717 3148/2077/1707 3146/2075/1705
f 3144/2073/1703 3163/2092/1719 3160/2089/1718
f 3160/2089/1718 3146/2075/1705 3144/2073/1703
f 3142/2071/1701 3165/2094/1722 3163/2092/1719
f 3163/2092/1719 3144/2073/1703 3142/2071/1701
f 3140/2069/1699 3139/2068/1697 3165/2094/1722
f 3165/2094/1722 3142/2071/1701 3140/2069/1699
f 3166/2095/1710 3167/2096/1723 3168/2097/1715
f 3168/2097/1715 3169/2098/1709 3166/2095/1710
f 3169/2098/1709 3168/2097/1715 3170/2099/1724
f 3170/2099/1724 3171/2100/1725 3169/2098/1709
f 3171/2100/1725 3170/2099/1724 3172/2101/1726
f 3172/2101/1726 3173/2102/1727 3171/2100/1725
f 3173/2102/1727 3172/2101/1726 3174/2103/1728
f 3174/2103/1728 3175/2104/1729 3173/2102/1727
f 3175/2104/1729 3174/2103/1728 3176/2105/1721
f 3176/2105/1721 3177/2106/1730 3175/2104/1729
f 3177/2106/1730 3176/2105/1721 3178/2107/1731
f 3178/2107/1731 3179/2108/1699 3177/2106/1730
f 3180/2109/1732 3181/2110/1731 3182/2111/1697
f 3182/2111/1697 3183/2112/1733 3180/2109/1732
f 3183/2112/1733 3182/2111/1697 3184/2113/1700
f 3184/2113/1700 3185/2114/1734 3183/2112/1733
f 3185/2114/1734 3184/2113/1700 3186/2115/1702
f 3186/2115/1702 3187/2116/1735 3185/2114/1734
f 3187/2116/1735 3186/2115/1702 3188/2117/1736
f 3188/2117/1736 3189/2118/1704 3187/2116/1735
f 3189/2118/1704 3188/2117/1736 3190/2119/1737
f 3190/2119/1737 3191/2120/1738 3189/2118/1704
f 3191/2120/1738 3190/2119/1737 3192/2121/1708
f 3192/2121/1708 3193/2122/1739 3191/2120/1738
f 3193/2122/1739 3192/2121/1708 3194/2123/1710
f 3194/2123/1710 3195/2124/1740 3193/2122/1739
f 3195/2124/1740 3194/2123/1710 3196/2125/1741
f 3196/2125/1741 3197/2126/1742 3195/2124/1740
f 3197/2126/1742 3196/2125/1741 3198/2127/1715
f 3198/2127/1715 3199/2128/1715 3197/2126/1742
f 3199/2128/1715 3198/2127/1715 3200/2129/1717
f 3200/2129/1717 3201/2130/1743 3199/2128/1715
f 3201/2130/1743 3200/2129/1717 3202/2131/1718
f 3202/2131/1718 3203/2132/1744 3201/2130/1743
f 3203/2132/1744 3204/2133/1745 3205/2134/1746
f 3205/2134/1746 3206/2135/1747 3203/2132/1744
f 3206/2135/1747 3205/2134/1746 3207/2136/1748
f 3207/2136/1748 3208/2137/1749 3206/2135/1747
f 3208/2137/1749 3207/2136/1748 3181/2110/1731
f 3181/2110/1731 3180/2109/1732 3208/2137/1749
f 3197/2126/1742 3199/2128/1715 3193/2122/1739
f 3193/2122/1739 3195/2124/1740 3197/2126/1742
f 3199/2128/1715 3201/2130/1743 3191/2120/1738
f 3191/2120/1738 3193/2122/1739 3199/2128/1715
f 3201/2130/1743 3203/2132/1744 3189/2118/1704
f 3189/2118/1704 3191/2120/1738 3201/2130/1743
f 3203/2132/1744 3206/2135/1747 3187/2116/1735
f 3187/2116/1735 3189/2118/1704 3203/2132/1744
f 3206/2135/1747 3208/2137/1749 3185/2114/1734
f 3185/2114/1734 3187/2116/1735 3206/2135/1747
f 3208/2137/1749 3180/2109/1732 3183/2112/1733
f 3183/2112/1733 3185/2114/1734 3208/2137/1749
f 3209/2138/1715 3210/2139/1713 3211/2140/1710
f 3211/2140/1710 3212/2141/1708 3209/2138/1715
f 3213/2142/1724 3209/2138/1715 3212/2141/1708
f 3212/2141/1708 3214/2143/1706 3213/2142/1724
f 3215/2144/1718 3213/2142/1724 3214/2143/1706
f 3214/2143/1706 3216/2145/1750 3215/2144/1718
f 3217/2146/1719 3215/2144/1718 3216/2145/1750
f 3216/2145/1750 3218/2147/1729 3217/2146/1719
f 3219/2148/1721 3217/2146/1719 3218/2147/1729
f 3218/2147/1729 3220/2149/1751 3219/2148/1721
f 3221/2150/1731 3219/2148/1721 3220/2149/1751
f 3220/2149/1751 3222/2151/1699 3221/2150/1731
f 3223/2152/1752 3224/2153/1753 3225/2154/1752
f 3225/2154/1752 3226/2155/1752 3223/2152/1752
f 3226/2155/1752 3225/2154/1752 3227/2156/1754
f 3227/2156/1754 3228/2157/1755 3226/2155/1752
f 3228/2157/1755 3227/2156/1754 3229/2158/1756
f 3229/2158/1756 3230/2159/1756 3228/2157/1755
f 3231/2160/1757 3232/2161/1757 3233/2162/1758
f 3233/2162/1758 3234/2163/1759 3231/2160/1757
f 3234/2163/1759 3233/2162/1758 3235/2164/1760
f 3235/2164/1760 3236/2165/1760 3234/2163/1759
f 3236/2165/1760 3235/2164/1760 3237/2166/1761
f 3237/2166/1761 3238/2167/1762 3236/2165/1760
f 3238/2167/1762 3237/2166/1761 3239/2168/1763
f 3239/2168/1763 3240/2169/1764 3238/2167/1762
f 3240/2169/1764 3239/2168/1763 3224/2153/1753
f 3224/2153/1753 3223/2152/1752 3240/2169/1764
f 3241/2170/1620 3242/2171/1620 3243/2172/1620
f 3243/2172/1620 3244/2173/1620 3241/2170/1620
f 3245/2174/1765 3246/2175/1596 3247/2176/1597
f 3247/2176/1597 3248/2177/1620 3245/2174/1765
f 3249/2178/1766 3250/2179/1767 3251/2180/1768
f 3251/2180/1768 3252/2181/1597 3249/2178/1766
f 3253/2182/1765 3254/2183/1620 3255/2184/1766
f 3255/2184/1766 3256/2185/1766 3253/2182/1765
f 3257/2186/1767 3258/2187/1767 3259/2188/1767
f 3259/2188/1767 3260/2189/1767 3257/2186/1767
f 3261/2190/1767 3262/2191/1767 3263/2192/1769
f 3263/2192/1769 3264/2193/1626 3261/2190/1767
f 3265/2194/1770 3266/2195/1620 3267/2196/1620
f 3267/2196/1620 3268/2197/1626 3265/2194/1770
f 3269/2198/1765 3270/2199/1766 3271/2200/1766
f 3271/2200/1766 3272/2201/1765 3269/2198/1765
f 3273/2202/1771 3274/2203/1766 3275/2204/1766
f 3275/2204/1766 3276/2205/1765 3273/2202/1771
f 3277/2206/1620 3278/2207/1766 3279/2208/1772
f 3279/2208/1772 3280/2209/1765 3277/2206/1620
f 3281/2210/1597 3282/2211/1627 3278/2207/1766
f 3278/2207/1766 3277/2206/1620 3281/2210/1597
f 3276/2205/1765 3275/2204/1766 3283/2212/1773
f 3283/2212/1773 3284/2213/1597 3276/2205/1765
f 3285/2214/1609 3286/2215/1765 3282/2211/1627
f 3282/2211/1627 3281/2210/1597 3285/2214/1609
f 3284/2213/1597 3283/2212/1773 3287/2216/1765
f 3287/2216/1765 3288/2217/1767 3284/2213/1597
f 3280/2209/1765 3279/2208/1772 3286/2215/1765
f 3286/2215/1765 3285/2214/1609 3280/2209/1765
f 3288/2217/1767 3287/2216/1765 3274/2203/1766
f 3274/2203/1766 3273/2202/1771 3288/2217/1767
o Object_12
v 0.775879 7.042243 1.379166
v 0.757381 6.914203 1.432266
v 0.792679 6.912364 1.416466
v 0.744480 7.053493 1.393867
v 0.775879 7.042244 -1.896034
v 0.792679 6.912364 -1.933434
v 0.757381 6.914204 -1.949234
v 0.744480 7.053494 -1.910736
v 0.722778 7.170663 1.321861
v 0.710281 7.053423 1.378265
v 0.744480 7.053493 1.393867
v 0.704182 7.166443 1.317863
v 0.722778 7.170664 -1.838737
v 0.744480 7.053494 -1.910736
v 0.710281 7.053424 -1.895134
v 0.704182 7.166444 -1.834732
v 0.700680 7.229983 1.261566
v 0.710281 7.233083 1.263664
v 0.700680 7.229984 -1.778435
v 0.710281 7.233084 -1.780632
v 0.721378 6.918993 1.412766
v 0.757381 6.914204 -1.949234
v 0.721378 6.918994 -1.929733
v 0.761379 6.832123 1.422562
v 0.798779 6.832684 1.405762
v 0.757381 6.914203 1.432266
v 0.798779 6.832684 -1.922638
v 0.761379 6.832124 -1.939438
v 0.669079 5.983973 1.246262
v 0.676479 5.870353 1.173264
v 0.725281 5.872093 1.180763
v 0.632782 5.963933 1.228867
v 0.669079 5.983974 -1.763138
v 0.676479 5.870353 -1.690132
v 0.632782 5.963933 -1.745735
v 0.725281 5.872093 -1.697632
v 0.597881 6.152993 1.267967
v 0.624279 6.159564 1.279861
v 0.669079 5.983974 -1.763138
v 0.597881 6.152994 -1.784836
v 0.624279 6.159564 -1.796738
v 0.632782 5.963933 -1.745735
v 0.574680 6.263053 1.272667
v 0.597881 6.152993 1.267967
v 0.593182 6.267374 1.280563
v 0.597881 6.152994 -1.784836
v 0.574680 6.263054 -1.789536
v 0.593182 6.267374 -1.797539
v 0.738781 7.164183 1.312668
v 0.709480 5.781263 1.102066
v 0.725281 5.872093 1.180763
v 0.738781 7.164184 -1.829636
v 0.709480 5.781263 -1.618935
v 0.597881 6.152994 -1.784836
v 0.556881 6.371964 1.266968
v 0.574680 6.263053 1.272667
v 0.543179 6.366413 1.260666
v 0.556881 6.371964 -1.783836
v 0.574680 6.263054 -1.789536
v 0.543179 6.366414 -1.777534
v 0.531181 6.410783 1.249168
v 0.538181 6.412313 1.250168
v 0.556881 6.371964 1.266968
v 0.543179 6.366414 -1.777534
v 0.531181 6.410784 -1.766037
v 0.538181 6.412314 -1.767136
v 0.556881 6.371964 -1.783836
v 0.703781 7.251914 1.233963
v 0.706581 7.252803 1.234566
v 0.706581 7.252804 -1.751434
v 0.700680 7.229984 -1.778435
v 0.703781 7.251914 -1.750832
v 0.725281 5.872093 1.180763
v 0.709480 5.781263 1.102066
v 0.760780 5.765623 1.109764
v 0.760780 5.765624 -1.626633
v 0.709480 5.781263 -1.618935
v 0.777679 6.738003 1.386261
v 0.816082 6.739143 1.365868
v 0.816082 6.739144 -1.882736
v 0.777679 6.738004 -1.903236
v 0.723480 6.838173 1.403168
v 0.721378 6.918993 1.412766
v 0.723480 6.838174 -1.920036
v 0.710281 7.233083 1.263664
v 0.718979 7.230023 1.259262
v 0.738781 7.164184 -1.829636
v 0.710281 7.233084 -1.780632
v 0.718979 7.230024 -1.776138
v 0.717979 5.386573 0.540565
v 0.791580 5.604113 0.744568
v 0.735680 5.624483 0.768661
v 0.717979 5.386573 -1.057434
v 0.735680 5.624484 -1.285538
v 0.791580 5.604114 -1.261436
v 0.739380 5.320643 0.462265
v 0.796982 5.374323 0.554268
v 0.717979 5.386573 0.540565
v 0.816780 5.307813 0.474968
v 0.767582 5.233503 0.358765
v 0.843079 5.219913 0.370163
v 0.706581 7.252803 1.234566
v 0.709080 7.251924 1.233261
v 0.739380 5.320643 -0.979134
v 0.796982 5.374323 -1.071136
v 0.816780 5.307813 -0.991837
v 0.717979 5.386573 -1.057434
v 0.816780 5.307813 -0.991837
v 0.767582 5.233503 -0.875732
v 0.843079 5.219913 -0.887032
v 0.709080 7.251924 -1.750137
v 0.310780 7.119573 0.952461
v 0.314381 7.131804 0.946167
v 0.215981 7.183983 0.945663
v 0.310780 7.119574 -1.469337
v 0.215981 7.183984 -1.462532
v 0.314381 7.131804 -1.463036
v 0.791580 5.604113 0.744568
v 0.717979 5.386573 0.540565
v 0.796982 5.374323 0.554268
v 0.791580 5.604114 -1.261436
v 0.796982 5.374323 -1.071136
v 0.193481 7.194843 0.935265
v 0.187778 7.182014 0.934166
v 0.195881 7.190824 0.941368
v 0.188179 7.191343 0.929268
v 0.193481 7.194844 -1.452133
v 0.187778 7.182014 -1.451035
v 0.188179 7.191344 -1.446236
v 0.195881 7.190824 -1.458237
v 0.624279 6.159564 1.279861
v 0.701481 6.002823 1.226265
v 0.648182 6.164533 1.258163
v 0.669079 5.983973 1.246262
v 0.701481 6.002824 -1.743134
v 0.624279 6.159564 -1.796738
v 0.648182 6.164534 -1.775032
v 0.669079 5.983974 -1.763138
v 0.752979 4.966623 0.130562
v 0.861881 4.947023 0.146866
v 0.752979 4.966623 -0.647438
v 0.861881 4.947023 -0.663734
v 0.669079 5.983973 1.246262
v 0.758579 5.898673 1.152565
v 0.701481 6.002823 1.226265
v 0.758579 5.898674 -1.669434
v 0.701481 6.002824 -1.743134
v 0.876678 6.839063 0.955162
v 0.829182 6.786743 1.012367
v 0.867081 6.777353 0.992668
v 0.846378 6.859153 0.964066
v 0.876678 6.839064 -1.472038
v 0.867081 6.777354 -1.509537
v 0.829182 6.786744 -1.529236
v 0.846378 6.859154 -1.480934
v 0.854279 6.661294 1.028564
v 0.812481 6.682533 1.055466
v 0.829182 6.786743 1.012367
v 0.854279 6.661294 -1.545433
v 0.812481 6.682534 -1.572433
v 0.829182 6.786744 -1.529236
v 0.385681 7.083034 0.939766
v 0.310780 7.119573 0.952461
v 0.377979 7.069933 0.950668
v 0.310780 7.119574 -1.469337
v 0.385681 7.083034 -1.456635
v 0.377979 7.069934 -1.467537
v 0.314381 7.131804 -1.463036
v 0.738178 6.743824 1.368462
v 0.777679 6.738004 -1.903236
v 0.738178 6.743824 -1.885338
v 0.760780 5.765623 1.109764
v 0.740280 5.657103 0.919464
v 0.789879 5.631173 0.923668
v 0.760780 5.765624 -1.626633
v 0.789879 5.631173 -1.440636
v 0.740280 5.657104 -1.436333
v 0.299179 7.084153 0.945267
v 0.350281 7.039993 0.948662
v 0.377979 7.069933 0.950668
v 0.310780 7.119573 0.952461
v 0.876678 6.839063 0.955162
v 0.888680 6.884203 0.918167
v 0.846378 6.859153 0.964066
v 0.861382 6.901443 0.923363
v 0.377979 7.069934 -1.467537
v 0.299179 7.084154 -1.462135
v 0.350281 7.039994 -1.465538
v 0.888680 6.884204 -1.435135
v 0.876678 6.839064 -1.472038
v 0.861382 6.901444 -1.440239
v 0.810379 6.630503 1.305962
v 0.844978 6.641823 1.283066
v 0.543179 6.366413 1.260666
v 0.525280 6.410013 1.245468
v 0.534981 6.363343 1.249763
v 0.810379 6.630504 -1.822838
v 0.844978 6.641824 -1.799934
v 0.543179 6.366414 -1.777534
v 0.525280 6.410014 -1.762337
v 0.531181 6.410784 -1.766037
v 0.534981 6.363344 -1.766632
v 0.714680 5.966883 0.843666
v 0.790581 5.798843 0.817162
v 0.789280 5.961673 0.859962
v 0.789280 5.961673 0.859962
v 0.721779 5.768523 0.796867
v 0.787979 6.148304 0.908768
v 0.714680 5.966883 0.843666
v 0.717579 6.155753 0.894363
v 0.790581 5.798843 -1.334137
v 0.714680 5.966883 -1.360535
v 0.789280 5.961673 -1.376839
v 0.721779 5.768523 -1.313736
v 0.787979 6.148304 -1.425636
v 0.714680 5.966883 -1.360535
v 0.717579 6.155754 -1.411232
v 0.904781 6.935554 0.864761
v 0.861382 6.901443 0.923363
v 0.881279 6.953794 0.858566
v 0.904781 6.935554 -1.381737
v 0.861382 6.901444 -1.440239
v 0.881279 6.953794 -1.375435
v 0.210381 7.193873 0.931168
v 0.195881 7.190824 0.941368
v 0.193481 7.194843 0.935265
v 0.210381 7.193874 -1.448036
v 0.195881 7.190824 -1.458237
v 0.193481 7.194844 -1.452133
v 0.538181 6.412313 1.250168
v 0.556881 6.371964 1.266968
v 0.539982 6.413064 1.248566
v 0.565979 6.376093 1.260963
v 0.556881 6.371964 -1.783836
v 0.538181 6.412314 -1.767136
v 0.539982 6.413064 -1.765434
v 0.565979 6.376094 -1.777832
v 0.791580 5.604113 0.744568
v 0.860279 5.408643 0.515968
v 0.841282 5.642223 0.738068
v 0.860279 5.408643 -1.032837
v 0.791580 5.604114 -1.261436
v 0.841282 5.642223 -1.254936
v 0.928478 6.998303 0.781563
v 0.904781 6.935554 0.864761
v 0.943581 6.987693 0.785461
v 0.928478 6.998303 0.781563
v 0.397079 6.974164 0.938667
v 0.436378 6.987293 0.937561
v 0.350281 7.039993 0.948662
v 0.397079 6.974164 -1.455536
v 0.350281 7.039994 -1.465538
v 0.436378 6.987294 -1.454437
v 0.878979 5.343753 0.439468
v 0.816780 5.307813 0.474968
v 0.903679 5.258013 0.338463
v 0.860279 5.408643 -1.032837
v 0.878979 5.343753 -0.956337
v 0.903679 5.258013 -0.855339
v 0.200378 7.161973 0.934662
v 0.299179 7.084153 0.945267
v 0.215981 7.183983 0.945663
v 0.215981 7.183984 -1.462532
v 0.200378 7.161974 -1.451538
v 0.630280 6.616663 0.830963
v 0.555779 6.616503 0.834663
v 0.629379 6.526193 0.838661
v 0.675678 6.539443 0.838867
v 0.630280 6.616664 -1.347832
v 0.629379 6.526194 -1.355537
v 0.555779 6.616504 -1.351532
v 0.675678 6.539444 -1.355736
v 0.928478 6.998304 -1.298439
v 0.943581 6.987694 -1.302338
v 0.904781 6.935554 -1.381737
v 0.945179 6.973214 -1.293335
v 0.788582 6.220803 0.955566
v 0.716080 6.230443 0.942062
v 0.788582 6.220804 -1.472435
v 0.716080 6.230444 -1.458939
v 0.949280 5.001963 0.101166
v 0.861881 4.947023 0.146866
v 0.949280 5.001963 -0.618034
v 0.903679 5.258013 -0.855339
v 0.553581 6.768253 0.836266
v 0.555779 6.616503 0.834663
v 0.496479 6.766883 0.848366
v 0.553581 6.768254 -1.353134
v 0.555779 6.616504 -1.351532
v 0.496479 6.766884 -1.365234
v 0.629379 6.526193 0.838661
v 0.689781 6.477443 0.861565
v 0.675678 6.539443 0.838867
v 0.658279 6.461363 0.858467
v 0.689781 6.477444 -1.378433
v 0.675678 6.539444 -1.355736
v 0.658279 6.461364 -1.375336
v 0.854279 6.661294 1.028564
v 0.801079 6.643513 1.085861
v 0.854179 6.621003 1.071564
v 0.812481 6.682533 1.055466
v 0.854179 6.621004 -1.588432
v 0.801079 6.643514 -1.602837
v 0.854279 6.661294 -1.545433
v 0.787079 6.295163 1.010063
v 0.787079 6.295163 1.010063
v 0.716080 6.230443 0.942062
v 0.788582 6.220803 0.955566
v 0.720181 6.305813 0.998665
v 0.798481 6.415253 1.100563
v 0.736881 6.425493 1.091064
v 0.787079 6.295164 -1.527039
v 0.788582 6.220804 -1.472435
v 0.716080 6.230444 -1.458939
v 0.720181 6.305814 -1.515633
v 0.798481 6.415254 -1.617432
v 0.736881 6.425494 -1.607933
v 0.951679 6.998823 0.760567
v 0.951180 7.001613 0.758568
v 0.943581 6.987693 0.785461
v 0.928478 6.998304 -1.298439
v 0.951679 6.998824 -1.277435
v 0.951180 7.001614 -1.275436
v 0.200378 7.161973 0.934662
v 0.195881 7.190824 0.941368
v 0.215981 7.183983 0.945663
v 0.793781 5.793583 1.072762
v 0.760780 5.765623 1.109764
v 0.758579 5.898673 1.152565
v 0.195881 7.190824 -1.458237
v 0.200378 7.161974 -1.451538
v 0.187778 7.182014 -1.451035
v 0.793781 5.793583 -1.589638
v 0.760780 5.765624 -1.626633
v 0.601181 6.505444 0.831268
v 0.658279 6.461363 0.858467
v 0.629379 6.526193 0.838661
v 0.646080 6.450984 0.854767
v 0.629379 6.526194 -1.355537
v 0.658279 6.461364 -1.375336
v 0.601181 6.505444 -1.348137
v 0.646080 6.450984 -1.371635
v 0.848980 5.976263 0.814362
v 0.844479 6.169173 0.868362
v 0.848980 5.976263 0.814362
v 0.842381 5.776903 0.778366
v 0.593182 6.267374 1.280563
v 0.606979 6.270943 1.264465
v 0.848980 5.976264 -1.331238
v 0.844479 6.169174 -1.385239
v 0.789280 5.961673 -1.376839
v 0.842381 5.776903 -1.295235
v 0.593182 6.267374 -1.797539
v 0.565979 6.376094 -1.777832
v 0.606979 6.270944 -1.781334
v 0.556881 6.371964 -1.783836
v 0.755280 6.520693 1.198662
v 0.810379 6.630503 1.305962
v 0.767879 6.641693 1.297768
v 0.755280 6.520694 -1.715538
v 0.767879 6.641694 -1.814636
v 0.810379 6.630504 -1.822838
v 0.834080 5.686893 0.914566
v 0.760780 5.765623 1.109764
v 0.789879 5.631173 0.923668
v 0.793781 5.793583 1.072762
v 0.834080 5.686893 -1.431435
v 0.760780 5.765624 -1.626633
v 0.793781 5.793583 -1.589638
v 0.789879 5.631173 -1.440636
v 0.593182 6.267374 1.280563
v 0.624279 6.159564 1.279861
v 0.593182 6.267374 -1.797539
v 0.648182 6.164534 -1.775032
v 0.755280 6.520693 1.198662
v 0.811882 6.507993 1.189262
v 0.811882 6.507993 1.189262
v 0.810379 6.630504 -1.822838
v 0.811882 6.507994 -1.706139
v 0.811882 6.507994 -1.706139
v 0.755280 6.520694 -1.715538
v 0.704281 6.429493 0.887764
v 0.689781 6.477443 0.861565
v 0.686481 6.406973 0.887863
v 0.695080 6.410984 0.890068
v 0.704281 6.429494 -1.404633
v 0.686481 6.406974 -1.404839
v 0.695080 6.410984 -1.407036
v 0.844479 6.169173 0.868362
v 0.848282 6.250043 0.919266
v 0.787979 6.148304 0.908768
v 0.844479 6.169174 -1.385239
v 0.848282 6.250044 -1.436134
v 0.686481 6.406973 0.887863
v 0.646080 6.450984 0.854767
v 0.686481 6.406974 -1.404839
v 0.843681 6.328983 0.981163
v 0.788582 6.220803 0.955566
v 0.848282 6.250044 -1.436134
v 0.843681 6.328984 -1.498032
v 0.810379 6.630503 1.305962
v 0.738178 6.743824 1.368462
v 0.436378 6.987293 0.937561
v 0.442680 6.888953 0.904266
v 0.476780 6.900084 0.904266
v 0.442680 6.888954 -1.421135
v 0.397079 6.974164 -1.455536
v 0.476879 6.900084 -1.421135
v 0.848179 6.443183 1.071266
v 0.798481 6.415254 -1.617432
v 0.843681 6.328984 -1.498032
v 0.787079 6.295164 -1.527039
v 0.848179 6.443184 -1.588135
v 0.474281 7.175934 0.270866
v 0.475979 7.192564 0.251068
v 0.462280 7.178664 0.264168
v 0.478981 7.191954 0.252563
v 0.474281 7.175934 -0.787735
v 0.475979 7.192564 -0.767937
v 0.478981 7.191954 -0.769539
v 0.462280 7.178664 -0.781036
v 0.452679 6.994703 0.920563
v 0.385681 7.083034 0.939766
v 0.436378 6.987293 0.937561
v 0.452679 6.994704 -1.437439
v 0.436378 6.987294 -1.454437
v 0.736881 6.425493 1.091064
v 0.755280 6.520694 -1.715538
v 0.736881 6.425494 -1.607933
v 0.829182 6.786743 1.012367
v 0.808781 6.853543 0.937363
v 0.796478 6.781774 0.987862
v 0.846378 6.859153 0.964066
v 0.829182 6.786744 -1.529236
v 0.808781 6.853544 -1.454239
v 0.846378 6.859154 -1.480934
v 0.796478 6.781774 -1.504738
v 0.735680 5.624483 0.768661
v 0.740280 5.657103 0.919464
v 0.812481 6.682533 1.055466
v 0.778381 6.670203 1.029266
v 0.735680 5.624484 -1.285538
v 0.740280 5.657104 -1.436333
v 0.812481 6.682534 -1.572433
v 0.778381 6.670204 -1.546135
v 0.855679 6.533154 1.163765
v 0.855679 6.533154 -1.680733
v 0.811882 6.507994 -1.706139
v 0.466679 6.800683 0.652664
v 0.423080 6.774744 0.631668
v 0.439579 6.750363 0.664665
v 0.466679 6.800684 -1.169632
v 0.439579 6.750364 -1.181633
v 0.423080 6.774744 -1.148537
v 0.517879 6.829603 0.867867
v 0.496479 6.766883 0.848366
v 0.553581 6.768253 0.836266
v 0.471481 6.823693 0.874367
v 0.442680 6.888953 0.904266
v 0.517879 6.829604 -1.384735
v 0.496479 6.766884 -1.365234
v 0.471481 6.823694 -1.391235
v 0.442680 6.888954 -1.421135
v 0.417480 7.059054 0.320068
v 0.418579 6.995834 0.372063
v 0.440681 7.054304 0.332161
v 0.387981 6.978004 0.361267
v 0.418579 6.995834 -0.888939
v 0.417480 7.059054 -0.836937
v 0.440681 7.054304 -0.849037
v 0.387981 6.978004 -0.878235
v 0.440681 7.054304 0.332161
v 0.462280 7.178664 0.264168
v 0.474281 7.175934 0.270866
v 0.440681 7.054304 -0.849037
v 0.474281 7.175934 -0.787735
v 0.417480 7.059054 -0.836937
v 0.709480 5.781263 1.102066
v 0.651180 5.882063 1.147163
v 0.680679 5.806943 1.079063
v 0.676479 5.870353 1.173264
v 0.651180 5.882063 -1.664032
v 0.709480 5.781263 -1.618935
v 0.680679 5.806943 -1.596039
v 0.676479 5.870353 -1.690132
v 0.704281 6.429493 0.887764
v 0.735580 6.472953 0.837761
v 0.689781 6.477443 0.861565
v 0.735580 6.472954 -1.354637
v 0.704281 6.429494 -1.404633
v 0.689781 6.477444 -1.378433
v 0.621780 5.959363 1.192062
v 0.651180 5.882063 1.147163
v 0.621780 5.959363 -1.708939
v 0.676479 5.870353 -1.690132
v 0.564880 6.261003 1.257065
v 0.587379 6.150143 1.244263
v 0.574680 6.263053 1.272667
v 0.597881 6.152994 -1.784836
v 0.564880 6.261004 -1.773933
v 0.587379 6.150144 -1.761238
v 0.841282 5.642223 0.738068
v 0.789879 5.631173 0.923668
v 0.841282 5.642223 -1.254936
v 0.791580 5.604114 -1.261436
v 0.846378 6.859153 0.964066
v 0.861382 6.901443 0.923363
v 0.831581 6.895673 0.899765
v 0.808781 6.853544 -1.454239
v 0.861382 6.901444 -1.440239
v 0.831581 6.895674 -1.416634
v 0.409081 6.921804 0.435265
v 0.378582 6.897884 0.418663
v 0.409081 6.921804 -0.952232
v 0.378582 6.897884 -0.935532
v 0.848179 6.443183 1.071266
v 0.855679 6.533154 -1.680733
v 0.848179 6.443184 -1.588135
v 0.400879 6.806254 0.564568
v 0.423080 6.774744 0.631668
v 0.442181 6.841244 0.576767
v 0.442181 6.841244 -1.093636
v 0.400879 6.806254 -1.081436
v 0.466679 6.800684 -1.169632
v 0.765480 6.437023 0.868568
v 0.735580 6.472953 0.837761
v 0.704281 6.429494 -1.404633
v 0.735580 6.472954 -1.354637
v 0.765480 6.437024 -1.385437
v 0.629379 6.526193 0.838661
v 0.555779 6.616503 0.834663
v 0.570782 6.571434 0.803162
v 0.601181 6.505444 0.831268
v 0.629379 6.526194 -1.355537
v 0.570782 6.571434 -1.320038
v 0.555779 6.616504 -1.351532
v 0.601181 6.505444 -1.348137
v 0.736881 5.737763 0.288765
v 0.766979 5.692924 0.269165
v 0.755981 5.744313 0.289566
v 0.732079 5.684093 0.267563
v 0.766979 5.692924 -0.786034
v 0.736881 5.737763 -0.805634
v 0.755981 5.744313 -0.806435
v 0.732079 5.684093 -0.784431
v 0.341579 7.034184 0.939468
v 0.385880 6.971593 0.929161
v 0.350281 7.039993 0.948662
v 0.397079 6.974164 0.938667
v 0.350281 7.039994 -1.465538
v 0.385880 6.971594 -1.446037
v 0.341579 7.034184 -1.456337
v 0.397079 6.974164 -1.455536
v 0.378582 6.897884 0.418663
v 0.420780 6.888604 0.492264
v 0.388580 6.854704 0.480263
v 0.442181 6.841244 0.576767
v 0.400879 6.806254 0.564568
v 0.420780 6.888604 -1.009132
v 0.388580 6.854704 -0.997139
v 0.388580 6.854704 -0.997139
v 0.400879 6.806254 -1.081436
v 0.420780 6.888604 -1.009132
v 0.708080 6.527833 0.804565
v 0.708080 6.527834 -1.321434
v 0.689781 6.477444 -1.378433
v 0.675678 6.539444 -1.355736
v 0.801079 6.643513 1.085861
v 0.812481 6.682533 1.055466
v 0.762981 6.628193 1.062965
v 0.778381 6.670203 1.029266
v 0.801079 6.643514 -1.602837
v 0.762981 6.628194 -1.579834
v 0.778381 6.670204 -1.546135
v 0.475979 7.192564 0.251068
v 0.455879 7.175144 0.250565
v 0.473179 7.191174 0.244965
v 0.475979 7.192564 -0.767937
v 0.455879 7.175144 -0.767433
v 0.473179 7.191174 -0.761833
v 0.718281 6.422643 0.905663
v 0.704281 6.429493 0.887764
v 0.695080 6.410984 0.890068
v 0.718281 6.422644 -1.422539
v 0.695080 6.410984 -1.407036
v 0.704281 6.429494 -1.404633
v 0.504082 6.911613 0.875862
v 0.476780 6.900084 0.904266
v 0.476879 6.900084 -1.421135
v 0.504082 6.911614 -1.392738
v 0.539478 6.836133 0.845963
v 0.517879 6.829603 0.867867
v 0.517879 6.829604 -1.384735
v 0.539478 6.836134 -1.362839
v 0.741779 5.762223 0.291862
v 0.752480 5.791543 0.307465
v 0.752480 5.791543 -0.824333
v 0.755981 5.744313 -0.806435
v 0.741779 5.762223 -0.808739
v 0.297180 7.078873 0.938065
v 0.297180 7.078874 -1.454933
v 0.350281 7.039994 -1.465538
v 0.299179 7.084154 -1.462135
v 0.190781 7.174674 0.932167
v 0.200378 7.161973 0.934662
v 0.200378 7.161974 -1.451538
v 0.190781 7.174674 -1.449135
v 0.632782 5.963933 1.228867
v 0.587379 6.150143 1.244263
v 0.597881 6.152993 1.267967
v 0.632782 5.963933 -1.745735
v 0.597881 6.152994 -1.784836
v 0.385880 6.971593 0.929161
v 0.423382 6.884413 0.885765
v 0.423382 6.884414 -1.402733
v 0.397079 6.974164 -1.455536
v 0.385880 6.971594 -1.446037
v 0.861382 6.901443 0.923363
v 0.881279 6.953794 0.858566
v 0.831581 6.895673 0.899765
v 0.865879 6.948493 0.834366
v 0.881279 6.953794 -1.375435
v 0.865879 6.948494 -1.351234
v 0.717979 5.386573 0.540565
v 0.670979 5.630233 0.661064
v 0.682880 5.436153 0.485268
v 0.861881 5.145023 -0.017937
v 0.752979 4.966623 0.130562
v 0.752979 5.125413 -0.001633
v 0.704479 5.046023 0.064468
v 0.861881 4.947023 0.146866
v 0.949280 5.001963 0.101166
v 0.949280 5.090083 0.027763
v 0.670979 5.630233 -1.177933
v 0.682880 5.436153 -1.002136
v 0.735680 5.624484 -1.285538
v 0.752979 5.125413 -0.515236
v 0.704479 5.046023 -0.581337
v 0.752979 4.966623 -0.647438
v 0.861881 4.947023 -0.663734
v 0.861881 5.145023 -0.498932
v 0.949280 5.090083 -0.544632
v 0.949280 5.001963 -0.618034
v 0.405079 7.053164 0.292763
v 0.417480 7.059054 0.320068
v 0.455879 7.175144 0.250565
v 0.417480 7.059054 -0.836937
v 0.405079 7.053164 -0.809639
v 0.455879 7.175144 -0.767433
v 0.637981 6.397023 0.816261
v 0.686481 6.406973 0.887863
v 0.646080 6.450984 0.854767
v 0.679680 6.309583 0.859665
v 0.686481 6.406974 -1.404839
v 0.637981 6.397024 -1.333138
v 0.646080 6.450984 -1.371635
v 0.679680 6.309584 -1.376633
v 0.755981 5.744313 0.289566
v 0.741779 5.762223 -0.808739
v 0.423382 6.884413 0.885765
v 0.444080 6.832083 0.856964
v 0.471481 6.823693 0.874367
v 0.471481 6.823694 -1.391235
v 0.444080 6.832084 -1.373833
v 0.748779 5.791914 0.305763
v 0.741779 5.762223 0.291862
v 0.752480 5.791543 0.307465
v 0.753681 5.792994 0.306564
v 0.748779 5.791914 -0.822632
v 0.753681 5.792994 -0.823532
v 0.752480 5.791543 -0.824333
v 0.313881 7.133973 0.915268
v 0.210381 7.193873 0.931168
v 0.313881 7.133974 -1.432137
v 0.210381 7.193874 -1.448036
v 0.444080 6.832083 0.856964
v 0.462181 6.786533 0.831863
v 0.471481 6.823693 0.874367
v 0.471481 6.823694 -1.391235
v 0.462181 6.786534 -1.348732
v 0.444080 6.832084 -1.373833
v 0.490379 6.797623 0.727966
v 0.466679 6.800683 0.652664
v 0.439579 6.750364 -1.181633
v 0.466679 6.800684 -1.169632
v 0.490379 6.797624 -1.244934
v 0.466980 6.757323 0.733162
v 0.564880 6.261003 1.257065
v 0.564880 6.261003 1.257065
v 0.534981 6.363343 1.249763
v 0.566681 6.261593 1.240265
v 0.534679 6.363683 1.238663
v 0.534981 6.363343 1.249763
v 0.466980 6.757324 -1.250038
v 0.534981 6.363344 -1.766632
v 0.564880 6.261004 -1.773933
v 0.566681 6.261594 -1.757133
v 0.534679 6.363684 -1.755539
v 0.439579 6.750363 0.664665
v 0.466282 6.734283 0.738762
v 0.904781 6.935554 0.864761
v 0.945179 6.973213 0.776367
v 0.943581 6.987693 0.785461
v 0.439579 6.750364 -1.181633
v 0.466980 6.757324 -1.250038
v 0.466282 6.734284 -1.255638
v 0.770481 5.761833 0.279167
v 0.752480 5.791543 0.307465
v 0.753681 5.792994 0.306564
v 0.770481 5.761833 -0.796135
v 0.753681 5.792994 -0.823532
v 0.945179 6.973213 0.776367
v 0.951679 6.998823 0.760567
v 0.953381 6.994783 0.756561
v 0.951679 6.998824 -1.277435
v 0.953381 6.994784 -1.273537
v 0.420780 6.888604 0.492264
v 0.481880 6.834814 0.552765
v 0.456879 6.882384 0.469963
v 0.442181 6.841244 0.576767
v 0.481880 6.834814 -1.069633
v 0.420780 6.888604 -1.009132
v 0.456879 6.882384 -0.986832
v 0.442181 6.841244 -1.093636
v 0.443180 6.986954 0.355064
v 0.409081 6.921804 0.435265
v 0.440979 6.913154 0.418762
v 0.418579 6.995834 0.372063
v 0.443180 6.986954 -0.871933
v 0.440979 6.913154 -0.935638
v 0.409081 6.921804 -0.952232
v 0.418579 6.995834 -0.888939
v 0.794079 5.690623 0.243568
v 0.766979 5.692924 0.269165
v 0.770481 5.761833 0.279167
v 0.420780 6.888604 0.492264
v 0.440979 6.913154 -0.935638
v 0.420780 6.888604 -1.009132
v 0.794079 5.690623 -0.760536
v 0.766979 5.692924 -0.786034
v 0.697380 7.223063 1.254364
v 0.696980 7.154693 1.303665
v 0.700680 7.229983 1.261566
v 0.704182 7.166444 -1.834732
v 0.697380 7.223064 -1.771332
v 0.700680 7.229984 -1.778435
v 0.696980 7.154694 -1.820534
v 0.680679 5.806943 1.079063
v 0.717979 5.703503 0.911766
v 0.740280 5.657103 0.919464
v 0.717979 5.703503 -1.428734
v 0.680679 5.806943 -1.596039
v 0.740280 5.657104 -1.436333
v 0.717979 5.386573 0.540565
v 0.704880 5.372573 0.411064
v 0.733978 5.288553 0.312965
v 0.682880 5.436153 -1.002136
v 0.704880 5.372573 -0.927933
v 0.767582 5.233503 -0.875732
v 0.733978 5.288553 -0.829834
v 0.405079 7.053164 0.292763
v 0.387981 6.978004 0.361267
v 0.377880 6.948704 0.332268
v 0.200378 7.161973 0.934662
v 0.387981 6.978004 -0.878235
v 0.377880 6.948704 -0.849136
v 0.200378 7.161974 -1.451538
v 0.708679 6.466363 1.049866
v 0.687481 6.353833 0.954567
v 0.720181 6.305813 0.998665
v 0.630280 6.616663 0.830963
v 0.675678 6.539443 0.838867
v 0.650581 6.608103 0.797066
v 0.736881 6.425494 -1.607933
v 0.687481 6.353834 -1.471436
v 0.708679 6.466364 -1.566734
v 0.650581 6.608104 -1.313934
v 0.708080 6.527834 -1.321434
v 0.675678 6.539444 -1.355736
v 0.630280 6.616664 -1.347832
v 0.800579 6.914474 1.377167
v 0.807480 6.839203 1.365463
v 0.816082 6.739143 1.365868
v 0.824680 6.746133 1.321861
v 0.800579 6.914474 -1.894035
v 0.807480 6.839204 -1.882332
v 0.816082 6.739144 -1.882736
v 0.824680 6.746134 -1.838737
v 0.493179 6.622253 0.706161
v 0.552479 6.540184 0.751167
v 0.502682 6.661893 0.762367
v 0.552479 6.540184 0.751167
v 0.601181 6.505444 0.831268
v 0.587379 6.484473 0.772766
v 0.493179 6.622254 -1.223038
v 0.502682 6.661894 -1.279236
v 0.552479 6.540184 -1.268036
v 0.601181 6.505444 -1.348137
v 0.552479 6.540184 -1.268036
v 0.587379 6.484474 -1.289734
v 0.424679 6.710674 0.608566
v 0.439579 6.750363 0.664665
v 0.423080 6.774744 0.631668
v 0.458279 6.669553 0.656166
v 0.439579 6.750364 -1.181633
v 0.424679 6.710674 -1.125435
v 0.423080 6.774744 -1.148537
v 0.458279 6.669554 -1.173035
v 0.462181 6.786533 0.831863
v 0.477982 6.746803 0.802567
v 0.496479 6.766883 0.848366
v 0.462181 6.786534 -1.348732
v 0.496479 6.766884 -1.365234
v 0.477982 6.746804 -1.319435
v 0.846481 6.667043 1.246368
v 0.844978 6.641823 1.283066
v 0.477982 6.746803 0.802567
v 0.502682 6.661893 0.762367
v 0.496479 6.766883 0.848366
v 0.496479 6.766883 0.848366
v 0.555779 6.616503 0.834663
v 0.458279 6.669553 0.656166
v 0.824680 6.746134 -1.838737
v 0.846481 6.667044 -1.763237
v 0.477982 6.746804 -1.319435
v 0.496479 6.766884 -1.365234
v 0.496479 6.766884 -1.365234
v 0.502682 6.661894 -1.279236
v 0.555779 6.616504 -1.351532
v 0.458279 6.669554 -1.173035
v 0.712582 6.409323 0.942863
v 0.686481 6.406973 0.887863
v 0.697979 6.360213 0.921463
v 0.712582 6.409324 -1.459732
v 0.697979 6.360214 -1.438332
v 0.686481 6.406974 -1.404839
v 0.781078 7.028363 1.345963
v 0.800579 6.914474 -1.894035
v 0.781078 7.028364 -1.862938
v 0.836681 5.743683 0.807861
v 0.789478 5.766933 0.842163
v 0.842381 5.776903 0.778366
v 0.836681 5.743683 -1.324738
v 0.789478 5.766933 -1.359138
v 0.682178 6.272223 0.888268
v 0.695080 6.213173 0.822266
v 0.686180 6.185894 0.835968
v 0.686180 6.185894 0.835968
v 0.686180 6.185894 0.835968
v 0.686180 6.185894 0.835968
v 0.679680 6.309583 0.859665
v 0.681480 5.987953 0.777763
v 0.717579 6.155753 0.894363
v 0.714680 5.966883 0.843666
v 0.674179 5.790933 0.718567
v 0.721779 5.768523 0.796867
v 0.708279 5.751653 0.767761
v 0.710682 5.687493 0.761864
v 0.670979 5.630233 0.661064
v 0.708279 5.751653 0.767761
v 0.716080 5.708223 0.773766
v 0.716080 5.708223 0.773766
v 0.727280 5.737703 0.824265
v 0.708279 5.751653 0.767761
v 0.695080 6.213174 -1.339134
v 0.682178 6.272224 -1.405136
v 0.686180 6.185894 -1.352837
v 0.679680 6.309584 -1.376633
v 0.681480 5.987953 -1.294632
v 0.681480 5.987953 -1.294632
v 0.717579 6.155754 -1.411232
v 0.674179 5.790933 -1.235435
v 0.721779 5.768523 -1.313736
v 0.708279 5.751653 -1.284637
v 0.710682 5.687493 -1.278831
v 0.708279 5.751653 -1.284637
v 0.716080 5.708223 -1.290634
v 0.716080 5.708223 -1.290634
v 0.727280 5.737703 -1.341133
v 0.865879 6.948494 -1.351234
v 0.922482 6.996764 -1.282639
v 0.928478 6.998304 -1.298439
v 0.704479 5.046023 0.064468
v 0.733978 5.288553 0.312965
v 0.704479 5.046023 -0.581337
v 0.752979 4.966623 -0.647438
v 0.442181 6.841244 0.576767
v 0.507278 6.790583 0.632767
v 0.466679 6.800683 0.652664
v 0.537781 6.788503 0.724266
v 0.490379 6.797623 0.727966
v 0.466679 6.800683 0.652664
v 0.507278 6.790584 -1.149635
v 0.442181 6.841244 -1.093636
v 0.466679 6.800684 -1.169632
v 0.490379 6.797624 -1.244934
v 0.466679 6.800684 -1.169632
v 0.537781 6.788504 -1.241234
v 0.702782 7.249913 1.231865
v 0.703781 7.251914 1.233963
v 0.455379 7.042504 0.317963
v 0.418579 6.995834 0.372063
v 0.443180 6.986954 0.355064
v 0.440681 7.054304 0.332161
v 0.697380 7.223064 -1.771332
v 0.702782 7.249914 -1.748734
v 0.703781 7.251914 -1.750832
v 0.455379 7.042504 -0.834839
v 0.443180 6.986954 -0.871933
v 0.418579 6.995834 -0.888939
v 0.440681 7.054304 -0.849037
v 0.888382 6.858284 0.891464
v 0.907379 6.915673 0.850761
v 0.888680 6.884203 0.918167
v 0.377880 6.948704 0.332268
v 0.378582 6.897884 0.418663
v 0.387981 6.978004 0.361267
v 0.374081 6.862654 0.384262
v 0.888680 6.884204 -1.435135
v 0.907379 6.915674 -1.367737
v 0.888382 6.858284 -1.408333
v 0.904781 6.935554 -1.381737
v 0.377880 6.948704 -0.849136
v 0.374081 6.862654 -0.901138
v 0.751480 6.666723 1.264366
v 0.732281 6.554353 1.145767
v 0.767879 6.641693 1.297768
v 0.751480 6.666724 -1.781235
v 0.732281 6.554354 -1.662636
v 0.736881 6.425494 -1.607933
v 0.732281 6.554354 -1.662636
v 0.473179 7.191174 0.244965
v 0.480980 7.188644 0.246666
v 0.476780 7.188354 0.241867
v 0.474979 7.189334 0.242363
v 0.475979 7.192564 0.251068
v 0.480480 7.190774 0.251266
v 0.478981 7.191954 0.252563
v 0.476780 7.188354 -0.758736
v 0.480980 7.188644 -0.763535
v 0.473179 7.191174 -0.761833
v 0.474979 7.189334 -0.759232
v 0.475979 7.192564 -0.767937
v 0.480480 7.190774 -0.768135
v 0.478981 7.191954 -0.769539
v 0.480480 7.190774 0.251266
v 0.474281 7.175934 0.270866
v 0.481880 7.169704 0.263565
v 0.478981 7.191954 0.252563
v 0.480480 7.190774 -0.768135
v 0.481880 7.169704 -0.780533
v 0.474281 7.175934 -0.787735
v 0.478981 7.191954 -0.769539
v 0.374081 6.862654 0.384262
v 0.388580 6.854704 0.480263
v 0.378582 6.897884 0.418663
v 0.387878 6.805584 0.451965
v 0.388580 6.854704 -0.997139
v 0.374081 6.862654 -0.901138
v 0.378582 6.897884 -0.935532
v 0.387878 6.805584 -0.968834
v 0.553581 6.768253 0.836266
v 0.570179 6.770413 0.819962
v 0.516579 6.849263 0.778465
v 0.539478 6.836133 0.845963
v 0.570179 6.770414 -1.336838
v 0.553581 6.768254 -1.353134
v 0.539478 6.836134 -1.362839
v 0.516579 6.849264 -1.295334
v 0.407780 6.754444 0.534767
v 0.423080 6.774744 0.631668
v 0.424679 6.710674 0.608566
v 0.407780 6.754444 -1.051636
v 0.423080 6.774744 -1.148537
v 0.424679 6.710674 -1.125435
v 0.471981 6.785254 0.779861
v 0.477982 6.746803 0.802567
v 0.466980 6.757323 0.733162
v 0.477982 6.746804 -1.319435
v 0.466282 6.734284 -1.255638
v 0.471981 6.785254 -1.296738
v 0.466980 6.757324 -1.250038
v 0.732079 5.684093 0.267563
v 0.768478 5.640843 0.281464
v 0.717880 5.629643 0.276962
v 0.768478 5.640843 -0.798332
v 0.732079 5.684093 -0.784431
v 0.717880 5.629643 -0.793839
v 0.570782 6.571434 0.803162
v 0.555779 6.616503 0.834663
v 0.570782 6.571434 -1.320038
v 0.721779 5.768523 0.796867
v 0.790581 5.798843 0.817162
v 0.789478 5.766933 -1.359138
v 0.721779 5.768523 -1.313736
v 0.790581 5.798843 -1.334137
v 0.727280 5.737703 -1.341133
v 0.944981 6.997573 0.753868
v 0.922482 6.996763 0.765762
v 0.951180 7.001613 0.758568
v 0.944981 6.997574 -1.270737
v 0.928478 6.998304 -1.298439
v 0.951180 7.001614 -1.275436
v 0.679680 6.309583 0.859665
v 0.697979 6.360213 0.921463
v 0.686481 6.406974 -1.404839
v 0.697979 6.360214 -1.438332
v 0.679680 6.309584 -1.376633
v 0.466282 6.734283 0.738762
v 0.439579 6.750364 -1.181633
v 0.466282 6.734284 -1.255638
v 0.477982 6.746803 0.802567
v 0.387878 6.805584 0.451965
v 0.466282 6.734284 -1.255638
v 0.387878 6.805584 -0.968834
v 0.794079 5.690623 0.243568
v 0.768478 5.640843 0.281464
v 0.808281 5.623463 0.245865
v 0.794079 5.690623 -0.760536
v 0.808281 5.623463 -0.762833
v 0.768478 5.640843 -0.798332
v 0.374882 7.085903 0.903069
v 0.374882 7.085904 -1.419937
v 0.313881 7.133974 -1.432137
v 0.534981 6.363343 1.249763
v 0.525280 6.410013 1.245468
v 0.534679 6.363683 1.238663
v 0.523979 6.410373 1.241768
v 0.846481 6.667043 1.246368
v 0.855679 6.533154 1.163765
v 0.860279 6.609473 1.132866
v 0.851582 6.553803 1.119064
v 0.534679 6.363684 -1.755539
v 0.523979 6.410374 -1.758636
v 0.846481 6.667044 -1.763237
v 0.860279 6.609474 -1.649734
v 0.851582 6.553804 -1.635933
v 0.860279 5.463673 0.454567
v 0.858582 5.652194 0.623764
v 0.841282 5.642223 0.738068
v 0.841282 5.642223 0.738068
v 0.841282 5.713533 0.762161
v 0.845181 5.759723 0.746567
v 0.855679 5.802573 0.678665
v 0.836681 5.743683 0.807861
v 0.842381 5.776903 0.778366
v 0.855679 5.802573 0.678665
v 0.848980 5.999653 0.741264
v 0.844479 6.202623 0.803566
v 0.481880 7.169704 0.263565
v 0.481880 7.169704 0.263565
v 0.455379 7.042504 0.317963
v 0.474281 7.175934 0.270866
v 0.480980 7.188644 0.246666
v 0.480480 7.190774 0.251266
v 0.483082 7.164364 0.252167
v 0.841282 5.642223 -1.254936
v 0.858582 5.652194 -1.140633
v 0.860279 5.463673 -0.971436
v 0.841282 5.713533 -1.279037
v 0.845181 5.759723 -1.263435
v 0.855679 5.802573 -1.195534
v 0.855679 5.802573 -1.195534
v 0.848980 5.976264 -1.331238
v 0.848980 5.999653 -1.258133
v 0.848980 5.999653 -1.258133
v 0.844479 6.202624 -1.320435
v 0.481880 7.169704 -0.780533
v 0.481880 7.169704 -0.780533
v 0.455379 7.042504 -0.834839
v 0.440681 7.054304 -0.849037
v 0.474281 7.175934 -0.787735
v 0.480980 7.188644 -0.763535
v 0.480480 7.190774 -0.768135
v 0.483082 7.164364 -0.769035
v 0.872478 6.810133 0.921661
v 0.888382 6.858284 0.891464
v 0.876678 6.839063 0.955162
v 0.888680 6.884203 0.918167
v 0.876678 6.839064 -1.472038
v 0.872478 6.810134 -1.438538
v 0.799679 6.636404 1.139763
v 0.756279 6.618114 1.116364
v 0.799679 6.636404 -1.656631
v 0.756279 6.618114 -1.633232
v 0.531181 6.410783 1.249168
v 0.533379 6.413193 1.238968
v 0.525280 6.410013 1.245468
v 0.529179 6.412333 1.237968
v 0.523979 6.410373 1.241768
v 0.765480 6.437023 0.868568
v 0.704281 6.429493 0.887764
v 0.718281 6.422643 0.905663
v 0.774979 6.436503 0.888664
v 0.525280 6.410014 -1.762337
v 0.533379 6.413194 -1.755836
v 0.531181 6.410784 -1.766037
v 0.529179 6.412334 -1.754837
v 0.523979 6.410374 -1.758636
v 0.774979 6.436504 -1.405533
v 0.718281 6.422644 -1.422539
v 0.754879 5.797963 0.302666
v 0.753681 5.792994 0.306564
v 0.753681 5.792994 -0.823532
v 0.754879 5.797963 -0.819534
v 0.740082 7.151933 1.297264
v 0.738781 7.164183 1.312668
v 0.740082 7.151934 -1.814133
v 0.738781 7.164184 -1.829636
v 0.695080 6.410984 0.890068
v 0.686481 6.406973 0.887863
v 0.718281 6.422643 0.905663
v 0.752682 6.430343 0.922966
v 0.695080 6.410984 -1.407036
v 0.712582 6.409324 -1.459732
v 0.686481 6.406974 -1.404839
v 0.718281 6.422644 -1.422539
v 0.752682 6.430344 -1.439835
v 0.834080 5.686893 0.914566
v 0.834080 5.751513 0.903862
v 0.783081 5.828663 1.036064
v 0.834080 5.686893 -1.431435
v 0.834080 5.751513 -1.420738
v 0.834080 5.751513 -1.420738
v 0.783081 5.828663 -1.552933
v 0.848282 6.294424 0.857262
v 0.843681 6.328983 0.981163
v 0.843681 6.378694 0.927963
v 0.848282 6.294424 -1.374237
v 0.843681 6.378694 -1.444832
v 0.379181 6.973403 0.896568
v 0.416382 6.886103 0.855865
v 0.423382 6.884413 0.885765
v 0.385880 6.971593 0.929161
v 0.416382 6.886104 -1.372833
v 0.379181 6.973404 -1.413437
v 0.423382 6.884414 -1.402733
v 0.949280 5.001963 0.101166
v 0.949280 5.090083 0.027763
v 0.903679 5.319103 0.287567
v 0.903679 5.319103 0.287567
v 0.878979 5.401403 0.382668
v 0.878979 5.343753 0.439468
v 0.808281 5.623463 0.245865
v 0.767479 5.569103 0.318466
v 0.808979 5.544333 0.276665
v 0.949280 5.090083 -0.544632
v 0.949280 5.001963 -0.618034
v 0.903679 5.319103 -0.804436
v 0.903679 5.319103 -0.804436
v 0.878979 5.401403 -0.899536
v 0.808281 5.623463 -0.762833
v 0.808979 5.544333 -0.793533
v 0.767479 5.569103 -0.835335
v 0.768478 5.640843 -0.798332
v 0.481880 6.834814 0.552765
v 0.523079 6.778844 0.601166
v 0.501781 6.813474 0.522865
v 0.507278 6.790583 0.632767
v 0.197079 7.185673 0.915565
v 0.188179 7.191343 0.929268
v 0.523079 6.778844 -1.118034
v 0.481880 6.834814 -1.069633
v 0.501781 6.813474 -1.039833
v 0.507278 6.790584 -1.149635
v 0.197079 7.185674 -1.432434
v 0.193481 7.194844 -1.452133
v 0.188179 7.191344 -1.446236
v 0.848282 6.250043 0.919266
v 0.848282 6.294424 0.857262
v 0.854179 6.621003 1.071564
v 0.851582 6.553803 1.119064
v 0.848881 6.529674 1.001663
v 0.854179 6.621004 -1.588432
v 0.848881 6.529674 -1.518532
v 0.851582 6.553804 -1.635933
v 0.848881 6.529674 1.001663
v 0.848881 6.529674 -1.518532
v 0.848179 6.443184 -1.588135
v 0.843681 6.378694 0.927963
v 0.848881 6.529674 1.001663
v 0.740280 5.657103 0.919464
v 0.710682 5.687493 0.761864
v 0.717979 5.703503 0.911766
v 0.728882 5.751623 0.903862
v 0.680679 5.806943 1.079063
v 0.683281 5.832383 1.050568
v 0.843681 6.378694 -1.444832
v 0.848881 6.529674 -1.518532
v 0.717979 5.703503 -1.428734
v 0.717979 5.703503 -1.428734
v 0.680679 5.806943 -1.596039
v 0.728882 5.751623 -1.420738
v 0.683281 5.832383 -1.567436
v 0.860279 5.463673 0.454567
v 0.860279 5.408643 0.515968
v 0.501781 6.813474 0.522865
v 0.456879 6.882384 0.469963
v 0.475979 6.858574 0.438568
v 0.501781 6.813474 -1.039833
v 0.456879 6.882384 -0.986832
v 0.475979 6.858574 -0.955536
v 0.481880 6.834814 -1.069633
v 0.778381 6.670203 1.029266
v 0.787182 6.764503 0.949463
v 0.768478 6.650603 0.996063
v 0.796478 6.781774 0.987862
v 0.867081 6.777353 0.992668
v 0.861481 6.757463 0.949066
v 0.876678 6.839063 0.955162
v 0.787182 6.764504 -1.466331
v 0.796478 6.781774 -1.504738
v 0.768478 6.650604 -1.513039
v 0.872478 6.810134 -1.438538
v 0.861481 6.757464 -1.465935
v 0.867081 6.777354 -1.509537
v 0.876678 6.839064 -1.472038
v 0.490379 6.797623 0.727966
v 0.471981 6.785254 0.779861
v 0.490379 6.797624 -1.244934
v 0.471981 6.785254 -1.296738
v 0.466980 6.757324 -1.250038
v 0.587379 6.484473 0.772766
v 0.663979 6.385004 0.773361
v 0.637981 6.397023 0.816261
v 0.637981 6.397023 0.816261
v 0.613682 6.473943 0.732368
v 0.601181 6.505444 0.831268
v 0.587379 6.484474 -1.289734
v 0.637981 6.397024 -1.333138
v 0.663979 6.385004 -1.290337
v 0.613682 6.473944 -1.249336
v 0.587379 6.484474 -1.289734
v 0.601181 6.505444 -1.348137
v 0.720280 7.223114 1.251465
v 0.709381 7.249933 1.231064
v 0.720280 7.223114 -1.768333
v 0.709381 7.249934 -1.747932
v 0.718979 7.230024 -1.776138
v 0.456879 6.882384 0.469963
v 0.457981 6.889794 0.391068
v 0.865879 6.948493 0.834366
v 0.865879 6.948493 0.834366
v 0.921680 6.982503 0.757568
v 0.457981 6.889794 -0.907936
v 0.740082 7.151933 1.297264
v 0.715580 6.509123 0.759163
v 0.772079 6.424033 0.803963
v 0.708080 6.527833 0.804565
v 0.715580 6.509124 -1.276031
v 0.772079 6.424034 -1.320839
v 0.708080 6.527834 -1.321434
v 0.767879 6.641693 1.297768
v 0.727879 6.752033 1.325966
v 0.751480 6.666723 1.264366
v 0.713779 6.846093 1.362465
v 0.713779 6.846093 1.362465
v 0.721378 6.918993 1.412766
v 0.711681 6.922713 1.372963
v 0.699680 7.041973 1.344666
v 0.699680 7.041973 1.344666
v 0.706581 7.144323 1.289963
v 0.719379 7.027874 1.318466
v 0.696980 7.154693 1.303665
v 0.727879 6.752034 -1.842934
v 0.767879 6.641694 -1.814636
v 0.713779 6.846094 -1.879333
v 0.713779 6.846094 -1.879333
v 0.723480 6.838174 -1.920036
v 0.721378 6.918994 -1.929733
v 0.711681 6.922714 -1.889832
v 0.699680 7.041974 -1.861534
v 0.699680 7.041974 -1.861534
v 0.706581 7.144324 -1.806938
v 0.719379 7.027874 -1.835335
v 0.717880 5.629643 0.276962
v 0.767479 5.569103 0.318466
v 0.452282 6.967464 0.330765
v 0.457981 6.889794 0.391068
v 0.767479 5.569103 -0.835335
v 0.717880 5.629643 -0.793839
v 0.452282 6.967464 -0.847633
v 0.443180 6.986954 -0.871933
v 0.668480 6.589233 0.740562
v 0.715580 6.509123 0.759163
v 0.650581 6.608103 0.797066
v 0.668480 6.589234 -1.257439
v 0.715580 6.509124 -1.276031
v 0.649979 6.164213 1.221169
v 0.708981 6.009423 1.173462
v 0.333481 7.037883 0.908768
v 0.341579 7.034184 0.939468
v 0.649979 6.164214 -1.738037
v 0.708981 6.009424 -1.690338
v 0.333481 7.037884 -1.425735
v 0.341579 7.034184 -1.456337
v 0.474979 7.189334 0.242363
v 0.461681 7.169034 0.241867
v 0.473179 7.191174 0.244965
v 0.474979 7.189334 -0.759232
v 0.461681 7.169034 -0.758736
v 0.851582 6.553803 1.119064
v 0.570179 6.770413 0.819962
v 0.598480 6.704003 0.755562
v 0.537781 6.788503 0.724266
v 0.650581 6.608103 0.797066
v 0.539478 6.836133 0.845963
v 0.553581 6.768253 0.836266
v 0.570179 6.770414 -1.336838
v 0.598480 6.704004 -1.272438
v 0.539478 6.836134 -1.362839
v 0.517879 6.829604 -1.384735
v 0.445282 6.836823 0.819267
v 0.444080 6.832083 0.856964
v 0.444080 6.832084 -1.373833
v 0.445282 6.836824 -1.336136
v 0.751080 5.921363 1.110962
v 0.758579 5.898673 1.152565
v 0.758579 5.898674 -1.669434
v 0.701481 6.002824 -1.743134
v 0.751080 5.921363 -1.627838
v 0.796478 6.781774 0.987862
v 0.801682 6.823864 0.911964
v 0.787182 6.764503 0.949463
v 0.808781 6.853543 0.937363
v 0.796478 6.781774 -1.504738
v 0.801682 6.823864 -1.428932
v 0.808781 6.853544 -1.454239
v 0.553879 6.726433 0.658264
v 0.550079 6.747543 0.694962
v 0.553879 6.726434 -1.175232
v 0.550079 6.747544 -1.211838
v 0.752682 6.430343 0.922966
v 0.791481 6.437753 0.919968
v 0.774979 6.436504 -1.405533
v 0.791481 6.437754 -1.436836
v 0.752682 6.430344 -1.439835
v 0.831982 5.392633 0.293564
v 0.755680 5.379073 0.305168
v 0.744579 5.512733 0.233162
v 0.831982 5.392633 -0.810532
v 0.744579 5.512733 -0.750137
v 0.755680 5.379073 -0.822037
v 0.755680 5.379073 0.305168
v 0.714481 5.531273 0.283669
v 0.744579 5.512733 0.233162
v 0.715981 5.424373 0.360466
v 0.755680 5.379073 -0.822037
v 0.714481 5.531273 -0.800636
v 0.715981 5.424373 -0.877434
v 0.744579 5.512733 -0.750137
v 0.854179 6.621003 1.071564
v 0.860279 6.609473 1.132866
v 0.860279 6.609474 -1.649734
v 0.854179 6.621004 -1.588432
v 0.748779 5.791914 0.305763
v 0.735279 5.753973 0.273666
v 0.736881 5.737763 0.288765
v 0.762981 6.628193 1.062965
v 0.778381 6.670203 1.029266
v 0.743679 6.568873 1.005463
v 0.735279 5.753973 -0.790535
v 0.736881 5.737763 -0.805634
v 0.762981 6.628194 -1.579834
v 0.778381 6.670204 -1.546135
v 0.743679 6.568874 -1.522339
v 0.462181 6.786533 0.831863
v 0.444080 6.832083 0.856964
v 0.462181 6.786534 -1.348732
v 0.445282 6.836824 -1.336136
v 0.444080 6.832084 -1.373833
v 0.792480 6.414763 0.849167
v 0.792480 6.414764 -1.366035
v 0.772079 6.424034 -1.320839
v 0.759880 5.603663 0.193764
v 0.786480 5.527303 0.241066
v 0.795479 5.612113 0.210365
v 0.786480 5.527303 -0.757935
v 0.795479 5.612113 -0.727234
v 0.759880 5.603663 -0.710732
v 0.744579 5.512733 -0.750137
v 0.754879 5.797963 0.302666
v 0.751579 5.798413 0.300964
v 0.750679 5.797033 0.301865
v 0.754581 5.798323 0.302162
v 0.753681 5.792994 0.306564
v 0.754879 5.797963 0.302666
v 0.754879 5.797963 -0.819534
v 0.751579 5.798413 -0.817833
v 0.754581 5.798323 -0.819038
v 0.750679 5.797033 -0.818832
v 0.750679 5.797033 -0.818832
v 0.753681 5.792994 -0.823532
v 0.748779 5.791914 -0.822632
v 0.374882 7.085904 -1.419937
v 0.385681 7.083034 -1.456635
v 0.442680 6.994234 -1.396538
v 0.442680 6.994233 0.879662
v 0.697979 6.360213 0.921463
v 0.679680 6.309583 0.859665
v 0.687481 6.353833 0.954567
v 0.697979 6.360214 -1.438332
v 0.682178 6.272224 -1.405136
v 0.679680 6.309584 -1.376633
v 0.687481 6.353834 -1.471436
v 0.461681 7.169034 0.241867
v 0.416481 7.041614 0.275864
v 0.461681 7.169034 -0.758736
v 0.455879 7.175144 -0.767433
v 0.416481 7.041614 -0.792732
v 0.457882 7.032494 0.295761
v 0.443180 6.986954 0.355064
v 0.455379 7.042504 0.317963
v 0.457882 7.032494 -0.812637
v 0.455379 7.042504 -0.834839
v 0.717880 5.629643 0.276962
v 0.718979 5.551453 0.336166
v 0.717880 5.629643 -0.793839
v 0.718979 5.551453 -0.853035
v 0.783081 5.828663 -1.552933
v 0.815479 6.686523 1.224564
v 0.860279 6.609473 1.132866
v 0.860279 6.609473 1.132866
v 0.801079 6.643513 1.085861
v 0.854179 6.621003 1.071564
v 0.815479 6.686524 -1.741432
v 0.860279 6.609474 -1.649734
v 0.860279 6.609474 -1.649734
v 0.854179 6.621004 -1.588432
v 0.786480 5.527303 0.241066
v 0.840179 5.437533 0.346466
v 0.831982 5.392633 0.293564
v 0.808979 5.544333 0.276665
v 0.808979 5.544333 0.276665
v 0.808281 5.623463 0.245865
v 0.786480 5.527303 0.241066
v 0.786480 5.527303 -0.757935
v 0.831982 5.392633 -0.810532
v 0.840179 5.437533 -0.863335
v 0.795479 5.612113 -0.727234
v 0.808281 5.623463 -0.762833
v 0.786480 5.527303 -0.757935
v 0.743679 6.568873 1.005463
v 0.736778 6.500844 0.988968
v 0.737782 6.520333 1.057663
v 0.743679 6.568874 -1.522339
v 0.737782 6.520334 -1.574638
v 0.736778 6.500844 -1.505836
v 0.821178 6.396513 0.893066
v 0.791481 6.437753 0.919968
v 0.843681 6.378694 -1.444832
v 0.791481 6.437754 -1.436836
v 0.821178 6.396514 -1.410034
v 0.471981 6.785254 0.779861
v 0.462181 6.786533 0.831863
v 0.445282 6.836823 0.819267
v 0.951679 6.998823 0.760567
v 0.953381 6.994783 0.756561
v 0.951180 7.001613 0.758568
v 0.949081 6.992973 0.750465
v 0.944981 6.997573 0.753868
v 0.947281 6.995224 0.750061
v 0.821178 6.396513 0.893066
v 0.794479 6.420804 0.887863
v 0.944981 6.997574 -1.270737
v 0.949081 6.992974 -1.267334
v 0.951180 7.001614 -1.275436
v 0.947281 6.995224 -1.266937
v 0.953381 6.994784 -1.273537
v 0.951679 6.998824 -1.277435
v 0.821178 6.396514 -1.410034
v 0.794479 6.420804 -1.404732
v 0.732079 5.684093 0.267563
v 0.734379 5.682083 0.234665
v 0.736881 5.737763 0.288765
v 0.735279 5.753973 -0.790535
v 0.732079 5.684093 -0.784431
v 0.734379 5.682083 -0.751633
v 0.297180 7.078873 0.938065
v 0.296982 7.081604 0.910767
v 0.333481 7.037884 -1.425735
v 0.297180 7.078874 -1.454933
v 0.341579 7.034184 -1.456337
v 0.296982 7.081604 -1.427635
v 0.849979 6.634473 0.984962
v 0.849979 6.634473 0.984962
v 0.854279 6.661294 1.028564
v 0.867081 6.777353 0.992668
v 0.848881 6.529674 1.001663
v 0.803478 6.624533 0.960861
v 0.849979 6.634474 -1.501839
v 0.849979 6.634474 -1.501839
v 0.848881 6.529674 -1.518532
v 0.854279 6.661294 -1.545433
v 0.803478 6.624534 -1.477737
v 0.492279 6.906293 0.831268
v 0.504082 6.911613 0.875862
v 0.504082 6.911614 -1.392738
v 0.442680 6.994234 -1.396538
v 0.492279 6.906294 -1.348236
v 0.762981 6.628194 -1.579834
v 0.728882 6.570914 -1.623032
v 0.731979 6.571594 -1.578133
v 0.756279 6.618114 -1.633232
v 0.728882 6.570913 1.106064
v 0.762981 6.628193 1.062965
v 0.731979 6.571593 1.061264
v 0.756279 6.618114 1.116364
v 0.762981 6.628193 1.062965
v 0.504082 6.911613 0.875862
v 0.516579 6.849263 0.778465
v 0.539478 6.836134 -1.362839
v 0.504082 6.911614 -1.392738
v 0.888981 6.909483 0.825363
v 0.907379 6.915673 0.850761
v 0.933380 6.968323 0.759766
v 0.904781 6.935554 0.864761
v 0.888981 6.909484 -1.342232
v 0.945179 6.973214 -1.293335
v 0.933380 6.968324 -1.276634
v 0.907379 6.915674 -1.367737
v 0.794479 6.420804 0.887863
v 0.792480 6.414763 0.849167
v 0.774979 6.436503 0.888664
v 0.792480 6.414764 -1.366035
v 0.794479 6.420804 -1.404732
v 0.774979 6.436504 -1.405533
v 0.732281 6.554353 1.145767
v 0.728882 6.570913 1.106064
v 0.774479 6.686634 1.231567
v 0.728882 6.570914 -1.623032
v 0.732281 6.554354 -1.662636
v 0.774479 6.686634 -1.748535
v 0.603580 6.270263 1.237862
v 0.649979 6.164213 1.221169
v 0.603580 6.270264 -1.754738
v 0.731979 6.571593 1.061264
v 0.737782 6.520333 1.057663
v 0.731979 6.571594 -1.578133
v 0.724079 5.615773 0.230766
v 0.714481 5.531273 0.283669
v 0.759880 5.603663 0.193764
v 0.724079 5.615773 -0.747635
v 0.759880 5.603663 -0.710732
v 0.831982 5.392633 0.293564
v 0.744579 5.512733 0.233162
v 0.602280 6.674583 0.712761
v 0.550079 6.747543 0.694962
v 0.598480 6.704003 0.755562
v 0.744579 5.512733 -0.750137
v 0.831982 5.392633 -0.810532
v 0.602280 6.674584 -1.229637
v 0.550079 6.747544 -1.211838
v 0.455379 7.042504 0.317963
v 0.483082 7.164364 0.252167
v 0.457882 7.032494 0.295761
v 0.455379 7.042504 -0.834839
v 0.881279 6.953794 -1.375435
v 0.865879 6.948494 -1.351234
v 0.921680 6.982504 -1.274437
v 0.870480 6.929044 -1.338737
v 0.377880 6.948704 0.332268
v 0.416481 7.041614 0.275864
v 0.399281 6.936284 0.312866
v 0.377880 6.948704 -0.849136
v 0.399281 6.936284 -0.829735
v 0.794079 5.690623 0.243568
v 0.808281 5.623463 0.245865
v 0.783482 5.687473 0.218765
v 0.783482 5.687473 -0.735634
v 0.808281 5.623463 -0.762833
v 0.794079 5.690623 -0.760536
v 0.826580 6.867523 0.877663
v 0.801682 6.823864 0.911964
v 0.826580 6.867524 -1.394539
v 0.794079 5.507743 0.382263
v 0.721081 5.494683 0.393364
v 0.794079 5.507743 -0.899132
v 0.718979 5.551453 -0.853035
v 0.721081 5.494683 -0.910233
v 0.655880 5.900853 1.117867
v 0.680679 5.806943 1.079063
v 0.683281 5.832383 1.050568
v 0.655880 5.900853 -1.634735
v 0.716080 5.708223 0.773766
v 0.732281 6.554353 1.145767
v 0.737782 6.520333 1.057663
v 0.736778 6.500844 0.988968
v 0.637981 6.397023 0.816261
v 0.700581 6.296063 0.801064
v 0.679680 6.309583 0.859665
v 0.728882 5.751623 -1.420738
v 0.716080 5.708223 -1.290634
v 0.728882 6.570914 -1.623032
v 0.736778 6.500844 -1.505836
v 0.537781 6.788504 -1.241234
v 0.700581 6.296064 -1.317932
v 0.663979 6.385004 -1.290337
v 0.794079 5.507743 0.382263
v 0.815578 5.467253 0.382568
v 0.815578 5.467253 0.382568
v 0.824081 5.476793 0.424065
v 0.799580 5.509393 0.425865
v 0.808979 5.544333 -0.793533
v 0.840179 5.437533 -0.863335
v 0.794079 5.507743 -0.899132
v 0.815578 5.467253 -0.899437
v 0.824081 5.476793 -0.940933
v 0.799580 5.509393 -0.942734
v 0.792480 6.414763 0.849167
v 0.816978 6.324713 0.818665
v 0.816978 6.324714 -1.335533
v 0.791481 6.437753 0.919968
v 0.469582 6.854923 0.782265
v 0.490379 6.797623 0.727966
v 0.717880 5.629643 0.276962
v 0.724079 5.615773 0.230766
v 0.732079 5.684093 0.267563
v 0.469582 6.854924 -1.299232
v 0.471981 6.785254 -1.296738
v 0.490379 6.797624 -1.244934
v 0.717880 5.629643 -0.793839
v 0.734379 5.682083 -0.751633
v 0.724079 5.615773 -0.747635
v 0.674179 5.790933 0.718567
v 0.708080 5.669793 0.593765
v 0.710079 5.811903 0.646667
v 0.714680 6.009023 0.711868
v 0.710079 5.811903 0.646667
v 0.709579 6.209273 0.785065
v 0.695080 6.213173 0.822266
v 0.717579 6.155753 0.894363
v 0.716080 6.230443 0.942062
v 0.708080 5.669793 -1.110733
v 0.710079 5.811903 -1.163536
v 0.674179 5.790933 -1.235435
v 0.670979 5.630233 -1.177933
v 0.714680 6.009024 -1.228836
v 0.710079 5.811903 -1.163536
v 0.714680 6.009024 -1.228836
v 0.709579 6.209274 -1.301933
v 0.695080 6.213174 -1.339134
v 0.682178 6.272224 -1.405136
v 0.720181 6.305814 -1.515633
v 0.188179 7.191343 0.929268
v 0.196682 7.175744 0.920868
v 0.187778 7.182014 0.934166
v 0.197079 7.185673 0.915565
v 0.196682 7.175744 -1.437836
v 0.188179 7.191344 -1.446236
v 0.187778 7.182014 -1.451035
v 0.197079 7.185674 -1.432434
v 0.190781 7.174674 -1.449135
v 0.712582 6.409323 0.942863
v 0.708679 6.466363 1.049866
v 0.712582 6.409324 -1.459732
v 0.712582 6.409323 0.942863
v 0.697979 6.360213 0.921463
v 0.712582 6.409324 -1.459732
v 0.697979 6.360214 -1.438332
v 0.774979 6.436503 0.888664
v 0.816978 6.324713 0.818665
v 0.848282 6.294424 0.857262
v 0.843681 6.378694 0.927963
v 0.816978 6.324713 0.818665
v 0.848282 6.294424 -1.374237
v 0.843681 6.378694 -1.444832
v 0.461681 7.169034 0.241867
v 0.476780 7.188354 0.241867
v 0.471882 7.163574 0.239067
v 0.474979 7.189334 0.242363
v 0.461681 7.169034 -0.758736
v 0.476780 7.188354 -0.758736
v 0.474979 7.189334 -0.759232
v 0.471882 7.163574 -0.755936
v 0.621780 5.959363 1.192062
v 0.594479 6.151283 1.220268
v 0.634579 5.968053 1.158768
v 0.587379 6.150143 1.244263
v 0.587379 6.150143 1.244263
v 0.566681 6.261593 1.240265
v 0.594479 6.151283 1.220268
v 0.621780 5.959363 -1.708939
v 0.594479 6.151284 -1.737137
v 0.587379 6.150144 -1.761238
v 0.587379 6.150144 -1.761238
v 0.634579 5.968053 -1.675636
v 0.566681 6.261594 -1.757133
v 0.564880 6.261004 -1.773933
v 0.399281 6.936284 0.312866
v 0.401981 6.849304 0.363861
v 0.377880 6.948704 -0.849136
v 0.401981 6.849304 -0.880836
v 0.754581 5.798323 0.302162
v 0.754879 5.797963 0.302666
v 0.762081 5.771663 0.267464
v 0.754879 5.797963 -0.819534
v 0.754581 5.798323 -0.819038
v 0.762081 5.771663 -0.784431
v 0.715981 5.424373 0.360466
v 0.755680 5.379073 0.305168
v 0.733978 5.288553 0.312965
v 0.704880 5.372573 -0.927933
v 0.755680 5.379073 -0.822037
v 0.715981 5.424373 -0.877434
v 0.733978 5.288553 -0.829834
v 0.442181 6.742474 0.506966
v 0.464378 6.696444 0.577164
v 0.464378 6.696444 0.577164
v 0.407780 6.754444 0.534767
v 0.419682 6.793994 0.425468
v 0.491581 6.659613 0.629463
v 0.407780 6.754444 -1.051636
v 0.464378 6.696444 -1.094032
v 0.442181 6.742474 -1.023834
v 0.424679 6.710674 -1.125435
v 0.407780 6.754444 -1.051636
v 0.419682 6.793994 -0.942337
v 0.424679 6.710674 -1.125435
v 0.491581 6.659614 -1.146439
v 0.655880 5.900853 1.117867
v 0.651180 5.882063 -1.664032
v 0.552479 6.540184 0.751167
v 0.613682 6.473943 0.732368
v 0.578781 6.538013 0.712166
v 0.552479 6.540184 -1.268036
v 0.613682 6.473944 -1.249336
v 0.578781 6.538014 -1.229134
v 0.721081 5.494683 0.393364
v 0.715981 5.424373 0.360466
v 0.719479 5.451923 0.393166
v 0.718979 5.551453 0.336166
v 0.707581 5.459133 0.442566
v 0.720280 5.496654 0.439064
v 0.720280 5.496654 0.439064
v 0.717880 5.629643 0.276962
v 0.714481 5.531273 0.283669
v 0.682880 5.436153 0.485268
v 0.707581 5.459133 0.442566
v 0.704880 5.372573 0.411064
v 0.715981 5.424373 0.360466
v 0.721081 5.494683 -0.910233
v 0.718979 5.551453 -0.853035
v 0.715981 5.424373 -0.877434
v 0.719479 5.451923 -0.910034
v 0.717880 5.629643 -0.793839
v 0.724079 5.615773 -0.747635
v 0.707581 5.459133 -0.959435
v 0.707581 5.459133 -0.959435
v 0.720280 5.496654 -0.956032
v 0.720280 5.496654 -0.956032
v 0.715981 5.424373 -0.877434
v 0.707581 5.459133 -0.959435
v 0.670979 5.630233 -1.177933
v 0.401981 6.849304 0.363861
v 0.419682 6.793994 0.425468
v 0.419682 6.793994 -0.942337
v 0.387878 6.805584 -0.968834
v 0.524780 6.616354 0.666962
v 0.491581 6.659613 0.629463
v 0.524780 6.616354 -1.183838
v 0.815479 6.686523 1.224564
v 0.798279 6.754933 1.287064
v 0.824680 6.746133 1.321861
v 0.824680 6.746134 -1.838737
v 0.798279 6.754934 -1.803932
v 0.700581 6.296063 0.801064
v 0.695080 6.213173 0.822266
v 0.679680 6.309583 0.859665
v 0.700581 6.296064 -1.317932
v 0.679680 6.309584 -1.376633
v 0.668480 6.589233 0.740562
v 0.635880 6.556473 0.704964
v 0.670280 6.485353 0.727066
v 0.762081 5.771663 0.267464
v 0.794079 5.690623 0.243568
v 0.635880 6.556474 -1.221832
v 0.670280 6.485354 -1.243935
v 0.794079 5.690623 -0.760536
v 0.770481 5.761833 -0.796135
v 0.565979 6.376093 1.260963
v 0.560280 6.374543 1.239365
v 0.560280 6.374544 -1.756233
v 0.565979 6.376094 -1.777832
v 0.603580 6.270264 -1.754738
v 0.704380 7.248323 1.229866
v 0.702782 7.249913 1.231865
v 0.703781 7.251914 1.233963
v 0.706581 7.252803 1.234566
v 0.707378 7.248333 1.229568
v 0.709080 7.251924 1.233261
v 0.709381 7.249933 1.231064
v 0.695080 6.213173 0.822266
v 0.709579 6.209273 0.785065
v 0.704380 7.248324 -1.746834
v 0.706581 7.252804 -1.751434
v 0.703781 7.251914 -1.750832
v 0.702782 7.249914 -1.748734
v 0.707378 7.248334 -1.746437
v 0.709080 7.251924 -1.750137
v 0.709381 7.249934 -1.747932
v 0.709579 6.209274 -1.301933
v 0.700581 6.296064 -1.317932
v 0.695080 6.213174 -1.339134
v 0.393879 6.982673 0.861961
v 0.444580 6.897604 0.812561
v 0.393879 6.982674 -1.378838
v 0.444580 6.897604 -1.329536
v 0.379181 6.973404 -1.413437
v 0.870480 6.929043 0.821861
v 0.826580 6.867523 0.877663
v 0.826580 6.867524 -1.394539
v 0.508781 6.730754 0.576668
v 0.501781 6.813474 0.522865
v 0.487980 6.771644 0.501366
v 0.751579 5.798413 0.300964
v 0.746281 5.772163 0.261467
v 0.750679 5.797033 0.301865
v 0.508781 6.730754 -1.093636
v 0.501781 6.813474 -1.039833
v 0.487980 6.771644 -1.018234
v 0.523079 6.778844 -1.118034
v 0.746281 5.772163 -0.778336
v 0.751579 5.798413 -0.817833
v 0.750679 5.797033 -0.818832
v 0.444580 6.897604 0.812561
v 0.416382 6.886103 0.855865
v 0.953381 6.994783 0.756561
v 0.933380 6.968323 0.759766
v 0.949081 6.992973 0.750465
v 0.933380 6.968324 -1.276634
v 0.949081 6.992974 -1.267334
v 0.945179 6.973214 -1.293335
v 0.462582 6.820234 0.419266
v 0.475979 6.858574 0.438568
v 0.462582 6.820234 -0.936134
v 0.475979 6.858574 -0.955536
v 0.196682 7.175744 0.920868
v 0.200378 7.161974 -1.451538
v 0.196682 7.175744 -1.437836
v 0.724079 5.615773 0.230766
v 0.757782 5.682404 0.207466
v 0.759880 5.603663 0.193764
v 0.757782 5.682404 -0.724434
v 0.734379 5.682083 -0.751633
v 0.759880 5.603663 -0.710732
v 0.490379 6.797623 0.727966
v 0.469582 6.854923 0.782265
v 0.537781 6.788503 0.724266
v 0.490379 6.797624 -1.244934
v 0.469582 6.854924 -1.299232
v 0.471882 7.163574 0.239067
v 0.436279 7.031214 0.270363
v 0.416481 7.041614 -0.792732
v 0.471882 7.163574 -0.755936
v 0.436279 7.031214 -0.787239
v 0.757782 5.682404 0.207466
v 0.795479 5.612113 0.210365
v 0.783482 5.687473 0.218765
v 0.757782 5.682404 -0.724434
v 0.795479 5.612113 -0.727234
v 0.783482 5.687473 -0.735634
v 0.759880 5.603663 -0.710732
v 0.444580 6.897604 0.812561
v 0.516579 6.849264 -1.295334
v 0.444580 6.897604 -1.329536
v 0.824879 6.228014 0.795761
v 0.844479 6.202623 0.803566
v 0.824879 6.228014 -1.312637
v 0.844479 6.202624 -1.320435
v 0.816978 6.324714 -1.335533
v 0.752979 5.125413 -0.001633
v 0.733978 5.288553 0.312965
v 0.480980 7.188644 0.246666
v 0.476780 7.188354 0.241867
v 0.471882 7.163574 0.239067
v 0.752979 5.125413 -0.515236
v 0.755680 5.379073 -0.822037
v 0.483082 7.164364 -0.769035
v 0.476780 7.188354 -0.758736
v 0.471882 7.163574 -0.755936
v 0.480980 7.188644 -0.763535
v 0.508781 6.730754 0.576668
v 0.553879 6.726433 0.658264
v 0.539879 6.688904 0.624466
v 0.539879 6.688904 -1.141335
v 0.553879 6.726434 -1.175232
v 0.734379 5.682083 0.234665
v 0.746281 5.772163 0.261467
v 0.757782 5.682404 0.207466
v 0.746281 5.772163 -0.778336
v 0.757782 5.682404 -0.724434
v 0.462582 6.820234 0.419266
v 0.442982 6.862704 0.367363
v 0.475979 6.858574 0.438568
v 0.428982 6.937404 0.305367
v 0.442982 6.862704 -0.884232
v 0.462582 6.820234 -0.936134
v 0.475979 6.858574 -0.955536
v 0.457981 6.889794 -0.907936
v 0.428982 6.937404 -0.822235
v 0.452282 6.967464 -0.847633
v 0.393879 6.982674 -1.378838
v 0.339180 7.055724 -1.397835
v 0.333481 7.037884 -1.425735
v 0.379181 6.973404 -1.413437
v 0.379181 6.973403 0.896568
v 0.333481 7.037883 0.908768
v 0.393879 6.982673 0.861961
v 0.339180 7.055723 0.880966
v 0.774479 6.686634 1.231567
v 0.799679 6.636404 1.139763
v 0.799679 6.636404 -1.656631
v 0.824680 6.746133 1.321861
v 0.781479 6.847853 1.331161
v 0.807480 6.839204 -1.882332
v 0.781479 6.847854 -1.848038
v 0.302181 7.100283 0.889565
v 0.313881 7.133973 0.915268
v 0.197079 7.185673 0.915565
v 0.302181 7.100284 -1.406433
v 0.210381 7.193874 -1.448036
v 0.197079 7.185674 -1.432434
v 0.399281 6.936284 0.312866
v 0.436279 7.031214 0.270363
v 0.428982 6.937404 0.305367
v 0.416481 7.041614 0.275864
v 0.399281 6.936284 -0.829735
v 0.428982 6.937404 -0.822235
v 0.539879 6.688904 0.624466
v 0.602280 6.674583 0.712761
v 0.567982 6.637393 0.667465
v 0.539879 6.688904 -1.141335
v 0.567982 6.637394 -1.184334
v 0.602280 6.674584 -1.229637
v 0.196682 7.175744 0.920868
v 0.200378 7.161973 0.934662
v 0.190781 7.174674 0.932167
v 0.200378 7.161974 -1.451538
v 0.947281 6.995224 0.750061
v 0.921680 6.982504 -1.274437
v 0.947281 6.995224 -1.266937
v 0.539982 6.413064 1.248566
v 0.560280 6.374543 1.239365
v 0.533379 6.413193 1.238968
v 0.565979 6.376093 1.260963
v 0.539982 6.413064 -1.765434
v 0.533379 6.413194 -1.755836
v 0.565979 6.376094 -1.777832
v 0.436279 7.031214 0.270363
v 0.457882 7.032494 0.295761
v 0.436279 7.031214 -0.787239
v 0.428982 6.937404 -0.822235
v 0.444580 6.897604 0.812561
v 0.393879 6.982673 0.861961
v 0.444580 6.897604 -1.329536
v 0.393879 6.982674 -1.378838
v 0.836681 5.743683 0.807861
v 0.789280 5.783143 0.898666
v 0.865879 6.948493 0.834366
v 0.921680 6.982503 0.757568
v 0.933380 6.968323 0.759766
v 0.812279 6.528203 0.962166
v 0.848881 6.529674 1.001663
v 0.789280 5.783144 -1.415535
v 0.848881 6.529674 -1.518532
v 0.812279 6.528204 -1.479034
v 0.471882 7.163574 0.239067
v 0.457882 7.032494 0.295761
v 0.339180 7.055723 0.880966
v 0.296982 7.081604 0.910767
v 0.302181 7.100283 0.889565
v 0.296982 7.081604 -1.427635
v 0.333481 7.037884 -1.425735
v 0.302181 7.100284 -1.406433
v 0.851379 6.844443 0.874763
v 0.888981 6.909483 0.825363
v 0.851379 6.844444 -1.391739
v 0.907379 6.915674 -1.367737
v 0.888981 6.909484 -1.342232
v 0.888382 6.858284 -1.408333
v 0.602280 6.674583 0.712761
v 0.442982 6.862704 0.367363
v 0.399281 6.936284 0.312866
v 0.668480 6.589234 -1.257439
v 0.602280 6.674584 -1.229637
v 0.442982 6.862704 -0.884232
v 0.428982 6.937404 -0.822235
v 0.399281 6.936284 -0.829735
v 0.803478 6.624533 0.960861
v 0.812279 6.528204 -1.479034
v 0.487980 6.771644 0.501366
v 0.442181 6.742474 0.506966
v 0.464378 6.696444 -1.094032
v 0.442181 6.742474 -1.023834
v 0.790878 5.817083 0.628868
v 0.789280 6.014234 0.695663
v 0.790878 5.817083 -1.145737
v 0.789280 6.014234 -1.212532
v 0.789280 6.014234 0.695663
v 0.795181 6.219604 0.768364
v 0.824879 6.228014 0.795761
v 0.795181 6.219604 -1.285233
v 0.824879 6.228014 -1.312637
v 0.791580 5.679564 0.577164
v 0.858582 5.652194 0.623764
v 0.790878 5.817083 0.628868
v 0.791580 5.679564 -1.094032
v 0.858582 5.652194 -1.140633
v 0.419682 6.793994 0.425468
v 0.401981 6.849304 0.363861
v 0.419682 6.793994 -0.942337
v 0.401981 6.849304 -0.880836
v 0.757782 5.682404 0.207466
v 0.762081 5.771663 0.267464
v 0.783482 5.687473 0.218765
v 0.746281 5.772163 0.261467
v 0.762081 5.771663 -0.784431
v 0.757782 5.682404 -0.724434
v 0.746281 5.772163 -0.778336
v 0.878979 5.401403 0.382668
v 0.824081 5.476793 0.424065
v 0.824081 5.476793 -0.940933
v 0.878979 5.401403 -0.899536
v 0.860279 5.463673 -0.971436
v 0.815578 5.467253 -0.899437
v 0.840179 5.437533 -0.863335
v 0.800579 6.914474 1.377167
v 0.774681 6.918714 1.344368
v 0.807480 6.839203 1.365463
v 0.807480 6.839204 -1.882332
v 0.774681 6.918714 -1.861237
v 0.339180 7.055723 0.880966
v 0.339180 7.055724 -1.397835
v 0.775478 6.306113 0.784264
v 0.816978 6.324713 0.818665
v 0.795181 6.219604 0.768364
v 0.775478 6.306114 -1.301239
v 0.816978 6.324714 -1.335533
v 0.795181 6.219604 -1.285233
v 0.783081 5.828663 1.036064
v 0.789280 5.783143 0.898666
v 0.735481 5.847193 1.024467
v 0.834080 5.751513 0.903862
v 0.783081 5.828663 -1.552933
v 0.789280 5.783144 -1.415535
v 0.735481 5.847193 -1.541336
v 0.722881 6.392793 0.770767
v 0.772079 6.424033 0.803963
v 0.799580 5.509393 0.425865
v 0.858582 5.652194 0.623764
v 0.791580 5.679564 0.577164
v 0.824081 5.476793 0.424065
v 0.722881 6.392794 -1.287636
v 0.772079 6.424034 -1.320839
v 0.799580 5.509393 -0.942734
v 0.791580 5.679564 -1.094032
v 0.824081 5.476793 -0.940933
v 0.949280 5.090083 0.027763
v 0.861881 5.145023 -0.017937
v 0.831982 5.392633 0.293564
v 0.840179 5.437533 0.346466
v 0.831982 5.392633 -0.810532
v 0.949280 5.090083 -0.544632
v 0.861881 5.145023 -0.498932
v 0.878979 5.401403 -0.899536
v 0.736778 6.500844 0.988968
v 0.776180 6.513343 0.950966
v 0.736778 6.500844 -1.505836
v 0.776180 6.513344 -1.467834
v 0.712582 6.409324 -1.459732
v 0.751579 5.798413 0.300964
v 0.754581 5.798323 0.302162
v 0.746281 5.772163 0.261467
v 0.491581 6.659614 -1.146439
v 0.464378 6.696444 -1.094032
v 0.754581 5.798323 -0.819038
v 0.751579 5.798413 -0.817833
v 0.746281 5.772163 -0.778336
v 0.776180 6.513343 0.950966
v 0.736778 6.500844 0.988968
v 0.774380 6.556513 0.974167
v 0.774380 6.556514 -1.491035
v 0.736778 6.500844 -1.505836
v 0.816978 6.324713 0.818665
v 0.775478 6.306113 0.784264
v 0.816978 6.324714 -1.335533
v 0.775478 6.306114 -1.301239
v 0.751480 6.666723 1.264366
v 0.754879 6.756173 1.290268
v 0.774479 6.686634 1.231567
v 0.754879 6.756174 -1.807236
v 0.774479 6.686634 -1.748535
v 0.727879 6.752034 -1.842934
v 0.393879 6.982673 0.861961
v 0.393879 6.982674 -1.378838
v 0.872478 6.810133 0.921661
v 0.851379 6.844443 0.874763
v 0.888382 6.858284 0.891464
v 0.830978 6.797423 0.903564
v 0.830978 6.797424 -1.420433
v 0.702980 7.217524 1.247566
v 0.706581 7.144323 1.289963
v 0.702980 7.217524 -1.764435
v 0.706581 7.144324 -1.806938
v 0.302181 7.100283 0.889565
v 0.197079 7.185673 0.915565
v 0.196682 7.175744 -1.437836
v 0.302181 7.100284 -1.406433
v 0.197079 7.185674 -1.432434
v 0.663979 6.385004 0.773361
v 0.670280 6.485353 0.727066
v 0.722881 6.392793 0.770767
v 0.722881 6.392794 -1.287636
v 0.663979 6.385004 0.773361
v 0.635880 6.556473 0.704964
v 0.791481 6.437754 -1.436836
v 0.774380 6.556513 0.974167
v 0.743679 6.568873 1.005463
v 0.774380 6.556514 -1.491035
v 0.736778 6.500844 -1.505836
v 0.816082 6.748543 0.924965
v 0.816082 6.748544 -1.441933
v 0.635880 6.556474 -1.221832
v 0.613682 6.473944 -1.249336
v 0.670280 6.485354 -1.243935
v 0.743679 6.568873 1.005463
v 0.768478 6.650603 0.996063
v 0.768478 6.650604 -1.513039
v 0.816082 6.748543 0.924965
v 0.803478 6.624533 0.960861
v 0.787182 6.764503 0.949463
v 0.816082 6.748544 -1.441933
v 0.787182 6.764504 -1.466331
v 0.803478 6.624534 -1.477737
v 0.704380 7.248323 1.229866
v 0.702980 7.217524 1.247566
v 0.704380 7.248324 -1.746834
v 0.702980 7.217524 -1.764435
v 0.781078 7.028363 1.345963
v 0.755779 7.021924 1.318161
v 0.781078 7.028364 -1.862938
v 0.755779 7.021924 -1.835136
v 0.739281 6.849783 1.331062
v 0.713779 6.846093 1.362465
v 0.739281 6.849784 -1.848038
v 0.722881 6.392793 0.770767
v 0.700581 6.296063 0.801064
v 0.700581 6.296064 -1.317932
v 0.663979 6.385004 -1.290337
v 0.816082 6.748543 0.924965
v 0.849979 6.634473 0.984962
v 0.861481 6.757464 -1.465935
v 0.816082 6.748544 -1.441933
v 0.798279 6.754933 1.287064
v 0.754879 6.756173 1.290268
v 0.798279 6.754934 -1.803932
v 0.754879 6.756174 -1.807236
v 0.774380 6.556513 0.974167
v 0.774380 6.556514 -1.491035
v 0.735279 6.922263 1.342567
v 0.739281 6.849783 1.331062
v 0.735279 6.922264 -1.859436
v 0.711681 6.922714 -1.889832
v 0.739281 6.849784 -1.848038
v 0.735279 6.922264 -1.859436
v 0.699680 7.041974 -1.861534
v 0.710079 5.811903 0.646667
v 0.714680 6.009023 0.711868
v 0.789280 6.014234 0.695663
v 0.795181 6.219604 0.768364
v 0.789280 6.014234 -1.212532
v 0.795181 6.219604 0.768364
v 0.790878 5.817083 -1.145737
v 0.830978 6.797423 0.903564
v 0.801682 6.823864 0.911964
v 0.830978 6.797424 -1.420433
v 0.801682 6.823864 -1.428932
v 0.789280 5.783143 0.898666
v 0.789478 5.766933 0.842163
v 0.727280 5.737703 0.824265
v 0.735481 5.847193 1.024467
v 0.683281 5.832383 1.050568
v 0.789478 5.766933 -1.359138
v 0.727280 5.737703 -1.341133
v 0.735481 5.847193 -1.541336
v 0.683281 5.832383 -1.567436
v 0.725780 7.143123 1.287163
v 0.740082 7.151933 1.297264
v 0.725780 7.143124 -1.804039
v 0.740082 7.151934 -1.814133
v 0.755779 7.021924 -1.835136
v 0.752682 6.430343 0.922966
v 0.774380 6.556513 0.974167
v 0.791580 5.679564 -1.094032
v 0.933380 6.968324 -1.276634
v 0.888981 6.909484 -1.342232
v 0.888981 6.909483 0.825363
v 0.851379 6.844443 0.874763
v 0.830978 6.797423 0.903564
v 0.851379 6.844444 -1.391739
v 0.921680 6.982503 0.757568
v 0.949081 6.992973 0.750465
v 0.933380 6.968323 0.759766
v 0.947281 6.995224 0.750061
v 0.949081 6.992974 -1.267334
v 0.933380 6.968324 -1.276634
v 0.709381 7.249933 1.231064
v 0.707378 7.248333 1.229568
v 0.713482 7.217593 1.246262
v 0.707378 7.248334 -1.746437
v 0.713482 7.217594 -1.763138
v 0.861881 5.145023 -0.017937
v 0.861881 5.145023 -0.498932
v 0.755680 5.379073 -0.822037
v 0.725780 7.143123 1.287163
v 0.713482 7.217593 1.246262
v 0.534679 6.363683 1.238663
v 0.523979 6.410373 1.241768
v 0.547482 6.369403 1.231766
v 0.529179 6.412333 1.237968
v 0.523979 6.410374 -1.758636
v 0.547482 6.369404 -1.748634
v 0.529179 6.412334 -1.754837
v 0.566681 6.261593 1.240265
v 0.586479 6.266353 1.227966
v 0.534679 6.363683 1.238663
v 0.586479 6.266354 -1.744835
v 0.534679 6.363684 -1.755539
v 0.707081 5.923553 1.095062
v 0.680580 5.994673 1.144264
v 0.707081 5.923553 -1.612038
v 0.680580 5.994673 -1.661232
v 0.707081 5.923553 1.095062
v 0.708981 6.009423 1.173462
v 0.735481 5.847193 1.024467
v 0.683281 5.832383 1.050568
v 0.708981 6.009424 -1.690338
v 0.735481 5.847193 -1.541336
v 0.783081 5.828663 -1.552933
v 0.683281 5.832383 -1.567436
v 0.655880 5.900853 -1.634735
v 0.680580 5.994673 1.144264
v 0.626980 6.158393 1.204865
v 0.626980 6.158394 -1.721733
v 0.586479 6.266353 1.227966
v 0.586479 6.266354 -1.744835
v 0.594479 6.151284 -1.737137
v 0.739281 6.849783 1.331062
v 0.781479 6.847854 -1.848038
v 0.739281 6.849784 -1.848038
v 0.655880 5.900853 1.117867
v 0.603580 6.270263 1.237862
v 0.560280 6.374543 1.239365
v 0.547482 6.369403 1.231766
v 0.560280 6.374544 -1.756233
v 0.603580 6.270264 -1.754738
v 0.547482 6.369404 -1.748634
v 0.533379 6.413193 1.238968
v 0.529179 6.412333 1.237968
v 0.529179 6.412334 -1.754837
v 0.774681 6.918714 1.344368
v 0.781479 6.847853 1.331161
v 0.774681 6.918714 -1.861237
v 0.755779 7.021924 1.318161
v 0.706581 7.144323 1.289963
v 0.755779 7.021924 -1.835136
v 0.706581 7.144324 -1.806938
v 0.706581 7.144323 1.289963
v 0.702980 7.217524 1.247566
v 0.707378 7.248333 1.229568
v 0.702980 7.217524 1.247566
v 0.713482 7.217593 1.246262
v 0.702980 7.217524 -1.764435
v 0.713482 7.217594 -1.763138
vn 0.8026 0.3548 0.4795
vn -0.0079 0.0708 0.9975
vn 0.7629 0.1101 0.6371
vn 0.0628 0.4082 0.9107
vn 0.8026 0.3541 -0.4800
vn 0.7629 0.1101 -0.6371
vn -0.0078 0.0707 -0.9975
vn 0.0628 0.4082 -0.9107
vn 0.1104 0.6151 0.7807
vn -0.7329 0.2128 0.6462
vn 0.0628 0.4083 0.9107
vn -0.6941 0.3865 0.6073
vn 0.1104 0.6151 -0.7807
vn 0.0628 0.4083 -0.9107
vn -0.7329 0.2128 -0.6462
vn -0.6940 0.3865 -0.6074
vn -0.7102 0.5209 0.4735
vn 0.0945 0.7641 0.6381
vn -0.7103 0.5208 -0.4736
vn 0.0945 0.7641 -0.6381
vn -0.7563 0.0158 0.6540
vn -0.0079 0.0707 -0.9975
vn -0.7563 0.0157 -0.6540
vn -0.0394 -0.2442 0.9689
vn 0.7613 -0.0785 0.6436
vn -0.0078 0.0707 0.9975
vn 0.7613 -0.0785 -0.6436
vn -0.0394 -0.2442 -0.9689
vn 0.1894 -0.2604 0.9467
vn -0.4646 -0.6142 0.6379
vn 0.3236 -0.4263 0.8447
vn -0.5765 -0.4422 0.6871
vn 0.1893 -0.2604 -0.9467
vn -0.4646 -0.6142 -0.6379
vn -0.5765 -0.4422 -0.6871
vn 0.3237 -0.4263 -0.8447
vn -0.6488 -0.2216 0.7280
vn 0.1656 -0.0394 0.9854
vn 0.1894 -0.2603 -0.9468
vn -0.6477 -0.2291 -0.7267
vn 0.1656 -0.0394 -0.9854
vn -0.5765 -0.4423 -0.6871
vn -0.6304 -0.1340 0.7646
vn -0.6488 -0.2215 0.7280
vn -0.3853 -0.0708 0.9201
vn -0.6476 -0.2290 -0.7267
vn -0.6305 -0.1340 -0.7645
vn -0.3853 -0.0708 -0.9201
vn 0.8206 0.4656 0.3314
vn 0.8026 0.3541 0.4801
vn -0.5441 -0.6703 0.5046
vn 0.3237 -0.4263 0.8447
vn 0.8206 0.4655 -0.3314
vn -0.5441 -0.6703 -0.5047
vn -0.6476 -0.2291 -0.7267
vn 0.0710 0.2605 0.9629
vn -0.6305 -0.1339 0.7646
vn -0.5922 -0.0237 0.8054
vn 0.0710 0.2604 -0.9629
vn -0.6305 -0.1339 -0.7646
vn -0.5921 -0.0237 -0.8055
vn -0.5739 0.0472 0.8176
vn -0.1337 0.6928 0.7086
vn 0.0710 0.2604 0.9629
vn -0.5922 -0.0237 -0.8054
vn -0.5738 0.0472 -0.8176
vn -0.1338 0.6928 -0.7086
vn 0.0710 0.2605 -0.9629
vn -0.7180 0.5839 0.3788
vn 0.0711 0.8299 0.5534
vn 0.0711 0.8299 -0.5533
vn -0.7103 0.5209 -0.4735
vn -0.7180 0.5839 -0.3789
vn 0.3237 -0.4262 0.8447
vn -0.5441 -0.6703 0.5047
vn -0.3145 -0.7312 0.6054
vn -0.3145 -0.7312 -0.6054
vn -0.5441 -0.6702 -0.5047
vn 0.0236 -0.4721 0.8812
vn 0.7945 -0.1731 0.5821
vn 0.7945 -0.1731 -0.5821
vn 0.0236 -0.4721 -0.8812
vn -0.0079 0.0707 0.9975
vn -0.7789 -0.2124 0.5901
vn -0.7563 0.0157 0.6540
vn -0.7789 -0.2124 -0.5901
vn 0.0945 0.7642 0.6381
vn 0.8128 0.5287 0.2446
vn 0.8206 0.4655 -0.3315
vn 0.0946 0.7641 -0.6381
vn 0.8143 0.5297 -0.2372
vn -0.5889 -0.6203 0.5180
vn 0.2846 -0.7827 0.5535
vn -0.6701 -0.6386 0.3784
vn -0.5889 -0.6202 -0.5182
vn -0.6702 -0.6386 -0.3783
vn 0.2846 -0.7827 -0.5535
vn -0.6150 -0.6782 0.4022
vn 0.2131 -0.6869 0.6948
vn -0.5888 -0.6203 0.5182
vn 0.2280 -0.7155 0.6604
vn -0.6155 -0.5917 0.5207
vn 0.2441 -0.6535 0.7165
vn 0.0712 0.8299 0.5533
vn 0.8128 0.5287 0.2445
vn 0.7934 0.5813 0.1807
vn -0.6151 -0.6782 -0.4022
vn 0.2120 -0.6832 -0.6988
vn 0.2280 -0.7155 -0.6604
vn -0.5889 -0.6203 -0.5181
vn 0.2280 -0.7154 -0.6604
vn -0.6154 -0.5917 -0.5208
vn 0.2441 -0.6535 -0.7165
vn 0.7934 0.5813 -0.1807
vn 0.0633 0.1423 0.9878
vn 0.4635 0.7070 0.5342
vn 0.1023 0.4884 0.8666
vn 0.0632 0.1423 -0.9878
vn 0.1024 0.4884 -0.8666
vn 0.4635 0.7070 -0.5341
vn 0.2846 -0.7828 0.5534
vn -0.5888 -0.6202 0.5183
vn 0.2132 -0.6869 0.6948
vn 0.2846 -0.7827 -0.5534
vn 0.2120 -0.6831 -0.6988
vn -0.7965 0.3076 0.5205
vn -0.5994 -0.0789 0.7966
vn -0.5741 -0.0393 0.8179
vn -0.7966 0.3076 -0.5205
vn -0.5995 -0.0789 -0.7965
vn -0.7965 0.3076 -0.5205
vn -0.5741 -0.0393 -0.8179
vn 0.1655 -0.0396 0.9854
vn 0.8350 0.1261 0.5357
vn 0.8562 0.2435 0.4556
vn 0.1894 -0.2603 0.9468
vn 0.8350 0.1260 -0.5357
vn 0.1655 -0.0394 -0.9854
vn 0.8562 0.2435 -0.4557
vn 0.1894 -0.2604 -0.9468
vn -0.6061 -0.4959 0.6218
vn 0.2205 -0.6064 0.7639
vn -0.6061 -0.4959 -0.6219
vn 0.2205 -0.6064 -0.7640
vn 0.1893 -0.2603 0.9468
vn 0.9063 0.1025 0.4099
vn 0.8350 0.1260 0.5356
vn 0.9064 0.1025 -0.4099
vn 0.8350 0.1260 -0.5356
vn 0.4960 0.4409 0.7480
vn 0.5275 0.2992 0.7951
vn 0.5249 0.3134 0.7913
vn 0.4961 0.4409 0.7480
vn 0.4960 0.4409 -0.7480
vn 0.5249 0.3134 -0.7913
vn 0.5275 0.2992 -0.7951
vn 0.5511 0.3856 0.7400
vn 0.5249 0.3134 0.7914
vn 0.5275 0.2991 0.7952
vn 0.5249 0.3134 -0.7914
vn 0.5510 0.3856 -0.7400
vn 0.5511 0.3857 -0.7400
vn 0.5275 0.2991 -0.7952
vn 0.6737 0.6267 0.3916
vn 0.0632 0.1423 0.9878
vn 0.2765 0.1580 0.9479
vn 0.0632 0.1422 -0.9878
vn 0.6737 0.6267 -0.3917
vn 0.2766 0.1580 -0.9479
vn 0.4635 0.7070 -0.5342
vn -0.7315 -0.4326 0.5270
vn 0.0236 -0.4721 -0.8813
vn -0.7315 -0.4326 -0.5270
vn -0.3145 -0.7312 0.6053
vn -0.6450 -0.7159 0.2675
vn -0.3794 -0.8695 0.3162
vn -0.5440 -0.6703 0.5047
vn -0.3145 -0.7312 -0.6053
vn -0.3794 -0.8695 -0.3162
vn -0.6449 -0.7159 -0.2675
vn -0.5440 -0.6703 -0.5047
vn -0.3555 -0.3634 0.8611
vn -0.2517 -0.2989 0.9205
vn 0.2765 0.1580 0.9480
vn 0.0632 0.1422 0.9878
vn 0.4559 0.5502 0.6996
vn 0.4584 0.5532 0.6955
vn 0.2765 0.1580 -0.9480
vn -0.3554 -0.3634 -0.8612
vn -0.2517 -0.2989 -0.9205
vn 0.4559 0.5502 -0.6996
vn 0.4961 0.4409 -0.7480
vn 0.4584 0.5533 -0.6955
vn 0.1970 -0.6143 0.7641
vn 0.8656 -0.2519 0.4328
vn -0.5923 -0.0237 0.8053
vn -0.9109 -0.1492 0.3848
vn -0.9166 -0.1975 0.3477
vn 0.1970 -0.6144 -0.7640
vn 0.8656 -0.2519 -0.4328
vn -0.5923 -0.0237 -0.8053
vn -0.9109 -0.1492 -0.3847
vn -0.5739 0.0472 -0.8176
vn -0.9178 -0.1961 -0.3452
vn -0.6144 -0.1970 0.7640
vn 0.2204 0.1181 0.9682
vn 0.2133 -0.2370 0.9478
vn -0.7741 0.0395 0.6319
vn 0.2285 -0.3939 0.8903
vn 0.2133 -0.2369 0.9478
vn -0.6449 -0.3068 0.7000
vn 0.2204 0.1181 -0.9682
vn -0.6144 -0.1969 -0.7640
vn 0.2132 -0.2370 -0.9478
vn -0.7741 0.0396 -0.6318
vn 0.2285 -0.3939 -0.8903
vn -0.6144 -0.1969 -0.7641
vn -0.6449 -0.3067 -0.7000
vn 0.3919 0.6506 0.6505
vn 0.4584 0.5533 0.6955
vn 0.3852 0.6604 0.6446
vn 0.3939 0.6460 -0.6539
vn 0.4584 0.5532 -0.6955
vn 0.3852 0.6604 -0.6446
vn 0.2592 0.9502 -0.1728
vn 0.1738 0.8452 0.5055
vn 0.1024 0.4884 0.8666
vn 0.0393 0.9981 -0.0472
vn 0.2592 0.9502 0.1728
vn 0.1738 0.8452 -0.5055
vn 0.0393 0.9981 0.0471
vn -0.1340 0.6928 0.7086
vn 0.0711 0.2605 0.9628
vn 0.0474 0.8371 0.5449
vn 0.8009 0.4946 0.3375
vn 0.0711 0.2605 -0.9629
vn -0.1339 0.6928 -0.7086
vn 0.0474 0.8372 -0.5449
vn 0.8008 0.4947 -0.3376
vn 0.2847 -0.7827 0.5535
vn 0.8754 -0.2682 0.4022
vn 0.9218 -0.3072 0.2363
vn 0.8754 -0.2682 -0.4022
vn 0.2847 -0.7826 -0.5535
vn 0.9218 -0.3072 -0.2363
vn -0.0554 0.9415 0.3323
vn 0.7643 0.3703 0.5280
vn -0.0554 0.9416 0.3323
vn -0.2047 -0.3703 0.9061
vn 0.4090 -0.0079 0.9125
vn -0.2517 -0.2990 0.9205
vn -0.2048 -0.3702 -0.9061
vn -0.2516 -0.2990 -0.9205
vn 0.4090 -0.0079 -0.9125
vn 0.8906 -0.2128 0.4020
vn 0.2280 -0.7154 0.6604
vn 0.8979 -0.1969 0.3938
vn 0.8754 -0.2681 -0.4022
vn 0.8906 -0.2128 -0.4019
vn 0.8979 -0.1969 -0.3938
vn -0.6485 -0.6248 0.4349
vn -0.3554 -0.3634 0.8612
vn 0.1025 0.4884 0.8666
vn 0.1025 0.4884 -0.8666
vn -0.6485 -0.6248 -0.4348
vn 0.4713 0.2671 0.8405
vn -0.4816 -0.2606 0.8368
vn -0.2754 0.0472 0.9602
vn 0.3925 0.4238 0.8163
vn 0.4713 0.2671 -0.8405
vn -0.2753 0.0472 -0.9602
vn -0.4816 -0.2606 -0.8367
vn 0.3924 0.4239 -0.8163
vn -0.0552 0.9390 -0.3393
vn 0.7643 0.3703 -0.5279
vn 0.9469 -0.1342 -0.2920
vn 0.8975 -0.4408 -0.0157
vn 0.2207 -0.5519 0.8042
vn -0.6274 -0.4391 0.6431
vn 0.2207 -0.5518 -0.8042
vn -0.6306 -0.4414 -0.6384
vn 0.8845 -0.2211 0.4107
vn 0.2205 -0.6064 0.7640
vn 0.8845 -0.2213 -0.4107
vn 0.8978 -0.1969 -0.3938
vn 0.4967 0.0315 0.8674
vn -0.4816 -0.2605 0.8368
vn -0.3084 -0.4350 0.8459
vn 0.4967 0.0315 -0.8674
vn -0.4816 -0.2604 -0.8368
vn -0.3084 -0.4349 -0.8460
vn -0.2754 0.0473 0.9602
vn 0.1102 0.4726 0.8744
vn 0.3925 0.4239 0.8163
vn -0.3237 0.2369 0.9160
vn 0.1103 0.4726 -0.8744
vn -0.2754 0.0472 -0.9602
vn 0.3924 0.4238 -0.8163
vn -0.3237 0.2369 -0.9160
vn 0.5510 0.3858 0.7400
vn -0.0550 0.9112 0.4084
vn 0.5041 0.7560 0.4175
vn 0.5511 0.3857 0.7399
vn 0.5041 0.7560 -0.4175
vn -0.0550 0.9112 -0.4084
vn 0.5510 0.3858 -0.7400
vn 0.2049 -0.5910 0.7802
vn -0.6273 -0.4392 0.6431
vn 0.2208 -0.5519 0.8042
vn -0.6194 -0.4391 0.6508
vn 0.2049 -0.5911 0.7802
vn -0.6244 -0.4585 0.6324
vn 0.2049 -0.5910 -0.7802
vn 0.2208 -0.5519 -0.8042
vn -0.6305 -0.4414 -0.6384
vn -0.6194 -0.4391 -0.6508
vn 0.2440 -0.6535 -0.7165
vn -0.6245 -0.4585 -0.6323
vn 0.7572 0.4417 0.4812
vn 0.3381 0.9279 -0.1573
vn 0.7643 0.3704 0.5279
vn -0.0553 0.9390 -0.3394
vn 0.7605 0.4392 -0.4783
vn 0.3380 0.9279 0.1573
vn -0.6484 -0.6248 0.4349
vn -0.5740 -0.0393 0.8179
vn -0.5993 -0.0789 0.7966
vn 0.1024 0.4886 0.8665
vn 0.9288 -0.0787 0.3621
vn 0.7726 -0.2995 0.5598
vn 0.9064 0.1024 0.4098
vn -0.5741 -0.0394 -0.8179
vn -0.6484 -0.6248 -0.4349
vn -0.5994 -0.0789 -0.7966
vn 0.9288 -0.0787 -0.3621
vn 0.7726 -0.2996 -0.5598
vn -0.7242 -0.2204 0.6534
vn -0.3238 0.2369 0.9160
vn -0.2755 0.0473 0.9601
vn -0.6611 -0.0630 0.7477
vn -0.2755 0.0472 -0.9601
vn -0.3238 0.2369 -0.9160
vn -0.7243 -0.2204 -0.6534
vn -0.6610 -0.0629 -0.7477
vn 0.8913 -0.1026 0.4417
vn 0.9167 -0.1659 0.3635
vn 0.8913 -0.1025 0.4417
vn 0.9346 0.0393 0.3534
vn 0.6453 0.2440 0.7239
vn 0.8679 0.3472 0.3551
vn 0.8913 -0.1026 -0.4417
vn 0.9167 -0.1659 -0.3635
vn 0.2133 -0.2370 -0.9478
vn 0.9346 0.0393 -0.3534
vn 0.6453 0.2440 -0.7239
vn 0.8009 0.4946 -0.3375
vn 0.8680 0.3472 -0.3551
vn 0.0711 0.2604 -0.9629
vn -0.6037 -0.5018 0.6195
vn 0.1969 -0.6144 0.7640
vn -0.6383 -0.5202 0.5674
vn -0.6037 -0.5018 -0.6195
vn -0.6383 -0.5201 -0.5675
vn 0.1969 -0.6143 -0.7641
vn 0.9294 -0.2837 0.2363
vn 0.7726 -0.2996 0.5597
vn 0.7488 -0.5912 0.2997
vn 0.9288 -0.0788 0.3621
vn 0.9294 -0.2836 -0.2363
vn 0.7726 -0.2996 -0.5597
vn 0.9288 -0.0788 -0.3621
vn 0.7471 -0.5898 -0.3067
vn 0.6453 0.2439 0.7239
vn 0.1655 -0.0394 0.9854
vn 0.8680 0.3472 0.3551
vn 0.6453 0.2439 -0.7240
vn 0.8562 0.2435 -0.4556
vn -0.6037 -0.5018 0.6194
vn 0.2750 -0.6759 0.6838
vn 0.2751 -0.6759 0.6837
vn 0.1967 -0.6144 -0.7641
vn 0.2750 -0.6759 -0.6838
vn -0.6038 -0.5018 -0.6194
vn 0.2750 -0.6759 -0.6837
vn -0.2368 0.6078 0.7579
vn -0.7498 0.1974 0.6315
vn -0.4643 0.6532 0.5981
vn -0.2368 0.6078 -0.7580
vn -0.7498 0.1974 -0.6315
vn -0.4643 0.6532 -0.5981
vn 0.9167 -0.1660 0.3635
vn 0.9074 -0.2367 0.3472
vn 0.2285 -0.3940 0.8903
vn 0.9167 -0.1660 -0.3635
vn 0.9074 -0.2367 -0.3472
vn -0.7499 0.1973 0.6315
vn -0.6611 -0.0628 0.7477
vn -0.7498 0.1973 -0.6316
vn 0.8988 -0.2681 0.3469
vn 0.2208 -0.5519 0.8041
vn 0.9074 -0.2368 -0.3472
vn 0.8988 -0.2680 -0.3470
vn 0.1969 -0.6144 0.7641
vn -0.7314 -0.4326 0.5271
vn -0.6383 -0.5201 -0.5674
vn 0.4091 -0.0079 0.9125
vn -0.1970 -0.4727 0.8589
vn 0.4410 -0.1654 0.8822
vn -0.1970 -0.4728 -0.8589
vn -0.2048 -0.3703 -0.9061
vn 0.4410 -0.1654 -0.8821
vn 0.9079 -0.3079 0.2843
vn 0.8988 -0.2681 -0.3469
vn 0.2049 -0.5911 -0.7802
vn 0.9093 -0.3057 -0.2822
vn -0.2681 0.6152 0.7414
vn -0.4421 0.8054 0.3948
vn -0.5517 0.6700 0.4967
vn -0.1732 0.7637 0.6219
vn -0.2681 0.6152 -0.7414
vn -0.4421 0.8054 -0.3948
vn -0.1732 0.7636 -0.6220
vn -0.5518 0.6700 -0.4966
vn 0.8397 0.4316 0.3296
vn 0.4091 -0.0078 0.9125
vn 0.8397 0.4316 -0.3296
vn 0.4091 -0.0079 -0.9125
vn -0.6245 -0.4585 0.6323
vn -0.6244 -0.4585 -0.6324
vn -0.5838 0.4576 0.6706
vn -0.8145 0.5140 0.2689
vn -0.8184 0.3778 0.4329
vn -0.5263 0.6205 0.5813
vn -0.5890 0.4555 -0.6675
vn -0.8145 0.5140 -0.2689
vn -0.5263 0.6206 -0.5813
vn -0.8185 0.3778 -0.4329
vn -0.6701 -0.6385 0.3784
vn -0.6449 -0.7159 0.2675
vn -0.6134 0.4876 0.6213
vn -0.8439 0.4022 0.3550
vn 0.2847 -0.7827 -0.5535
vn -0.6701 -0.6386 -0.3784
vn -0.6450 -0.7159 -0.2674
vn -0.6134 0.4876 -0.6213
vn -0.8439 0.4022 -0.3549
vn 0.9038 -0.3065 0.2987
vn 0.9038 -0.3065 -0.2986
vn 0.2751 -0.6759 -0.6837
vn -0.7091 0.5436 0.4492
vn -0.8546 0.2196 0.4705
vn -0.9024 0.0785 0.4237
vn -0.7091 0.5436 -0.4491
vn -0.9024 0.0784 -0.4237
vn -0.8546 0.2196 -0.4705
vn 0.4722 -0.1653 0.8658
vn -0.3084 -0.4349 0.8460
vn 0.4967 0.0316 0.8673
vn -0.2124 -0.4958 0.8421
vn 0.4410 -0.1655 0.8821
vn -0.1970 -0.4728 0.8589
vn 0.4722 -0.1653 -0.8659
vn -0.2124 -0.4958 -0.8421
vn 0.4967 0.0315 -0.8673
vn -0.1968 -0.4728 -0.8589
vn -0.6873 0.5056 0.5214
vn -0.5114 0.5586 0.6530
vn -0.3867 0.5368 0.7499
vn -0.8265 0.4172 0.3780
vn -0.5114 0.5586 -0.6530
vn -0.6873 0.5057 -0.5214
vn -0.3867 0.5368 -0.7499
vn -0.8265 0.4172 -0.3779
vn -0.3868 0.5367 0.7499
vn -0.5518 0.6700 0.4966
vn -0.2682 0.6151 0.7414
vn -0.3868 0.5367 -0.7499
vn -0.2682 0.6151 -0.7414
vn -0.6873 0.5056 -0.5214
vn -0.5442 -0.6702 0.5047
vn -0.9136 -0.4017 0.0630
vn -0.9313 -0.3630 0.0316
vn -0.4647 -0.6142 0.6378
vn -0.9136 -0.4017 -0.0630
vn -0.5442 -0.6703 -0.5045
vn -0.9312 -0.3631 -0.0316
vn -0.4646 -0.6143 -0.6378
vn -0.2369 0.6078 0.7579
vn 0.6667 0.6432 0.3765
vn 0.1103 0.4726 0.8743
vn 0.6667 0.6432 -0.3765
vn -0.2369 0.6079 -0.7578
vn 0.1103 0.4727 -0.8743
vn -0.4646 -0.6142 0.6378
vn -0.9507 -0.3064 0.0472
vn -0.9136 -0.4016 0.0630
vn -0.9507 -0.3064 -0.0472
vn -0.4646 -0.6142 -0.6378
vn -0.9136 -0.4017 -0.0631
vn -0.9463 -0.2287 0.2287
vn -0.9750 -0.2045 0.0865
vn -0.6305 -0.1340 0.7645
vn -0.6478 -0.2290 -0.7266
vn -0.9462 -0.2287 -0.2288
vn -0.9750 -0.2044 -0.0865
vn 0.9218 -0.3073 0.2364
vn 0.7488 -0.5912 0.2995
vn 0.9294 -0.2836 0.2363
vn 0.9218 -0.3073 -0.2363
vn 0.2846 -0.7828 -0.5534
vn -0.5263 0.6206 0.5813
vn -0.5294 0.7190 0.4504
vn -0.8145 0.5141 0.2689
vn -0.8052 0.5841 0.1026
vn -0.8145 0.5141 -0.2689
vn -0.5294 0.7190 -0.4504
vn -0.8052 0.5841 -0.1026
vn -0.6634 0.5291 0.5291
vn -0.9077 0.2763 0.3158
vn -0.6606 0.5348 -0.5269
vn -0.9077 0.2763 -0.3157
vn 0.9080 -0.3079 0.2842
vn 0.9038 -0.3065 -0.2987
vn 0.9093 -0.3058 -0.2822
vn -0.9104 0.2276 0.3455
vn -0.8547 0.2195 0.4705
vn -0.6544 0.5835 0.4810
vn -0.7091 0.5436 0.4491
vn -0.6544 0.5835 -0.4810
vn -0.8547 0.2196 -0.4705
vn -0.9129 0.2282 -0.3384
vn -0.7090 0.5437 -0.4491
vn -0.2368 0.6079 0.7579
vn 0.4421 0.8843 0.1500
vn 0.6668 0.6431 0.3765
vn -0.2368 0.6079 -0.7579
vn 0.6668 0.6432 -0.3765
vn 0.4416 0.8832 -0.1577
vn -0.2755 0.0472 0.9601
vn -0.7866 -0.3461 0.5113
vn -0.7243 -0.2204 0.6533
vn -0.2756 0.0472 -0.9601
vn -0.7866 -0.3461 -0.5113
vn -0.4815 -0.2605 -0.8368
vn -0.7242 -0.2204 -0.6534
vn -0.0235 -0.3372 0.9411
vn 0.4086 -0.0471 0.9115
vn 0.3235 -0.2683 0.9074
vn -0.0550 -0.0079 0.9985
vn 0.4086 -0.0471 -0.9115
vn -0.0235 -0.3372 -0.9411
vn 0.3235 -0.2683 -0.9074
vn -0.0550 -0.0079 -0.9985
vn -0.6699 -0.5911 0.4493
vn -0.6841 -0.5425 0.4876
vn -0.2518 -0.2990 0.9204
vn -0.2050 -0.3703 0.9060
vn -0.2518 -0.2990 -0.9204
vn -0.6841 -0.5425 -0.4876
vn -0.6699 -0.5911 -0.4493
vn -0.2049 -0.3703 -0.9060
vn -0.9077 0.2763 0.3157
vn -0.6930 0.5512 0.4646
vn -0.9165 0.2450 0.3161
vn -0.6544 0.5835 0.4809
vn -0.9105 0.2276 0.3453
vn -0.6930 0.5513 -0.4646
vn -0.9142 0.2445 -0.3232
vn -0.9143 0.2444 -0.3231
vn -0.9129 0.2283 -0.3384
vn -0.6930 0.5512 -0.4646
vn 0.7937 0.5502 0.2594
vn 0.7937 0.5502 -0.2594
vn 0.3925 0.4239 -0.8162
vn -0.0549 0.9111 0.4085
vn -0.6134 0.4876 0.6212
vn -0.8000 0.5883 0.1177
vn -0.8439 0.4022 0.3549
vn -0.8000 0.5883 -0.1177
vn -0.8439 0.4023 -0.3549
vn -0.4422 0.8054 0.3948
vn -0.8393 0.4863 -0.2432
vn -0.6943 0.6469 -0.3155
vn -0.4422 0.8054 -0.3946
vn -0.8393 0.4863 0.2431
vn -0.6942 0.6469 0.3156
vn -0.3531 0.8944 0.2744
vn -0.4644 0.6531 0.5981
vn -0.3554 0.8929 -0.2765
vn -0.4644 0.6532 -0.5981
vn 0.7061 0.0549 0.7060
vn 0.4411 -0.1654 0.8821
vn 0.4091 -0.0079 0.9124
vn 0.4411 -0.1654 -0.8821
vn 0.7061 0.0549 -0.7060
vn 0.7024 0.0474 0.7102
vn 0.4723 -0.1653 0.8658
vn 0.4723 -0.1653 -0.8658
vn 0.7023 0.0473 -0.7103
vn -0.6759 -0.0943 0.7309
vn 0.1260 -0.2757 0.9530
vn 0.1260 -0.2757 -0.9530
vn 0.3235 -0.2682 -0.9074
vn -0.6759 -0.0943 -0.7309
vn -0.6690 -0.6769 0.3070
vn -0.6690 -0.6769 -0.3071
vn -0.3555 -0.3634 -0.8611
vn -0.8815 -0.4721 -0.0079
vn -0.6485 -0.6247 0.4350
vn -0.6485 -0.6247 -0.4349
vn -0.8814 -0.4722 0.0079
vn -0.5765 -0.4424 0.6870
vn -0.9750 -0.2044 0.0865
vn -0.6489 -0.2216 0.7279
vn -0.5765 -0.4423 -0.6870
vn -0.6477 -0.2291 -0.7266
vn -0.9507 -0.3064 -0.0473
vn -0.6840 -0.5426 0.4875
vn -0.7392 -0.5349 0.4091
vn -0.2049 -0.3703 0.9060
vn -0.7393 -0.5349 -0.4090
vn -0.2048 -0.3703 -0.9060
vn -0.6840 -0.5426 -0.4875
vn -0.5293 0.7190 0.4504
vn -0.5589 0.7793 0.2834
vn -0.8051 0.5841 0.1026
vn -0.8051 0.5842 -0.1026
vn -0.5589 0.7793 -0.2834
vn -0.8045 0.5836 0.1104
vn -0.5889 -0.6202 0.5182
vn -0.9944 -0.0789 0.0710
vn -0.9929 -0.1182 -0.0157
vn -0.6701 -0.6385 0.3785
vn -0.0000 -0.6371 -0.7708
vn -0.9944 -0.0789 -0.0710
vn -0.9929 -0.1182 0.0157
vn -0.6702 -0.6385 -0.3784
vn -0.0000 -0.6371 0.7708
vn -0.9410 0.2431 -0.2353
vn -0.6874 0.5056 0.5214
vn -0.8393 0.4863 -0.2431
vn -0.6874 0.5056 -0.5214
vn -0.9410 0.2431 0.2353
vn -0.8393 0.4863 0.2432
vn -0.8966 -0.4247 0.1259
vn -0.6612 -0.0630 0.7476
vn -0.9939 -0.1025 -0.0395
vn -0.7499 0.1973 -0.6315
vn -0.8965 -0.4247 -0.1259
vn -0.6612 -0.0630 -0.7476
vn -0.9939 -0.1026 0.0395
vn 0.3235 -0.2682 0.9074
vn -0.6760 -0.0945 -0.7308
vn -0.7393 -0.5348 0.4091
vn -0.7908 -0.5140 0.3322
vn -0.2125 -0.4958 0.8420
vn -0.2125 -0.4958 -0.8421
vn -0.7909 -0.5140 -0.3322
vn -0.7390 0.2201 0.6368
vn -0.6759 -0.0943 0.7310
vn 0.1260 -0.2758 0.9529
vn -0.3468 0.3942 0.8511
vn -0.7389 0.2201 -0.6368
vn -0.3478 0.3875 -0.8538
vn 0.1260 -0.2758 -0.9529
vn 0.4576 0.7889 -0.4101
vn 0.2591 0.9503 -0.1728
vn 0.4575 0.7889 0.4102
vn 0.2590 0.9503 0.1728
vn -0.7908 -0.5141 0.3322
vn -0.8320 -0.4946 0.2512
vn -0.2126 -0.4958 -0.8420
vn -0.8321 -0.4945 -0.2512
vn -0.7908 -0.5140 -0.3323
vn -0.9205 0.3856 -0.0629
vn -0.7092 0.5436 0.4490
vn -0.9024 0.0785 -0.4237
vn -0.7091 0.5436 -0.4490
vn -0.9206 0.3855 0.0629
vn -0.9467 0.2604 0.1894
vn -0.9463 -0.2287 0.2285
vn -0.9166 -0.1976 0.3476
vn -0.8109 -0.1733 -0.5590
vn -0.8387 -0.2117 -0.5017
vn -0.9165 -0.1976 0.3477
vn -0.9462 -0.2287 0.2287
vn -0.5923 -0.0237 0.8054
vn -0.9467 0.2605 -0.1894
vn -0.9179 -0.1961 -0.3451
vn -0.9463 -0.2287 -0.2285
vn -0.8109 -0.1732 0.5589
vn -0.8388 -0.2116 0.5017
vn -0.9499 -0.1962 0.2434
vn 0.9470 -0.1341 0.2920
vn 0.8974 -0.4409 0.0158
vn -0.9468 0.2603 -0.1894
vn -0.9499 -0.1962 -0.2434
vn 0.9534 0.1970 0.2285
vn 0.1259 -0.2757 0.9530
vn 0.8337 -0.0394 0.5507
vn 0.9534 0.1970 -0.2285
vn 0.8338 -0.0394 -0.5507
vn 0.8974 -0.4409 0.0157
vn 0.7572 0.4417 0.4811
vn 0.7643 0.3703 0.5279
vn 0.9256 -0.3765 -0.0392
vn 0.7606 0.4391 -0.4783
vn 0.9256 -0.3765 0.0392
vn 0.3844 0.8394 0.3844
vn 0.5992 0.7648 0.2366
vn 0.6297 0.7401 0.2362
vn 0.3692 0.8562 0.3614
vn 0.5992 0.7648 -0.2366
vn 0.3844 0.8393 -0.3844
vn 0.6297 0.7400 -0.2362
vn 0.3692 0.8562 -0.3614
vn 0.8336 0.2596 0.4876
vn 0.4796 0.7076 0.5189
vn 0.7310 0.5738 0.3694
vn 0.6062 0.4173 0.6770
vn 0.8336 0.2596 -0.4876
vn 0.7309 0.5738 -0.3695
vn 0.4796 0.7076 -0.5189
vn 0.6062 0.4173 -0.6771
vn 0.6938 0.0630 0.7174
vn 0.4086 -0.0472 0.9115
vn 0.9534 0.1972 0.2285
vn 0.6297 0.7400 0.2362
vn 0.3844 0.8393 0.3844
vn 0.7310 0.5738 -0.3694
vn 0.6938 0.0630 -0.7174
vn 0.4086 -0.0472 -0.9115
vn -0.9930 -0.0000 -0.1182
vn -0.9977 -0.0393 -0.0549
vn -0.7103 0.5208 0.4735
vn -0.6941 0.3865 -0.6073
vn -0.9930 -0.0000 0.1182
vn -0.7103 0.5208 -0.4735
vn -0.9977 -0.0393 0.0550
vn -0.9312 -0.3631 0.0316
vn -0.9782 -0.2052 0.0316
vn -0.6451 -0.7158 0.2674
vn -0.9782 -0.2052 -0.0316
vn -0.6450 -0.7158 -0.2674
vn -0.9758 -0.1889 -0.1102
vn -0.9966 -0.0785 -0.0236
vn -0.9929 -0.1182 0.0158
vn -0.9758 -0.1889 0.1101
vn -0.6154 -0.5917 -0.5207
vn -0.9964 -0.0785 0.0314
vn -0.9411 0.2431 -0.2352
vn -0.8266 0.4172 0.3778
vn -0.6874 0.5056 0.5213
vn -0.9518 -0.0079 -0.3067
vn -0.6484 -0.6247 0.4350
vn -0.8266 0.4172 -0.3777
vn -0.9518 -0.0078 0.3067
vn -0.6485 -0.6247 -0.4350
vn -0.9876 0.1185 0.1027
vn -0.9892 0.0392 0.1413
vn -0.6195 -0.4390 0.6508
vn 0.4712 0.2671 0.8406
vn 0.3924 0.4239 0.8163
vn 0.8358 0.5125 0.1972
vn -0.6245 -0.4585 -0.6324
vn -0.9892 0.0392 -0.1413
vn -0.9876 0.1185 -0.1027
vn 0.8358 0.5125 -0.1971
vn 0.7938 0.5501 -0.2594
vn 0.3925 0.4238 -0.8163
vn 0.4713 0.2670 -0.8406
vn 0.9764 0.1181 -0.1810
vn 0.9718 0.1817 -0.1501
vn 0.7945 -0.1730 0.5821
vn 0.9467 0.2997 -0.1183
vn 0.9764 0.1181 0.1811
vn 0.9718 0.1817 0.1501
vn 0.7945 -0.1730 -0.5821
vn 0.9467 0.2998 0.1183
vn -0.8275 -0.5595 0.0473
vn -0.8493 -0.5269 0.0315
vn -0.8562 -0.3614 0.3692
vn -0.8494 -0.5269 0.0315
vn -0.8675 -0.4968 0.0238
vn -0.8275 -0.5595 -0.0473
vn -0.8562 -0.3614 -0.3692
vn -0.8493 -0.5269 -0.0315
vn -0.7243 -0.2204 -0.6533
vn -0.8494 -0.5268 -0.0314
vn -0.8675 -0.4969 -0.0238
vn -0.8496 -0.5271 0.0158
vn -0.9024 0.0784 0.4237
vn -0.8119 -0.5833 0.0237
vn -0.9024 0.0783 -0.4237
vn -0.8496 -0.5271 -0.0157
vn -0.8547 0.2195 -0.4704
vn -0.8119 -0.5833 -0.0237
vn -0.8795 -0.3769 0.2905
vn -0.8795 -0.3769 -0.2906
vn 0.9163 0.3713 -0.1501
vn 0.8656 -0.2518 0.4328
vn -0.8795 -0.3769 0.2906
vn -0.3084 -0.4348 0.8461
vn -0.3083 -0.4347 0.8462
vn -0.8119 -0.5833 0.0236
vn -0.8563 -0.3613 0.3692
vn 0.8656 -0.2518 -0.4328
vn 0.9467 0.2997 0.1183
vn 0.9163 0.3713 0.1501
vn -0.3083 -0.4349 -0.8461
vn -0.8562 -0.3613 -0.3692
vn -0.3083 -0.4350 -0.8460
vn -0.8119 -0.5833 -0.0236
vn -0.8544 0.5095 -0.1019
vn -0.7500 0.1973 0.6314
vn -0.9823 0.1571 0.1022
vn -0.8544 0.5096 0.1019
vn -0.9823 0.1571 -0.1022
vn -0.7499 0.1973 -0.6314
vn 0.9388 0.1183 -0.3234
vn 0.9763 0.1181 0.1811
vn 0.9412 0.1187 0.3163
vn 0.9438 0.2596 0.2045
vn 0.0787 0.9603 0.2675
vn 0.9347 0.0392 0.3534
vn 0.9438 0.2595 -0.2045
vn 0.0786 0.9603 -0.2676
vn -0.9874 -0.0948 0.1264
vn -0.9538 0.0237 -0.2995
vn -0.9992 -0.0394 0.0078
vn -0.9939 -0.1026 -0.0394
vn -0.9992 -0.0393 0.0079
vn -0.9996 0.0157 0.0236
vn -0.6450 -0.3067 0.7000
vn -0.6144 -0.1969 0.7640
vn -0.9991 0.0158 0.0393
vn -0.7741 0.0395 0.6318
vn -0.9041 -0.0944 0.4167
vn -0.9315 -0.1658 0.3237
vn -0.9943 -0.0789 0.0712
vn -0.9041 -0.0943 0.4168
vn -0.9677 0.0629 0.2440
vn -0.9678 0.0629 0.2439
vn -0.8691 0.4424 0.2212
vn -0.9042 -0.0943 0.4166
vn -0.9538 0.0236 0.2995
vn -0.9875 -0.0948 -0.1263
vn -0.9992 -0.0393 -0.0079
vn -0.9940 -0.1025 0.0394
vn -0.9996 0.0157 -0.0237
vn -0.6449 -0.3068 -0.7000
vn -0.9991 0.0157 -0.0394
vn -0.9996 0.0157 -0.0236
vn -0.7741 0.0394 -0.6319
vn -0.9041 -0.0944 -0.4167
vn -0.9315 -0.1658 -0.3237
vn -0.9041 -0.0943 -0.4168
vn -0.9677 0.0629 -0.2440
vn -0.8691 0.4424 -0.2212
vn -0.9678 0.0628 -0.2439
vn -0.9041 -0.0943 -0.4167
vn -0.7741 0.0395 -0.6319
vn -0.5668 0.7321 0.3779
vn -0.0552 0.9391 -0.3393
vn -0.9955 0.0079 0.0948
vn -0.9966 -0.0785 -0.0235
vn -0.9955 0.0079 -0.0948
vn -0.6061 -0.4959 -0.6218
vn 0.3692 0.8562 0.3613
vn 0.6051 0.7937 0.0629
vn 0.2914 0.9448 0.1497
vn 0.6469 0.6942 -0.3156
vn 0.1341 0.8910 -0.4337
vn 0.2913 0.9449 0.1496
vn 0.6051 0.7937 -0.0629
vn 0.3692 0.8562 -0.3613
vn 0.2913 0.9448 -0.1496
vn 0.1340 0.8911 0.4336
vn 0.2913 0.9449 -0.1495
vn 0.6469 0.6942 0.3155
vn -0.9798 0.0392 -0.1960
vn -0.7181 0.5838 0.3788
vn 0.8910 0.0631 0.4496
vn 0.6062 0.4172 0.6771
vn 0.8336 0.2595 0.4876
vn 0.7088 0.1969 0.6773
vn -0.9930 0.0001 0.1182
vn -0.9798 0.0392 0.1960
vn -0.7181 0.5839 -0.3787
vn 0.8910 0.0631 -0.4496
vn 0.8336 0.2595 -0.4876
vn 0.6062 0.4172 -0.6771
vn 0.7088 0.1969 -0.6773
vn 0.8661 -0.4487 -0.2204
vn 0.8969 -0.4405 -0.0393
vn 0.9708 -0.1736 0.1658
vn -0.9518 -0.0078 -0.3067
vn -0.9078 0.2762 0.3157
vn -0.9226 -0.2918 -0.2523
vn 0.9708 -0.1736 -0.1657
vn 0.8969 -0.4405 0.0393
vn 0.8660 -0.4488 0.2204
vn 0.9470 -0.1341 -0.2920
vn -0.9518 -0.0079 0.3067
vn -0.8266 0.4172 -0.3778
vn -0.9226 -0.2917 0.2523
vn -0.9989 -0.0000 -0.0472
vn -0.9886 0.0941 0.1177
vn -0.6383 -0.5201 0.5675
vn -0.9989 -0.0000 0.0472
vn -0.9895 0.0942 -0.1099
vn -0.6245 -0.4584 -0.6324
vn -0.9895 0.0942 -0.1100
vn -0.6037 -0.5018 -0.6194
vn 0.3624 0.8587 -0.3624
vn 0.3623 0.8587 0.3624
vn 0.3624 0.8587 0.3624
vn 0.9200 0.2438 0.3068
vn 0.7648 0.2366 0.5992
vn 0.9195 0.1101 0.3774
vn 0.7814 0.3552 0.5131
vn 0.9200 0.2438 -0.3068
vn 0.9195 0.1102 -0.3773
vn 0.7648 0.2367 -0.5992
vn 0.7814 0.3552 -0.5131
vn -0.9226 -0.2917 -0.2523
vn -0.9166 0.2449 0.3160
vn -0.8731 -0.4641 -0.1494
vn -0.9143 0.2442 -0.3231
vn -0.9226 -0.2918 0.2523
vn -0.9078 0.2761 -0.3157
vn -0.8731 -0.4641 0.1494
vn 0.4968 0.0316 0.8673
vn 0.8878 0.4085 0.2121
vn 0.5212 0.6633 -0.5370
vn 0.8420 0.4958 -0.2125
vn 0.8878 0.4085 -0.2121
vn 0.4968 0.0315 -0.8673
vn 0.8358 0.5125 -0.1970
vn 0.8420 0.4958 0.2125
vn 0.5212 0.6633 0.5370
vn -0.8523 -0.5129 -0.1026
vn -0.8497 -0.5271 0.0157
vn -0.8523 -0.5129 0.1026
vn -0.8547 0.2195 -0.4705
vn -0.8497 -0.5271 -0.0157
vn -0.9813 -0.0393 -0.1883
vn -0.9499 -0.1961 0.2434
vn -0.9468 0.2603 0.1894
vn -0.8795 -0.3769 -0.2905
vn -0.9499 -0.1962 -0.2433
vn -0.9813 -0.0392 0.1884
vn -0.9468 0.2602 -0.1893
vn -0.0550 -0.0078 0.9985
vn 0.3623 0.3230 0.8743
vn 0.4086 -0.0473 0.9115
vn -0.0787 0.4172 0.9054
vn 0.3623 0.3229 -0.8743
vn -0.0550 -0.0078 -0.9985
vn -0.0787 0.4172 -0.9054
vn -0.7866 -0.3462 0.5112
vn -0.4815 -0.2605 0.8369
vn -0.7866 -0.3463 -0.5113
vn -0.7740 0.0395 0.6319
vn 0.0787 0.9603 0.2676
vn 0.2204 0.1179 0.9683
vn 0.0787 0.9603 -0.2676
vn -0.7740 0.0395 -0.6319
vn 0.2205 0.1181 -0.9682
vn -0.8691 0.4425 -0.2212
vn -0.0711 0.7971 -0.5997
vn -0.5668 0.7321 -0.3779
vn 0.3382 0.9278 -0.1573
vn -0.0710 0.7970 0.5997
vn -0.0553 0.9391 -0.3393
vn -0.5667 0.7321 0.3779
vn 0.3382 0.9279 0.1572
vn -0.9940 -0.1025 -0.0394
vn -0.9823 0.1571 0.1023
vn -0.7499 0.1974 -0.6314
vn -0.9499 -0.1963 0.2434
vn -0.8563 -0.3613 -0.3692
vn -0.9024 0.0785 -0.4238
vn -0.9498 -0.1964 -0.2434
vn -0.8731 -0.4641 -0.1495
vn -0.9499 -0.1964 -0.2433
vn -0.8731 -0.4640 0.1494
vn -0.9143 0.2443 -0.3231
vn 0.6938 0.0631 0.7174
vn 0.3624 0.3229 0.8743
vn 0.7178 0.2366 0.6548
vn 0.6938 0.0631 -0.7174
vn 0.7178 0.2366 -0.6548
vn 0.3624 0.3229 -0.8743
vn 0.5269 0.6606 -0.5348
vn 0.5269 0.6606 0.5348
vn 0.4576 0.7889 0.4102
vn -0.9166 -0.1975 0.3475
vn -0.9109 -0.1492 0.3847
vn -0.8387 -0.2116 -0.5017
vn -0.9728 -0.2118 0.0942
vn 0.9164 0.3712 -0.1501
vn 0.9038 -0.3064 0.2986
vn 0.9985 -0.0550 -0.0079
vn 0.9992 -0.0315 -0.0236
vn -0.8387 -0.2116 0.5018
vn -0.9728 -0.2118 -0.0942
vn 0.9163 0.3712 0.1501
vn 0.9985 -0.0550 0.0078
vn 0.9992 -0.0315 0.0236
vn 0.9142 0.3625 -0.1812
vn 0.9448 0.1890 -0.2677
vn 0.9218 -0.3073 0.2363
vn 0.9952 -0.0237 0.0948
vn 0.9218 -0.3072 0.2364
vn 0.9934 -0.0315 0.1104
vn 0.9249 0.1344 -0.3557
vn 0.9439 0.2595 0.2045
vn 0.9249 0.1343 -0.3557
vn 0.9078 0.1421 -0.3947
vn 0.9021 0.1412 -0.4079
vn 0.9195 0.1100 0.3774
vn 0.8910 0.0631 0.4495
vn 0.7648 0.2365 0.5993
vn 0.9196 0.1100 0.3772
vn 0.9494 0.0157 -0.3138
vn 0.9201 0.2437 0.3067
vn 0.9520 -0.1338 -0.2753
vn 0.9218 -0.3072 -0.2364
vn 0.9448 0.1890 0.2677
vn 0.9142 0.3625 0.1812
vn 0.9952 -0.0237 -0.0948
vn 0.9934 -0.0315 -0.1104
vn 0.9260 0.1334 0.3531
vn 0.9260 0.1335 0.3531
vn 0.8913 -0.1025 -0.4417
vn 0.9078 0.1421 0.3947
vn 0.9078 0.1420 0.3947
vn 0.9021 0.1412 0.4079
vn 0.9195 0.1100 -0.3773
vn 0.8910 0.0631 -0.4495
vn 0.7089 0.1969 -0.6773
vn 0.7648 0.2365 -0.5993
vn 0.9494 0.0157 0.3138
vn 0.9196 0.1100 -0.3771
vn 0.9201 0.2437 -0.3067
vn 0.9520 -0.1337 0.2753
vn 0.8338 -0.4169 -0.3618
vn 0.8660 -0.4488 -0.2204
vn 0.9788 -0.1973 0.0552
vn 0.9708 -0.1736 0.1657
vn 0.9788 -0.1973 -0.0553
vn 0.8338 -0.4169 0.3618
vn 0.1180 0.9586 -0.2593
vn -0.0550 0.9111 0.4084
vn -0.7238 0.6846 -0.0865
vn -0.8001 0.5883 0.1177
vn 0.1179 0.9586 0.2593
vn -0.7238 0.6845 0.0866
vn -0.2370 0.9558 0.1738
vn -0.1338 0.6928 0.7086
vn 0.4422 0.8843 0.1500
vn -0.2369 0.6079 0.7579
vn -0.3530 0.8944 0.2746
vn 0.2290 0.9714 -0.0632
vn -0.2370 0.9558 -0.1738
vn -0.2368 0.9559 -0.1738
vn -0.2369 0.9559 -0.1738
vn -0.2371 0.9558 -0.1739
vn 0.2290 0.9714 0.0631
vn -0.3555 0.8928 -0.2766
vn 0.9534 0.1970 0.2286
vn 0.9320 0.3554 0.0711
vn 0.8339 -0.0392 0.5506
vn 0.8339 -0.0393 -0.5506
vn 0.9320 0.3554 -0.0711
vn 0.9132 0.0708 -0.4014
vn 0.8206 0.4655 0.3314
vn 0.9132 0.0709 0.4014
vn 0.8206 0.4656 -0.3314
vn -0.4644 0.6532 0.5981
vn -0.3531 0.8944 0.2746
vn -0.4092 0.8341 -0.3699
vn -0.8544 0.5095 0.1019
vn -0.3556 0.8928 -0.2765
vn -0.4092 0.8341 0.3699
vn 0.9294 -0.2835 0.2363
vn 0.8764 0.4816 -0.0079
vn 0.8131 0.5604 -0.1578
vn 0.9294 -0.2835 -0.2363
vn 0.8764 0.4816 0.0079
vn 0.8763 0.4816 0.0079
vn 0.8131 0.5604 0.1578
vn 0.9516 0.1651 -0.2594
vn 0.8988 -0.2680 0.3469
vn 0.9496 0.2136 -0.2294
vn 0.9515 0.1651 0.2595
vn 0.9496 0.2136 0.2294
vn -0.8763 -0.4579 -0.1500
vn -0.9205 -0.3226 -0.2203
vn -0.7394 -0.5348 0.4090
vn -0.6842 -0.5425 0.4875
vn -0.9205 -0.3226 0.2203
vn -0.8763 -0.4579 0.1499
vn -0.7394 -0.5348 -0.4090
vn -0.6841 -0.5426 -0.4875
vn 0.8979 -0.1969 0.3937
vn 0.8846 -0.2211 0.4107
vn 0.9048 0.3855 -0.1809
vn 0.8990 0.4021 -0.1735
vn 0.8990 0.4022 -0.1735
vn 0.9048 0.4091 -0.1180
vn 0.8906 -0.2128 0.4019
vn 0.7179 0.2367 0.6547
vn 0.4028 0.5766 0.7108
vn 0.9802 0.1976 0.0079
vn 0.9048 0.3855 0.1809
vn 0.8846 -0.2211 -0.4107
vn 0.8990 0.4021 0.1735
vn 0.9048 0.4091 0.1180
vn 0.8990 0.4022 0.1735
vn 0.7179 0.2367 -0.6547
vn 0.9803 0.1976 -0.0079
vn 0.4028 0.5766 -0.7109
vn 0.3624 0.3230 -0.8743
vn 0.5993 0.7648 0.2365
vn 0.9218 0.3467 -0.1733
vn 0.9550 0.2605 -0.1421
vn 0.6052 0.7936 0.0629
vn 0.1178 0.7622 -0.6365
vn -0.0709 0.8984 -0.4334
vn 0.9218 0.3467 0.1733
vn 0.5993 0.7648 -0.2365
vn 0.9550 0.2604 0.1420
vn 0.6052 0.7936 -0.0629
vn 0.1178 0.7623 0.6365
vn 0.0393 0.9981 0.0472
vn -0.0709 0.8984 0.4334
vn 0.2591 0.9503 0.1728
vn 0.9074 -0.2368 0.3472
vn 0.9515 0.1651 -0.2595
vn 0.9970 -0.0549 -0.0549
vn 0.9398 0.0394 -0.3395
vn 0.9970 -0.0549 0.0549
vn 0.9398 0.0395 0.3396
vn 0.9398 0.0395 -0.3395
vn 0.9398 0.0395 0.3395
vn 0.9094 -0.3057 -0.2821
vn 0.8988 -0.2680 0.3468
vn -0.6450 -0.7158 0.2674
vn -0.9316 -0.1659 0.3236
vn -0.9782 -0.2053 0.0316
vn -0.7970 0.5287 -0.2920
vn -0.9782 -0.2051 0.0315
vn -0.8262 0.2675 -0.4957
vn 0.9496 0.2135 0.2295
vn 0.9398 0.0394 0.3395
vn -0.9782 -0.2053 -0.0316
vn -0.9313 -0.3630 -0.0316
vn -0.9782 -0.2051 -0.0315
vn -0.7971 0.5287 0.2919
vn -0.8262 0.2675 0.4958
vn 0.9142 0.3625 -0.1813
vn 0.8754 -0.2681 0.4022
vn 0.9550 0.2605 -0.1420
vn 0.6298 0.7400 0.2361
vn 0.9545 0.2367 -0.1814
vn 0.9550 0.2605 0.1421
vn 0.6298 0.7400 -0.2362
vn 0.9545 0.2367 0.1814
vn 0.5993 0.7648 -0.2366
vn -0.8440 0.4022 0.3549
vn -0.9458 0.0315 -0.3232
vn -0.9276 0.1415 -0.3458
vn -0.8185 0.3777 0.4328
vn 0.9883 -0.1491 -0.0314
vn 0.8422 -0.2991 -0.4486
vn 0.9788 -0.1973 0.0553
vn -0.8440 0.4022 -0.3549
vn -0.9458 0.0315 0.3232
vn -0.8186 0.3777 -0.4328
vn -0.9275 0.1415 0.3459
vn 0.8338 -0.4169 0.3619
vn 0.8422 -0.2991 0.4486
vn 0.9883 -0.1490 0.0314
vn 0.9788 -0.1973 -0.0552
vn -0.9205 0.3856 -0.0630
vn -0.9468 0.2604 0.1894
vn -0.9813 -0.0392 -0.1884
vn -0.9205 0.3856 0.0630
vn -0.9813 -0.0393 0.1884
vn -0.9468 0.2604 -0.1893
vn -0.8675 -0.4969 0.0235
vn -0.4816 -0.5131 -0.7105
vn -0.8965 -0.4247 0.1258
vn -0.4237 -0.5258 -0.7376
vn -0.6611 -0.0630 0.7476
vn -0.8675 -0.4968 0.0237
vn -0.8965 -0.4247 0.1259
vn -0.7242 -0.2205 0.6534
vn -0.8675 -0.4969 -0.0236
vn -0.8965 -0.4247 -0.1258
vn -0.4815 -0.5132 0.7105
vn -0.4237 -0.5258 0.7376
vn -0.8675 -0.4968 -0.0237
vn -0.6611 -0.0630 -0.7476
vn -0.8966 -0.4247 -0.1259
vn -0.7242 -0.2205 -0.6534
vn 0.9081 0.0158 -0.4185
vn 0.9015 0.0392 -0.4311
vn 0.9081 0.0158 0.4185
vn 0.9014 0.0392 0.4311
vn 0.8144 0.5297 -0.2372
vn 0.7310 0.5738 0.3693
vn 0.6298 0.7400 0.2362
vn 0.9797 0.1019 -0.1725
vn -0.8051 0.5841 -0.1026
vn -0.5510 -0.0157 -0.8344
vn -0.8052 0.5841 -0.1027
vn 0.7310 0.5738 -0.3693
vn 0.9797 0.1019 0.1724
vn 0.9132 0.0709 -0.4013
vn 0.8207 0.3077 -0.4814
vn 0.6668 0.6432 0.3765
vn 0.7862 0.3695 -0.4953
vn 0.7938 0.5501 0.2593
vn 0.8207 0.3078 0.4814
vn 0.7862 0.3695 0.4953
vn 0.7938 0.5501 -0.2593
vn -0.6384 -0.5201 0.5674
vn -0.9743 -0.1100 -0.1964
vn -0.9989 -0.0001 -0.0472
vn -0.9798 -0.0392 -0.1960
vn -0.9798 -0.0392 -0.1959
vn -0.7564 0.0157 0.6539
vn -0.9878 -0.0632 -0.1422
vn -0.9895 -0.0943 -0.1099
vn -0.9895 -0.0942 -0.1099
vn -0.5667 -0.3463 -0.7476
vn -0.4877 -0.2595 -0.8336
vn -0.9977 -0.0393 -0.0550
vn -0.9743 -0.1100 0.1964
vn -0.6383 -0.5202 -0.5674
vn -0.7790 -0.2124 -0.5900
vn -0.7564 0.0157 -0.6539
vn -0.9878 -0.0632 0.1422
vn -0.9895 -0.0943 0.1099
vn -0.5667 -0.3463 0.7476
vn -0.9895 -0.0942 0.1099
vn -0.4908 -0.2612 0.8312
vn -0.0788 0.4173 0.9053
vn 0.3623 0.3231 0.8743
vn 0.9849 -0.0867 -0.1497
vn 0.7310 0.5737 0.3694
vn 0.9797 0.1019 -0.1724
vn 0.4028 0.5766 -0.7108
vn -0.0788 0.4173 -0.9054
vn 0.9849 -0.0867 0.1497
vn 0.8337 0.2595 -0.4875
vn 0.8111 0.4016 -0.4252
vn 0.8207 0.3078 -0.4814
vn 0.8358 0.5125 0.1971
vn 0.8111 0.4016 0.4252
vn 0.8207 0.3077 0.4814
vn 0.8191 0.4095 -0.4017
vn 0.8050 0.4972 -0.3236
vn -0.6841 -0.5426 0.4875
vn -0.7868 -0.5823 -0.2045
vn -0.8763 -0.4579 -0.1499
vn -0.6699 -0.5911 0.4492
vn 0.8191 0.4095 0.4017
vn 0.8050 0.4972 0.3237
vn -0.7869 -0.5823 0.2045
vn -0.6700 -0.5911 -0.4491
vn -0.4183 0.2920 -0.8601
vn -0.5139 0.1424 -0.8460
vn -0.6942 0.6469 -0.3156
vn -0.4183 0.2920 0.8601
vn -0.5139 0.1424 0.8459
vn 0.9992 -0.0314 -0.0236
vn 0.9038 -0.3065 0.2986
vn 0.8877 0.4086 0.2121
vn 0.8561 0.4948 -0.1492
vn 0.6470 0.6942 -0.3155
vn 0.8358 0.5125 0.1970
vn 0.4969 0.0315 0.8673
vn 0.8878 0.4086 -0.2120
vn 0.6470 0.6942 0.3155
vn 0.8561 0.4948 0.1492
vn 0.7024 0.0473 -0.7102
vn 0.4723 -0.1652 -0.8658
vn -0.9285 -0.2203 -0.2990
vn -0.7908 -0.5141 0.3321
vn -0.7909 -0.5140 -0.3321
vn -0.9285 -0.2203 0.2990
vn 0.7463 0.5735 -0.3378
vn 0.9064 0.1025 0.4098
vn 0.9064 0.1025 -0.4098
vn 0.8350 0.1261 -0.5356
vn 0.8050 0.4972 0.3236
vn 0.7463 0.5735 0.3378
vn -0.8185 0.3778 0.4328
vn -0.9556 0.2922 -0.0394
vn -0.9458 0.0316 -0.3232
vn -0.8146 0.5140 0.2689
vn -0.8185 0.3778 -0.4328
vn -0.9555 0.2922 0.0395
vn -0.8146 0.5140 -0.2688
vn 0.8810 0.3226 -0.3461
vn 0.8296 0.5056 -0.2370
vn 0.8810 0.3227 0.3461
vn 0.8296 0.5056 0.2370
vn -0.4092 0.8341 -0.3698
vn 0.3454 0.6517 -0.6753
vn 0.2290 0.9714 0.0632
vn 0.3455 0.6517 0.6752
vn 0.0706 -0.4081 -0.9102
vn 0.1977 -0.4033 -0.8935
vn 0.0706 -0.4080 0.9102
vn 0.1976 -0.4033 0.8935
vn 0.0706 -0.4081 0.9102
vn -0.8350 0.2206 -0.5041
vn -0.9656 -0.1100 -0.2355
vn -0.8456 -0.2292 -0.4821
vn -0.9609 -0.0237 -0.2757
vn -0.8349 0.2206 0.5042
vn -0.9656 -0.1099 0.2355
vn -0.9609 -0.0238 0.2757
vn -0.8456 -0.2292 0.4821
vn 0.9970 -0.0550 -0.0550
vn 0.9984 -0.0551 -0.0079
vn 0.9984 -0.0551 0.0079
vn 0.9970 -0.0550 0.0550
vn -0.7390 0.2201 0.6367
vn -0.9630 0.2289 -0.1421
vn -0.9937 0.0710 0.0868
vn -0.8001 0.5882 0.1177
vn -0.8439 0.4023 0.3549
vn -0.8936 0.2039 -0.3998
vn -0.9619 0.2286 0.1498
vn -0.9937 0.0710 -0.0868
vn -0.8001 0.5882 -0.1177
vn -0.9276 0.1415 0.3459
vn -0.8440 0.4022 -0.3548
vn -0.8921 0.2052 0.4026
vn -0.8321 -0.4944 0.2512
vn -0.7909 -0.5140 0.3321
vn -0.8321 -0.4945 -0.2511
vn -0.9285 -0.2203 0.2989
vn 0.7819 0.5766 -0.2369
vn 0.7819 0.5766 0.2369
vn 0.7862 0.3696 0.4953
vn -0.4092 0.8341 0.3698
vn -0.3555 0.8929 -0.2765
vn 0.3938 -0.1576 -0.9056
vn 0.6151 -0.2682 -0.7414
vn 0.6938 -0.0632 -0.7174
vn 0.6151 -0.2682 0.7415
vn 0.6937 -0.0631 0.7175
vn 0.3938 -0.1575 0.9056
vn 0.1977 -0.4033 0.8934
vn -0.2688 0.6404 0.7194
vn -0.2673 0.6368 0.7232
vn -0.2688 0.6404 0.7195
vn -0.3467 0.3941 0.8512
vn -0.2673 0.6368 -0.7232
vn -0.2673 0.6368 -0.7233
vn -0.3479 0.3874 -0.8537
vn -0.7391 0.2201 -0.6367
vn 0.5269 0.6606 0.5347
vn 0.6738 0.6266 -0.3917
vn 0.5611 0.6085 0.5611
vn 0.5611 0.6085 -0.5611
vn -0.9823 0.1572 0.1021
vn -0.9892 0.0393 0.1413
vn -0.9823 0.1572 -0.1021
vn -0.9875 -0.0947 -0.1264
vn -0.9892 0.0393 -0.1413
vn -0.5139 0.1423 -0.8459
vn -0.5756 -0.0946 -0.8122
vn -0.5140 0.1423 0.8459
vn -0.5757 -0.0946 0.8122
vn 0.9504 -0.2199 -0.2199
vn 0.8337 0.2595 0.4875
vn 0.8911 0.0631 0.4494
vn 0.9504 -0.2199 0.2200
vn 0.8911 0.0630 -0.4495
vn 0.4027 0.5766 0.7109
vn -0.0787 0.4173 0.9053
vn -0.0236 0.6538 0.7563
vn -0.0787 0.4173 -0.9054
vn 0.4027 0.5766 -0.7109
vn -0.0236 0.6538 -0.7563
vn 0.8131 0.5603 0.1579
vn 0.1179 0.9586 -0.2594
vn 0.3063 0.7773 -0.5495
vn 0.4566 0.8818 -0.1181
vn -0.0550 0.9111 0.4085
vn 0.4566 0.8818 -0.1180
vn 0.5040 0.7561 0.4174
vn 0.1179 0.9586 -0.2593
vn 0.3062 0.7773 0.5496
vn 0.4566 0.8818 0.1183
vn 0.1180 0.9586 0.2593
vn 0.4566 0.8818 0.1180
vn 0.5040 0.7562 -0.4174
vn 0.6152 -0.2681 -0.7414
vn 0.8280 0.5047 -0.2444
vn 0.5527 0.6238 -0.5527
vn 0.9802 0.1977 0.0079
vn 0.9803 0.1976 0.0079
vn 0.6938 -0.0631 -0.7174
vn 0.9196 0.0078 -0.3929
vn 0.6152 -0.2682 -0.7413
vn 0.6152 -0.2682 0.7414
vn 0.5527 0.6237 0.5527
vn 0.8280 0.5046 0.2444
vn 0.6938 -0.0630 0.7174
vn 0.9802 0.1976 -0.0079
vn 0.9196 0.0078 0.3929
vn 0.6152 -0.2682 0.7413
vn -0.8937 0.2038 -0.3998
vn -0.8440 0.3549 -0.4022
vn -0.9740 0.1885 -0.1256
vn -0.8921 0.2053 0.4026
vn -0.9740 0.1885 0.1257
vn -0.8439 0.3549 0.4022
vn 0.9496 0.2136 -0.2295
vn 0.7970 0.5287 -0.2920
vn 0.3454 0.6516 -0.6753
vn 0.9496 0.2137 0.2294
vn 0.3453 0.6517 0.6753
vn 0.7970 0.5287 0.2920
vn -0.9813 -0.0393 -0.1884
vn -0.8321 -0.4945 0.2512
vn -0.9285 -0.2204 -0.2990
vn 0.5746 0.5826 -0.5748
vn 0.5748 0.5825 -0.5747
vn 0.3381 0.9279 -0.1571
vn 0.5747 0.5826 -0.5747
vn -0.0710 0.7970 -0.5998
vn 0.5746 0.5826 -0.5747
vn 0.7970 0.5288 -0.2919
vn 0.7819 0.5767 -0.2369
vn 0.6382 0.7327 -0.2363
vn -0.0710 0.7970 0.5998
vn 0.5747 0.5826 0.5747
vn 0.3381 0.9279 0.1571
vn 0.7969 0.5288 0.2920
vn 0.6382 0.7327 0.2363
vn -0.9914 0.1101 -0.0708
vn -0.8949 0.1805 -0.4082
vn -0.9937 0.0710 0.0867
vn -0.9619 0.2287 0.1498
vn -0.9919 0.1102 0.0630
vn -0.8949 0.1805 0.4081
vn -0.6691 -0.6769 0.3068
vn -0.6935 -0.6226 -0.3625
vn -0.7868 -0.5823 0.2045
vn -0.6690 -0.6769 -0.3069
vn -0.6699 -0.5911 -0.4492
vn -0.6935 -0.6226 0.3625
vn 0.8496 -0.1574 -0.5034
vn 0.9398 0.0395 -0.3394
vn 0.9959 -0.0711 -0.0553
vn 0.9883 -0.1490 -0.0314
vn 0.9398 0.0393 -0.3394
vn 0.5346 -0.1808 -0.8255
vn 0.8496 -0.1573 -0.5034
vn 0.8496 -0.1573 0.5034
vn 0.9398 0.0395 0.3394
vn 0.9959 -0.0711 0.0553
vn 0.9398 0.0394 0.3394
vn 0.8496 -0.1573 0.5035
vn 0.5290 -0.1816 0.8290
vn 0.5574 0.6359 -0.5338
vn 0.7964 0.5599 -0.2287
vn 0.7964 0.5599 0.2287
vn 0.5611 0.6086 0.5611
vn 0.5575 0.6359 0.5338
vn -0.8001 0.5883 -0.1176
vn -0.9404 0.3242 0.1027
vn -0.9695 0.2051 0.1340
vn -0.7239 0.6844 0.0865
vn -0.9405 0.3240 -0.1027
vn -0.8001 0.5882 0.1176
vn -0.9695 0.2051 -0.1340
vn -0.7239 0.6845 -0.0865
vn -0.9695 0.2050 -0.1340
vn -0.8001 0.5883 0.1176
vn 0.7964 0.5598 -0.2287
vn 0.5212 0.6634 -0.5370
vn 0.5574 0.6359 0.5338
vn 0.8421 0.4958 0.2125
vn 0.7964 0.5598 0.2287
vn 0.6143 -0.7010 -0.3623
vn 0.8969 -0.4406 -0.0393
vn 0.6749 -0.6750 -0.2982
vn 0.9470 -0.1342 0.2920
vn 0.6143 -0.7010 0.3623
vn 0.8974 -0.4409 -0.0157
vn 0.6749 -0.6749 0.2982
vn 0.8969 -0.4406 0.0393
vn 0.9470 -0.1342 -0.2920
vn 0.6382 0.7327 -0.2364
vn 0.7819 0.5766 -0.2370
vn 0.7819 0.5766 0.2370
vn 0.6382 0.7327 0.2364
vn -0.9886 0.0942 0.1177
vn -0.5500 0.6285 -0.5500
vn -0.9405 0.3240 0.1027
vn -0.9895 0.0944 -0.1099
vn -0.5500 0.6285 0.5500
vn 0.7729 0.3628 -0.5205
vn 0.8191 0.4096 -0.4017
vn 0.7729 0.3628 0.5205
vn -0.9696 0.2048 -0.1340
vn -0.9740 0.1885 -0.1257
vn -0.9405 0.3239 0.1027
vn -0.9696 0.2048 0.1340
vn -0.9077 0.0315 -0.4184
vn -0.9656 -0.1099 -0.2355
vn -0.7810 -0.0395 -0.6232
vn -0.9077 0.0316 0.4184
vn -0.7810 -0.0395 0.6233
vn 0.6152 -0.2682 -0.7414
vn 0.0706 -0.4080 -0.9102
vn 0.1977 -0.4032 -0.8935
vn 0.8294 0.3871 -0.4028
vn 0.8295 0.5056 -0.2370
vn 0.8561 0.4948 -0.1493
vn 0.8810 0.3227 -0.3461
vn 0.1977 -0.4032 0.8935
vn 0.0707 -0.4080 0.9102
vn 0.8294 0.3871 0.4028
vn 0.8295 0.5056 0.2370
vn 0.8810 0.3226 0.3461
vn 0.9196 0.1100 0.3771
vn 0.8911 0.0630 0.4494
vn 0.9520 -0.1338 -0.2754
vn 0.9504 -0.2200 -0.2199
vn 0.9504 -0.2199 0.2199
vn 0.8911 0.0631 -0.4494
vn -0.5589 0.7793 -0.2833
vn -0.8044 0.5837 0.1104
vn -0.5510 -0.0158 0.8344
vn -0.7330 -0.1182 0.6699
vn -0.9517 -0.0079 -0.3068
vn -0.5757 -0.0946 -0.8122
vn -0.4510 -0.3639 -0.8149
vn -0.9517 -0.0078 0.3068
vn -0.4511 -0.3640 0.8149
vn 0.8699 0.3242 -0.3717
vn 0.9195 0.0079 -0.3930
vn 0.6339 0.3521 -0.6886
vn 0.6292 0.3539 0.6920
vn 0.9195 0.0080 0.3930
vn 0.8699 0.3242 0.3717
vn -0.7881 -0.0315 -0.6147
vn -0.9555 0.2922 -0.0395
vn -0.7881 -0.0315 0.6147
vn 0.5196 0.8188 0.2439
vn -0.1100 0.9429 0.3143
vn 0.5197 0.8188 -0.2441
vn -0.0236 0.6539 -0.7562
vn -0.1100 0.9429 -0.3143
vn -0.8193 0.1261 -0.5593
vn -0.9313 -0.3630 0.0315
vn -0.8262 0.2675 -0.4958
vn -0.8193 0.1260 0.5593
vn -0.9678 0.0630 0.2438
vn -0.9886 0.0942 0.1176
vn -0.9740 0.1886 -0.1257
vn -0.8440 0.3549 -0.4021
vn -0.8966 -0.4247 0.1258
vn -0.6381 -0.1812 -0.7484
vn -0.9782 -0.2051 -0.0316
vn -0.7970 0.5287 0.2920
vn -0.9678 0.0630 -0.2439
vn -0.9895 0.0942 -0.1098
vn -0.9404 0.3240 0.1028
vn -0.8439 0.3550 0.4022
vn 0.6469 0.6942 0.3156
vn -0.6380 -0.1812 0.7484
vn -0.4816 -0.5131 0.7105
vn 0.5196 0.8188 0.2441
vn 0.7978 0.6003 -0.0553
vn 0.7169 0.5908 -0.3702
vn 0.7979 0.6003 -0.0555
vn 0.3700 0.7952 -0.4804
vn 0.9803 0.1976 -0.0080
vn 0.8280 0.5047 0.2445
vn 0.5196 0.8188 -0.2441
vn 0.7979 0.6003 0.0553
vn 0.7169 0.5908 0.3701
vn 0.3700 0.7952 0.4803
vn 0.7820 0.5765 -0.2369
vn 0.7398 0.2754 -0.6138
vn 0.7398 0.2755 0.6138
vn 0.3455 0.6517 -0.6752
vn -0.8723 -0.0393 -0.4873
vn -0.9206 0.3855 -0.0629
vn -0.9908 0.1101 -0.0787
vn -0.9078 0.0316 -0.4182
vn -0.9914 0.1102 -0.0708
vn -0.8724 -0.0393 0.4873
vn -0.9813 -0.0392 0.1885
vn -0.9908 0.1101 0.0787
vn -0.8949 0.1806 0.4082
vn -0.9078 0.0316 0.4183
vn -0.9991 0.0157 0.0393
vn -0.6545 0.3785 -0.6545
vn -0.6285 0.2671 -0.7305
vn -0.6214 0.2596 -0.7393
vn -0.9992 -0.0393 0.0078
vn -0.6519 0.1728 -0.7383
vn -0.9538 0.0237 -0.2996
vn -0.9992 -0.0394 0.0079
vn -0.6449 -0.3067 0.7000
vn -0.6274 -0.4392 0.6430
vn -0.9892 0.0391 0.1413
vn -0.6545 0.3785 0.6545
vn -0.6284 0.2671 0.7306
vn -0.9991 0.0157 -0.0393
vn -0.9943 -0.0789 -0.0711
vn -0.6213 0.2596 0.7393
vn -0.6285 0.2671 0.7306
vn -0.6214 0.2596 0.7392
vn -0.6519 0.1728 0.7383
vn -0.9538 0.0237 0.2996
vn -0.9874 -0.0948 -0.1265
vn -0.6195 -0.4391 -0.6507
vn -0.8561 -0.2121 -0.4713
vn -0.7209 -0.4700 -0.5093
vn -0.8561 -0.2120 -0.4713
vn -0.7477 -0.3463 -0.5666
vn -0.8815 -0.4722 -0.0079
vn -0.7209 -0.4700 0.5093
vn -0.8562 -0.2121 0.4712
vn -0.8561 -0.2121 0.4713
vn -0.7478 -0.3462 0.5666
vn -0.8815 -0.4722 0.0079
vn -0.9876 0.1186 0.1027
vn -0.8440 0.3549 0.4022
vn -0.9823 0.1572 0.1022
vn 0.2291 0.9714 -0.0632
vn 0.7398 0.2755 -0.6138
vn 0.9515 0.1652 -0.2595
vn 0.9495 0.2137 -0.2295
vn 0.7399 0.2754 -0.6138
vn 0.9515 0.1652 0.2595
vn 0.9495 0.2138 0.2295
vn -0.5138 0.1423 -0.8460
vn -0.1894 0.1499 -0.9704
vn -0.2757 -0.0156 -0.9611
vn -0.4181 0.2920 -0.8602
vn -0.5138 0.1423 0.8460
vn -0.1893 0.1499 0.9704
vn -0.4182 0.2919 0.8602
vn -0.2757 -0.0157 0.9611
vn -0.9507 -0.3064 0.0471
vn -0.7707 -0.0157 -0.6370
vn -0.7792 0.0787 -0.6218
vn -0.9751 -0.2044 0.0865
vn -0.8109 -0.1732 -0.5589
vn -0.9750 -0.2045 0.0864
vn -0.7707 -0.0159 -0.6370
vn -0.9507 -0.3064 -0.0471
vn -0.7707 -0.0158 0.6370
vn -0.9751 -0.2044 -0.0864
vn -0.7792 0.0787 0.6218
vn -0.9751 -0.2044 -0.0865
vn -0.8109 -0.1732 0.5590
vn -0.9463 -0.2287 -0.2287
vn -0.4510 -0.3640 -0.8149
vn -0.2747 -0.6437 -0.7143
vn -0.4510 -0.3640 0.8149
vn -0.9517 -0.0079 0.3068
vn -0.2748 -0.6436 0.7143
vn 0.6137 0.6845 -0.3934
vn 0.9320 0.3554 0.0710
vn 0.5737 0.6208 -0.5343
vn 0.9320 0.3554 -0.0710
vn 0.6138 0.6845 0.3934
vn 0.5736 0.6208 0.5343
vn -0.9609 -0.0238 -0.2757
vn -0.8350 0.2205 -0.5041
vn -0.9966 -0.0784 -0.0235
vn -0.9758 -0.1888 0.1102
vn -0.8350 0.2205 0.5041
vn -0.9964 -0.0784 0.0314
vn -0.0786 -0.8562 -0.5106
vn -0.0867 -0.8349 -0.5435
vn -0.8523 -0.5130 -0.1026
vn -0.1341 -0.8122 -0.5677
vn -0.0866 -0.8349 -0.5435
vn -0.1414 -0.7776 -0.6127
vn -0.8522 -0.5130 0.1026
vn -0.0866 -0.8349 0.5435
vn -0.0786 -0.8562 0.5106
vn -0.8496 -0.5272 -0.0159
vn -0.8522 -0.5130 0.1025
vn -0.1341 -0.8122 0.5678
vn -0.8497 -0.5271 -0.0158
vn -0.1414 -0.7776 0.6126
vn -0.9137 -0.4016 0.0630
vn -0.8193 0.1260 -0.5593
vn -0.9137 -0.4016 -0.0630
vn -0.8494 -0.5269 0.0314
vn -0.4237 -0.5257 -0.7376
vn -0.8675 -0.4969 0.0236
vn -0.3632 -0.5527 -0.7501
vn -0.8493 -0.5269 -0.0314
vn -0.4237 -0.5257 0.7376
vn -0.3632 -0.5527 0.7501
vn -0.9954 0.0948 -0.0158
vn -0.9610 -0.0236 -0.2756
vn -0.9859 0.1183 -0.1183
vn -0.9987 0.0393 0.0315
vn -0.9434 0.1965 -0.2673
vn -0.7240 0.5666 -0.3934
vn -0.9908 0.1101 -0.0786
vn -0.9657 -0.1099 -0.2355
vn -0.9078 0.0316 -0.4183
vn -0.9929 -0.1182 -0.0158
vn -0.7240 0.5665 -0.3935
vn -0.9433 0.1966 -0.2673
vn -0.9758 -0.1888 -0.1102
vn -0.9954 0.0948 0.0158
vn -0.9987 0.0393 -0.0315
vn -0.9610 -0.0236 0.2755
vn -0.9859 0.1183 0.1183
vn -0.9908 0.1101 0.0786
vn -0.9434 0.1965 0.2672
vn -0.7240 0.5665 0.3935
vn -0.9434 0.1965 0.2673
vn -0.9610 -0.0236 0.2757
vn -0.9433 0.1966 0.2673
vn -0.7240 0.5666 0.3935
vn -0.9943 -0.0791 -0.0710
vn -0.2748 -0.6436 -0.7143
vn -0.1341 -0.8122 -0.5678
vn -0.1341 -0.8122 0.5677
vn -0.8731 -0.4641 0.1495
vn -0.2356 -0.6753 -0.6989
vn -0.1414 -0.7776 -0.6126
vn -0.2356 -0.6753 0.6989
vn 0.3062 0.7773 -0.5496
vn 0.3922 0.5804 -0.7137
vn 0.9466 0.2998 -0.1183
vn 0.9466 0.2999 0.1183
vn 0.3922 0.5804 0.7137
vn -0.6380 -0.1812 -0.7484
vn -0.9538 0.0236 -0.2995
vn -0.6381 -0.1812 0.7484
vn 0.8111 0.4016 -0.4253
vn 0.3784 -0.0788 -0.9223
vn 0.3086 -0.1819 -0.9336
vn 0.8699 0.3243 -0.3717
vn 0.3784 -0.0788 0.9223
vn 0.3087 -0.1820 0.9336
vn 0.5736 0.6209 0.5343
vn 0.8699 0.3243 0.3717
vn 0.9534 0.1969 -0.2285
vn 0.8008 0.4947 0.3376
vn 0.6990 0.3691 -0.6126
vn 0.6990 0.3691 0.6125
vn 0.8008 0.4946 -0.3378
vn 0.7730 0.3628 0.5205
vn -0.0865 0.7389 -0.6682
vn -0.0865 0.7390 -0.6682
vn -0.9538 0.0236 -0.2996
vn -0.0865 0.7389 0.6682
vn -0.0864 0.7389 0.6682
vn -0.0865 0.7390 0.6682
vn -0.6381 -0.1810 0.7484
vn -0.9538 0.0236 0.2996
vn -0.8240 -0.2903 -0.4865
vn -0.8337 -0.1023 -0.5427
vn -0.8215 -0.2922 0.4897
vn -0.8337 -0.1023 0.5427
vn -0.8763 -0.4579 0.1500
vn -0.7330 -0.1182 -0.6699
vn -0.7881 -0.0316 -0.6147
vn -0.7881 -0.0315 0.6148
vn 0.7299 -0.3845 -0.5651
vn 0.9550 0.2604 -0.1421
vn 0.7359 -0.4668 -0.4905
vn -0.8899 0.4252 -0.1654
vn -0.8630 0.3688 -0.3452
vn -0.9099 0.4000 -0.1098
vn -0.9630 0.2290 -0.1421
vn 0.7299 -0.3846 0.5651
vn 0.9550 0.2604 0.1421
vn 0.7394 -0.4641 0.4877
vn 0.9218 0.3467 0.1734
vn -0.8631 0.3688 0.3452
vn -0.8898 0.4252 0.1654
vn -0.9099 0.4000 0.1098
vn -0.8337 -0.1022 -0.5427
vn -0.9206 -0.3225 -0.2203
vn 0.9256 -0.3765 -0.0393
vn 0.6750 -0.6749 -0.2982
vn 0.7324 -0.5907 -0.3386
vn 0.6750 -0.6749 0.2982
vn 0.7324 -0.5907 0.3386
vn 0.8974 -0.4408 -0.0157
vn 0.6828 -0.4631 -0.5651
vn 0.9545 0.2366 -0.1814
vn 0.6828 -0.4631 0.5651
vn 0.9545 0.2366 0.1814
vn -0.7208 -0.4702 -0.5093
vn -0.6484 -0.6248 -0.4350
vn -0.7208 -0.4702 0.5093
vn -0.9077 0.0316 -0.4185
vn -0.7484 0.1812 -0.6381
vn -0.7810 -0.0394 -0.6233
vn -0.9077 0.0316 0.4185
vn -0.7484 0.1812 0.6381
vn -0.8948 0.1805 0.4082
vn -0.7810 -0.0394 0.6233
vn 0.1340 0.8910 -0.4337
vn 0.0791 0.6725 -0.7358
vn 0.6469 0.6942 -0.3154
vn 0.1340 0.8910 0.4338
vn 0.0787 0.6686 0.7394
vn -0.5756 -0.0946 -0.8123
vn -0.2757 -0.0158 -0.9611
vn -0.3155 -0.2208 -0.9229
vn -0.5139 0.1423 -0.8460
vn -0.5756 -0.0946 0.8123
vn -0.2757 -0.0158 0.9611
vn -0.5139 0.1423 0.8460
vn -0.3084 -0.2214 0.9251
vn 0.3938 -0.1575 -0.9056
vn 0.3392 0.3234 -0.8834
vn 0.6937 -0.0631 -0.7175
vn 0.6338 0.3521 -0.6887
vn 0.3392 0.3233 0.8834
vn 0.6938 -0.0631 0.7174
vn 0.6291 0.3539 0.6921
vn 0.3937 -0.1575 0.9056
vn 0.1414 0.6127 -0.7776
vn 0.5212 0.6634 0.5369
vn 0.1414 0.6127 0.7776
vn 0.6765 0.2517 -0.6921
vn 0.9020 0.1412 -0.4079
vn 0.6765 0.2517 0.6921
vn 0.9020 0.1412 0.4080
vn 0.7399 0.2754 0.6138
vn -0.6563 0.5930 -0.4665
vn -0.9966 -0.0784 -0.0236
vn 0.9493 0.0157 -0.3140
vn 0.7580 -0.0790 -0.6474
vn 0.7462 -0.2199 -0.6284
vn -0.6563 0.5930 0.4665
vn -0.8350 0.2206 0.5040
vn 0.9520 -0.1338 0.2754
vn 0.7580 -0.0790 0.6475
vn 0.7462 -0.2199 0.6284
vn 0.9493 0.0157 0.3139
vn 0.7299 -0.3846 -0.5651
vn 0.8810 0.3225 -0.3461
vn 0.6555 -0.2764 -0.7028
vn 0.6555 -0.2764 0.7028
vn 0.8810 0.3225 0.3462
vn -0.8948 0.1806 -0.4083
vn -0.8630 0.3687 -0.3453
vn -0.7483 0.1812 -0.6381
vn -0.9630 0.2289 -0.1422
vn -0.7389 0.2201 0.6368
vn -0.8631 0.3687 0.3453
vn -0.8948 0.1806 0.4082
vn -0.7483 0.1812 0.6381
vn -0.7390 0.2201 -0.6368
vn 0.6828 -0.4630 -0.5651
vn 0.5817 -0.4638 -0.6682
vn 0.9545 0.2366 -0.1815
vn 0.3845 -0.4160 -0.8241
vn 0.5817 -0.4638 0.6682
vn 0.6829 -0.4630 0.5650
vn 0.9545 0.2366 0.1815
vn 0.9797 0.1019 0.1725
vn 0.3845 -0.4159 0.8242
vn 0.9849 -0.0867 0.1499
vn -0.8214 -0.2923 0.4897
vn -0.7211 -0.4860 0.4938
vn -0.7868 -0.5823 0.2046
vn -0.8762 -0.4579 0.1500
vn -0.8763 -0.4578 -0.1500
vn -0.7868 -0.5823 -0.2047
vn -0.8240 -0.2904 -0.4866
vn -0.7211 -0.4859 -0.4938
vn -0.7239 0.6844 -0.0865
vn -0.5500 0.6286 -0.5499
vn 0.1178 0.9586 -0.2593
vn 0.1178 0.9586 0.2593
vn 0.9467 0.2997 -0.1184
vn 0.4513 0.3246 -0.8312
vn 0.3922 0.5804 -0.7136
vn 0.9718 0.1818 0.1501
vn 0.4513 0.3246 0.8313
vn 0.2518 0.5037 -0.8264
vn 0.4575 0.7889 -0.4102
vn 0.1179 0.7622 -0.6365
vn 0.2518 0.5037 0.8264
vn 0.2590 0.9503 0.1727
vn 0.1179 0.7622 0.6365
vn -0.4509 -0.3639 -0.8150
vn -0.3155 -0.2209 -0.9228
vn 0.3846 -0.4159 -0.8241
vn -0.5756 -0.0947 -0.8122
vn -0.4510 -0.3639 0.8150
vn 0.3846 -0.4158 0.8241
vn 0.6554 -0.2764 -0.7029
vn 0.8294 0.3870 -0.4029
vn 0.5048 -0.1814 -0.8440
vn 0.6554 -0.2764 0.7029
vn 0.5048 -0.1814 0.8440
vn 0.8294 0.3870 0.4029
vn -0.7208 -0.4701 -0.5093
vn -0.8814 -0.4722 -0.0079
vn -0.2900 0.0391 -0.9562
vn -0.5510 -0.0157 0.8344
vn -0.2900 0.0392 0.9562
vn 0.7948 0.5037 -0.3385
vn 0.6990 0.3691 -0.6125
vn 0.5668 0.3779 -0.7320
vn 0.8008 0.4946 0.3376
vn 0.6990 0.3692 0.6125
vn 0.7948 0.5037 0.3384
vn 0.5668 0.3779 0.7321
vn 0.8008 0.4946 -0.3377
vn 0.7623 -0.3143 -0.5658
vn 0.9849 -0.0867 -0.1498
vn 0.9504 -0.2199 -0.2200
vn 0.7623 -0.3143 0.5658
vn 0.3845 -0.4160 0.8241
vn 0.1414 0.6126 -0.7776
vn 0.2045 0.4721 -0.8575
vn 0.1414 0.6126 0.7776
vn 0.2045 0.4721 0.8575
vn 0.9438 0.2596 0.2047
vn 0.0868 0.9474 -0.3079
vn -0.8052 0.5841 -0.1025
vn -0.5510 -0.0158 -0.8344
vn -0.3145 -0.4245 -0.8490
vn 0.9496 0.2137 -0.2295
vn 0.3710 0.2842 -0.8841
vn 0.9397 0.0395 -0.3396
vn 0.0869 0.9474 0.3079
vn 0.9496 0.2136 0.2295
vn 0.9397 0.0395 0.3396
vn 0.3710 0.2841 0.8841
vn 0.7462 -0.2200 -0.6283
vn 0.9504 -0.2200 -0.2200
vn -0.7211 -0.4860 -0.4938
vn -0.6935 -0.6226 -0.3626
vn -0.6146 -0.5042 -0.6067
vn -0.7868 -0.5823 -0.2046
vn -0.6935 -0.6226 0.3626
vn -0.7868 -0.5822 0.2046
vn -0.6146 -0.5042 0.6067
vn 0.5290 -0.6079 -0.5921
vn 0.6143 -0.7009 -0.3623
vn 0.5290 -0.6079 0.5921
vn 0.8968 -0.4406 0.0393
vn 0.6143 -0.7009 0.3623
vn 0.8661 -0.4487 0.2204
vn 0.5818 -0.4638 -0.6681
vn -0.4509 -0.3640 -0.8150
vn 0.8111 0.4016 0.4253
vn 0.8293 0.3871 0.4029
vn 0.5818 -0.4637 0.6682
vn 0.3846 -0.4160 0.8241
vn -0.4509 -0.3640 0.8150
vn 0.5347 -0.1807 -0.8255
vn 0.3710 0.2842 0.8841
vn 0.7358 -0.4668 -0.4906
vn -0.0785 -0.8562 -0.5106
vn -0.0867 -0.8349 0.5435
vn -0.0785 -0.8562 0.5106
vn 0.2198 0.3296 -0.9182
vn 0.2209 0.3155 -0.9228
vn 0.9077 0.1421 0.3947
vn 0.2214 0.3320 0.9169
vn 0.2209 0.3155 0.9229
vn 0.2209 0.3155 -0.9229
vn 0.2448 0.2684 -0.9317
vn 0.6764 0.2517 -0.6922
vn 0.2448 0.2685 0.9316
vn 0.9020 0.1413 0.4079
vn 0.6764 0.2517 0.6922
vn 0.2370 0.5056 -0.8296
vn 0.9448 0.1889 -0.2677
vn 0.2197 0.3296 -0.9182
vn 0.2370 0.5056 0.8296
vn 0.9448 0.1889 0.2677
vn -0.1340 -0.8122 -0.5677
vn -0.2748 -0.6437 -0.7143
vn -0.2747 -0.6437 0.7143
vn -0.1340 -0.8122 0.5678
vn 0.3391 0.3234 -0.8834
vn 0.5736 0.6208 -0.5344
vn 0.6339 0.3522 -0.6886
vn 0.2690 0.6486 -0.7120
vn 0.5736 0.6208 0.5344
vn 0.3391 0.3234 0.8834
vn 0.2676 0.6532 0.7083
vn 0.9048 0.4092 -0.1180
vn 0.7168 0.5908 -0.3702
vn 0.7168 0.5908 0.3702
vn 0.9048 0.4092 0.1181
vn 0.9142 0.3625 0.1813
vn 0.7978 0.6004 0.0553
vn 0.8280 0.5047 0.2444
vn 0.9763 0.1181 -0.1811
vn 0.4720 0.0315 -0.8810
vn 0.9718 0.1817 -0.1502
vn 0.9718 0.1817 0.1502
vn 0.4721 0.0315 0.8810
vn 0.2362 0.4251 -0.8738
vn 0.2362 0.4251 0.8738
vn 0.5268 0.6606 0.5348
vn -0.4510 -0.3639 -0.8150
vn 0.2522 0.1103 -0.9614
vn 0.7397 0.2755 -0.6139
vn 0.2448 0.2685 -0.9317
vn 0.2522 0.1103 0.9614
vn 0.7397 0.2755 0.6140
vn 0.2448 0.2684 0.9317
vn 0.8130 0.5604 -0.1579
vn 0.0869 0.9474 -0.3079
vn -0.0473 0.7807 -0.6231
vn 0.8763 0.4816 -0.0079
vn 0.8130 0.5605 0.1579
vn -0.0473 0.7807 0.6231
vn 0.2748 -0.1491 -0.9499
vn 0.3087 -0.1819 -0.9336
vn 0.3701 0.7952 -0.4803
vn 0.9448 0.1890 -0.2676
vn 0.2370 0.5056 -0.8295
vn 0.7168 0.5908 -0.3704
vn 0.2748 -0.1491 0.9499
vn 0.3086 -0.1820 0.9336
vn 0.3701 0.7952 0.4803
vn 0.2370 0.5056 0.8295
vn 0.7168 0.5908 0.3703
vn 0.9048 0.3855 -0.1810
vn 0.2437 0.7702 -0.5894
vn 0.5528 0.6237 -0.5527
vn 0.8280 0.5046 -0.2445
vn 0.5527 0.6238 0.5526
vn 0.9048 0.3855 0.1810
vn 0.2437 0.7702 0.5894
vn 0.9048 0.4091 0.1181
vn 0.5528 0.6237 0.5527
vn 0.8280 0.5047 0.2446
vn -0.8439 0.3549 -0.4023
vn -0.3216 0.4234 -0.8470
vn -0.8439 0.3550 0.4023
vn -0.3215 0.4235 0.8469
vn 0.2435 0.7935 -0.5577
vn 0.6137 0.6845 -0.3935
vn 0.2689 0.6488 -0.7119
vn -0.1414 -0.7776 0.6127
vn -0.0867 -0.8350 0.5434
vn 0.6137 0.6845 0.3934
vn 0.2435 0.7935 0.5578
vn 0.2676 0.6533 0.7082
vn -0.3215 0.4235 -0.8469
vn -0.8439 0.3549 -0.4024
vn -0.5447 0.2053 -0.8131
vn -0.5447 0.2053 0.8131
vn -0.8439 0.3549 0.4023
vn 0.7398 0.2754 -0.6139
vn 0.7398 0.2754 0.6139
vn 0.2523 0.1103 0.9614
vn -0.9989 0.0001 -0.0472
vn -0.5043 0.3703 -0.7801
vn -0.5501 0.6285 -0.5499
vn -0.5043 0.3703 0.7801
vn -0.5500 0.6286 0.5499
vn -0.9743 -0.1101 0.1965
vn 0.2046 0.4720 -0.8575
vn 0.2046 0.4720 0.8575
vn 0.8338 -0.4169 -0.3619
vn 0.5290 -0.6079 -0.5922
vn 0.4796 -0.5189 -0.7076
vn 0.4796 -0.5189 0.7076
vn -0.5505 -0.4168 -0.7234
vn -0.5667 -0.3463 -0.7477
vn -0.5504 -0.4168 0.7234
vn -0.5667 -0.3463 0.7477
vn -0.6145 -0.5043 -0.6067
vn -0.7476 -0.3463 -0.5667
vn -0.7208 -0.4701 0.5094
vn -0.6145 -0.5043 0.6067
vn -0.7476 -0.3463 0.5668
vn -0.4815 -0.5132 -0.7105
vn 0.3085 -0.1820 -0.9337
vn 0.2747 -0.1492 -0.9499
vn 0.2747 -0.1492 0.9499
vn -0.4816 -0.5132 -0.7105
vn 0.3784 -0.0789 -0.9223
vn 0.9496 0.2136 -0.2293
vn 0.3455 0.6517 0.6753
vn 0.4893 -0.3710 -0.7892
vn 0.4893 -0.3710 0.7892
vn 0.3784 -0.0789 0.9223
vn -0.4238 -0.5257 0.7376
vn 0.3085 -0.1820 0.9337
vn -0.8936 0.2038 -0.3998
vn -0.9275 0.1415 -0.3459
vn -0.6693 -0.1968 -0.7165
vn -0.6061 -0.0236 -0.7950
vn -0.9458 0.0315 -0.3231
vn -0.6693 -0.1968 0.7165
vn -0.9458 0.0315 0.3231
vn -0.6061 -0.0236 0.7950
vn -0.5221 -0.4034 -0.7515
vn -0.5505 -0.4167 -0.7234
vn -0.5221 -0.4034 0.7514
vn -0.5505 -0.4167 0.7234
vn 0.9388 0.1183 -0.3235
vn 0.3848 -0.1492 -0.9109
vn 0.9412 0.1186 0.3164
vn 0.3848 -0.1492 0.9109
vn -0.4565 0.2046 -0.8659
vn -0.9798 -0.0391 -0.1959
vn -0.4566 0.2046 0.8658
vn -0.7240 0.5666 -0.3936
vn 0.2748 -0.1492 -0.9499
vn -0.6381 -0.1811 -0.7484
vn -0.6381 -0.1812 0.7483
vn -0.4816 -0.5132 0.7104
vn 0.4893 -0.3709 -0.7893
vn 0.8496 -0.1573 -0.5035
vn 0.8422 -0.2991 0.4487
vn 0.4893 -0.3709 0.7893
vn 0.3921 0.5804 -0.7137
vn -0.5043 0.3704 -0.7801
vn 0.3921 0.5804 0.7137
vn -0.5448 0.2052 -0.8131
vn -0.5447 0.2052 0.8131
vn -0.4552 -0.0785 -0.8869
vn -0.4566 0.2047 -0.8658
vn -0.4552 -0.0784 0.8869
vn -0.4565 0.2047 0.8659
vn -0.9878 -0.0632 0.1423
vn -0.4553 -0.0785 0.8869
vn -0.9894 -0.0943 0.1100
vn -0.6284 0.2671 -0.7306
vn -0.6213 0.2596 -0.7393
vn 0.2208 0.3155 -0.9229
vn 0.2447 0.2685 -0.9317
vn 0.2208 0.3155 0.9229
vn 0.2448 0.2685 0.9317
vn -0.6519 0.1728 -0.7384
vn 0.2447 0.2684 -0.9317
vn 0.2212 0.3320 0.9170
vn -0.5501 -0.2829 -0.7858
vn -0.5344 -0.2908 -0.7936
vn -0.5500 -0.2829 0.7858
vn -0.5344 -0.2908 0.7937
vn 0.0869 0.9475 -0.3079
vn 0.0787 0.9603 0.2677
vn -0.8691 0.4424 0.2213
vn -0.0474 0.7808 -0.6230
vn -0.8263 0.2675 -0.4957
vn 0.0788 0.9603 -0.2676
vn -0.8691 0.4424 -0.2213
vn -0.8263 0.2675 0.4957
vn 0.3221 -0.2828 -0.9035
vn 0.9131 0.0709 -0.4015
vn 0.3221 -0.2828 0.9035
vn 0.9131 0.0709 0.4015
vn 0.3848 -0.1491 0.9109
vn -0.4094 0.8341 -0.3698
vn -0.5447 0.2052 -0.8132
vn 0.2370 0.5057 0.8295
vn -0.3146 -0.4245 0.8490
vn -0.4102 -0.4576 0.7889
vn -0.4102 -0.4576 -0.7889
vn -0.5344 -0.2908 -0.7937
vn -0.4405 -0.3697 -0.8181
vn -0.5500 -0.2829 -0.7858
vn -0.4405 -0.3697 0.8181
vn -0.5510 -0.0158 -0.8343
vn -0.1415 -0.2751 -0.9509
vn -0.3144 -0.4245 -0.8491
vn -0.2900 0.0392 -0.9562
vn -0.1413 -0.2751 0.9510
vn -0.3144 -0.4245 0.8491
vn 0.9014 0.0392 -0.4312
vn 0.3296 -0.4001 -0.8551
vn 0.3145 -0.4087 -0.8568
vn 0.3295 -0.4001 0.8552
vn 0.3144 -0.4087 0.8568
vn 0.5527 0.6237 -0.5527
vn 0.2436 0.7702 -0.5894
vn 0.5527 0.6238 0.5527
vn 0.2436 0.7702 0.5895
vn -0.8350 0.2205 0.5042
vn 0.3222 -0.2827 -0.9035
vn 0.3144 -0.4088 -0.8568
vn -0.8388 -0.2116 -0.5017
vn -0.4957 -0.0708 -0.8656
vn -0.0393 0.0706 -0.9967
vn -0.1177 0.0941 -0.9886
vn -0.4958 -0.0708 0.8656
vn -0.0393 0.0706 0.9967
vn -0.1177 0.0941 0.9886
vn -0.8109 -0.1732 -0.5590
vn -0.0078 0.1260 -0.9920
vn -0.8388 -0.2117 -0.5016
vn -0.0079 0.1259 0.9920
vn -0.8388 -0.2117 0.5017
vn -0.0867 0.5990 -0.7961
vn -0.0314 0.4720 -0.8810
vn -0.0867 0.5990 0.7960
vn -0.0315 0.4720 0.8810
vn -0.0867 0.5990 -0.7960
vn 0.8051 0.4972 -0.3235
vn -0.0473 0.7808 -0.6230
vn -0.8262 0.2676 -0.4957
vn 0.8051 0.4972 0.3235
vn -0.0473 0.7808 0.6230
vn 0.8130 0.5605 0.1577
vn -0.8262 0.2677 0.4957
vn -0.8193 0.1261 0.5593
vn -0.0315 0.4720 -0.8810
vn 0.0316 0.2923 -0.9558
vn 0.0316 0.2923 0.9558
vn -0.0079 0.1260 -0.9920
vn -0.0079 0.1260 0.9920
vn -0.7707 -0.0157 0.6370
vn 0.4513 0.3246 -0.8313
vn -0.4565 0.2047 -0.8658
vn 0.4512 0.3246 0.8313
vn -0.4566 0.2047 0.8658
vn -0.8193 0.1260 -0.5594
vn 0.7729 0.3628 -0.5206
vn 0.6989 0.3691 -0.6126
vn -0.0392 0.0705 -0.9967
vn 0.6989 0.3691 0.6126
vn 0.7729 0.3628 0.5206
vn -0.0392 0.0706 0.9967
vn 0.5668 0.3778 -0.7321
vn -0.1177 0.0942 -0.9886
vn -0.1177 0.0942 0.9886
vn 0.4720 0.0314 -0.8810
vn 0.4512 0.3246 -0.8313
vn 0.4720 0.0315 0.8810
vn 0.3847 -0.1492 -0.9109
vn -0.4552 -0.0785 0.8869
vn -0.4876 -0.2595 -0.8336
vn -0.5667 -0.3462 -0.7477
vn 0.3847 -0.1492 0.9109
vn -0.5666 -0.3463 0.7477
vn -0.5666 -0.3463 -0.7477
vn -0.5504 -0.4168 -0.7234
vn 0.3295 -0.4001 -0.8552
vn -0.5504 -0.4167 -0.7235
vn 0.3144 -0.4087 -0.8568
vn -0.5504 -0.4167 0.7234
vn 0.3144 -0.4088 0.8568
vn -0.5221 -0.4034 0.7515
vt 0.852648 0.870804
vt 0.804907 0.881666
vt 0.805304 0.876358
vt 0.855901 0.876058
vt 0.899748 0.862187
vt 0.854334 0.872348
vt 0.896587 0.860967
vt 0.918897 0.846781
vt 0.921139 0.847527
vt 0.805029 0.877060
vt 0.780435 0.876402
vt 0.781793 0.870850
vt 0.458843 0.793985
vt 0.411901 0.772114
vt 0.413790 0.771223
vt 0.449791 0.794786
vt 0.516496 0.811090
vt 0.519215 0.810787
vt 0.557834 0.815300
vt 0.559855 0.815840
vt 0.897100 0.857906
vt 0.374011 0.749443
vt 0.598761 0.814561
vt 0.596631 0.813614
vt 0.613108 0.811516
vt 0.613700 0.811860
vt 0.919891 0.842461
vt 0.920339 0.842611
vt 0.368736 0.748461
vt 0.745533 0.862534
vt 0.747360 0.855981
vt 0.780958 0.871908
vt 0.919867 0.845270
vt 0.216987 0.574834
vt 0.301965 0.640348
vt 0.310004 0.647900
vt 0.190973 0.550276
vt 0.212601 0.578317
vt 0.186352 0.553451
vt 0.156592 0.517821
vt 0.151661 0.520589
vt 0.920084 0.842157
vt 0.862706 0.667322
vt 0.864477 0.665935
vt 0.882721 0.642138
vt 0.881698 0.635208
vt 0.878727 0.636149
vt 0.882733 0.637267
vt 0.879147 0.633901
vt 0.462299 0.784252
vt 0.520764 0.801329
vt 0.052685 0.443706
vt 0.045573 0.447698
vt 0.420597 0.760805
vt 0.774141 0.740367
vt 0.753841 0.755509
vt 0.751605 0.749304
vt 0.777703 0.743733
vt 0.708396 0.756013
vt 0.715156 0.765171
vt 0.840716 0.678841
vt 0.838241 0.680654
vt 0.745652 0.858487
vt 0.327934 0.691900
vt 0.319895 0.692184
vt 0.854369 0.665844
vt 0.830745 0.678903
vt 0.790625 0.732950
vt 0.792670 0.735392
vt 0.699394 0.834541
vt 0.704813 0.827740
vt 0.612762 0.810417
vt 0.595345 0.811098
vt 0.439873 0.680870
vt 0.376300 0.667648
vt 0.438173 0.685334
vt 0.364585 0.660818
vt 0.509088 0.705557
vt 0.511658 0.701696
vt 0.805109 0.725163
vt 0.807883 0.725378
vt 0.880288 0.637186
vt 0.613956 0.811424
vt 0.600183 0.812388
vt 0.224893 0.568557
vt 0.316185 0.639777
vt 0.794603 0.686536
vt 0.796721 0.688850
vt 0.199300 0.544555
vt 0.165478 0.512833
vt 0.874813 0.641248
vt 0.644566 0.686215
vt 0.645545 0.685659
vt 0.622528 0.690012
vt 0.626011 0.692148
vt 0.796520 0.717803
vt 0.537072 0.721365
vt 0.540484 0.717828
vt 0.065502 0.436512
vt 0.703530 0.680946
vt 0.706618 0.678914
vt 0.616815 0.697463
vt 0.612832 0.696204
vt 0.700375 0.772693
vt 0.693610 0.766942
vt 0.565882 0.739428
vt 0.569706 0.736538
vt 0.612405 0.768580
vt 0.616188 0.767771
vt 0.802169 0.720469
vt 0.802877 0.720471
vt 0.378896 0.737357
vt 0.614007 0.687516
vt 0.607931 0.694440
vt 0.442935 0.672825
vt 0.516291 0.694740
vt 0.367439 0.655830
vt 0.561122 0.808998
vt 0.652360 0.800194
vt 0.701539 0.833494
vt 0.337172 0.691572
vt 0.648653 0.796903
vt 0.609347 0.701778
vt 0.603135 0.702397
vt 0.604958 0.702551
vt 0.547490 0.712000
vt 0.578137 0.732313
vt 0.758343 0.683872
vt 0.760401 0.686327
vt 0.622374 0.759967
vt 0.767789 0.516031
vt 0.771561 0.510569
vt 0.768830 0.513604
vt 0.771315 0.511148
vt 0.796791 0.686567
vt 0.772768 0.737055
vt 0.750300 0.749527
vt 0.708593 0.757969
vt 0.657651 0.789446
vt 0.696673 0.621681
vt 0.690034 0.619045
vt 0.690133 0.623233
vt 0.729997 0.683450
vt 0.706651 0.678884
vt 0.730707 0.681205
vt 0.742360 0.524350
vt 0.729915 0.537359
vt 0.740936 0.527672
vt 0.726558 0.534868
vt 0.413085 0.766160
vt 0.382998 0.745325
vt 0.616129 0.693964
vt 0.443172 0.786996
vt 0.556663 0.811260
vt 0.515017 0.805864
vt 0.787089 0.728568
vt 0.716556 0.557933
vt 0.710542 0.553274
vt 0.692772 0.595590
vt 0.702449 0.600320
vt 0.612278 0.699181
vt 0.644350 0.684504
vt 0.628107 0.677004
vt 0.345007 0.514874
vt 0.327847 0.507764
vt 0.347483 0.515328
vt 0.324505 0.507017
vt 0.828685 0.676624
vt 0.793519 0.683953
vt 0.710258 0.575588
vt 0.701811 0.571817
vt 0.617833 0.684780
vt 0.692594 0.766391
vt 0.766810 0.509712
vt 0.770713 0.508830
vt 0.609868 0.708653
vt 0.607339 0.701813
vt 0.760296 0.682113
vt 0.729611 0.679301
vt 0.354252 0.516591
vt 0.365516 0.522025
vt 0.852365 0.664319
vt 0.876637 0.637395
vt 0.756039 0.678452
vt 0.803089 0.716022
vt 0.310467 0.617423
vt 0.234750 0.560731
vt 0.117394 0.407384
vt 0.110281 0.411376
vt 0.081483 0.427541
vt 0.097465 0.418570
vt 0.739606 0.518544
vt 0.582055 0.681156
vt 0.601018 0.700688
vt 0.568556 0.690298
vt 0.735204 0.672997
vt 0.365629 0.521557
vt 0.366050 0.521832
vt 0.861040 0.659321
vt 0.717067 0.668247
vt 0.704496 0.645441
vt 0.691837 0.645045
vt 0.556618 0.805509
vt 0.595306 0.808067
vt 0.682398 0.623903
vt 0.684252 0.647025
vt 0.353906 0.512967
vt 0.799251 0.717708
vt 0.696516 0.598084
vt 0.705672 0.573614
vt 0.725926 0.535203
vt 0.712222 0.556835
vt 0.326579 0.500410
vt 0.914829 0.843591
vt 0.889999 0.855172
vt 0.342325 0.691390
vt 0.209685 0.537420
vt 0.176558 0.506614
vt 0.718685 0.529865
vt 0.630942 0.758135
vt 0.587059 0.725570
vt 0.639091 0.680945
vt 0.805777 0.865089
vt 0.783927 0.859453
vt 0.749662 0.843551
vt 0.640262 0.645340
vt 0.611757 0.662061
vt 0.659486 0.658627
vt 0.613563 0.687158
vt 0.595553 0.672014
vt 0.669062 0.610724
vt 0.681598 0.615698
vt 0.654662 0.628032
vt 0.717050 0.668276
vt 0.699005 0.662783
vt 0.706572 0.679015
vt 0.713714 0.818212
vt 0.698962 0.662887
vt 0.644864 0.686846
vt 0.607886 0.724055
vt 0.600681 0.700596
vt 0.588932 0.716350
vt 0.847134 0.860776
vt 0.355420 0.663125
vt 0.364700 0.673698
vt 0.555340 0.703912
vt 0.532102 0.683082
vt 0.522067 0.686066
vt 0.562647 0.687045
vt 0.446754 0.662794
vt 0.371771 0.639253
vt 0.357782 0.651944
vt 0.333579 0.648116
vt 0.341557 0.652190
vt 0.353433 0.667586
vt 0.688785 0.619827
vt 0.699079 0.648805
vt 0.919078 0.841820
vt 0.736364 0.525558
vt 0.782164 0.725238
vt 0.699814 0.546965
vt 0.709619 0.825249
vt 0.665505 0.788102
vt 0.769549 0.509714
vt 0.769266 0.508222
vt 0.769751 0.508250
vt 0.770707 0.510872
vt 0.764580 0.514575
vt 0.687313 0.567398
vt 0.702900 0.676854
vt 0.725268 0.662093
vt 0.676116 0.590569
vt 0.687583 0.613911
vt 0.703249 0.657657
vt 0.698678 0.662815
vt 0.308467 0.509526
vt 0.304186 0.507857
vt 0.800215 0.716227
vt 0.578370 0.696860
vt 0.301372 0.498797
vt 0.838890 0.670925
vt 0.612839 0.809395
vt 0.690480 0.783837
vt 0.664714 0.777528
vt 0.244608 0.552904
vt 0.318129 0.607519
vt 0.343367 0.649077
vt 0.360481 0.646168
vt 0.375515 0.628263
vt 0.450572 0.652763
vt 0.527844 0.677392
vt 0.761674 0.511667
vt 0.764444 0.731971
vt 0.698508 0.787760
vt 0.689368 0.781334
vt 0.613853 0.808680
vt 0.613517 0.808372
vt 0.613610 0.706631
vt 0.367855 0.520867
vt 0.890667 0.851349
vt 0.603501 0.701483
vt 0.615375 0.720229
vt 0.357212 0.690863
vt 0.391339 0.728788
vt 0.563191 0.695825
vt 0.595981 0.718828
vt 0.791601 0.677146
vt 0.754019 0.671608
vt 0.187639 0.500394
vt 0.220069 0.530286
vt 0.282087 0.517659
vt 0.272118 0.504893
vt 0.681645 0.614391
vt 0.687832 0.593935
vt 0.873831 0.633698
vt 0.651385 0.763901
vt 0.660341 0.754762
vt 0.653804 0.743429
vt 0.357246 0.690861
vt 0.392081 0.738047
vt 0.696924 0.569242
vt 0.742680 0.739152
vt 0.700294 0.748045
vt 0.743332 0.738302
vt 0.571338 0.669367
vt 0.587850 0.663052
vt 0.916038 0.841697
vt 0.919320 0.841441
vt 0.703932 0.552809
vt 0.796747 0.710013
vt 0.606751 0.675269
vt 0.590331 0.680026
vt 0.747588 0.846937
vt 0.782912 0.860830
vt 0.805427 0.866078
vt 0.849126 0.862620
vt 0.884974 0.849166
vt 0.844189 0.854246
vt 0.719776 0.531513
vt 0.624959 0.667744
vt 0.520037 0.790657
vt 0.457142 0.769704
vt 0.827483 0.670045
vt 0.763612 0.507782
vt 0.670866 0.662670
vt 0.728215 0.664828
vt 0.424241 0.749246
vt 0.764969 0.730844
vt 0.668326 0.633863
vt 0.679825 0.641249
vt 0.618052 0.718544
vt 0.215370 0.504601
vt 0.210455 0.507445
vt 0.259555 0.491433
vt 0.267323 0.506462
vt 0.228357 0.524751
vt 0.350862 0.511110
vt 0.657952 0.753819
vt 0.606466 0.698445
vt 0.293109 0.483266
vt 0.265156 0.494166
vt 0.296546 0.488268
vt 0.367998 0.520414
vt 0.367492 0.520630
vt 0.367981 0.520757
vt 0.793725 0.677962
vt 0.735056 0.515745
vt 0.732242 0.521348
vt 0.275732 0.522101
vt 0.719251 0.813370
vt 0.233078 0.521192
vt 0.642879 0.740858
vt 0.651327 0.761797
vt 0.595807 0.710825
vt 0.796998 0.713895
vt 0.798042 0.714164
vt 0.608060 0.702654
vt 0.323231 0.497585
vt 0.849490 0.658450
vt 0.697470 0.742741
vt 0.691460 0.736421
vt 0.755207 0.671639
vt 0.667925 0.776862
vt 0.663480 0.766592
vt 0.790820 0.708527
vt 0.611070 0.700600
vt 0.717562 0.816214
vt 0.560340 0.800579
vt 0.298245 0.494224
vt 0.655008 0.653334
vt 0.713890 0.527273
vt 0.325005 0.493206
vt 0.780567 0.722808
vt 0.260030 0.533769
vt 0.255298 0.536490
vt 0.416746 0.757352
vt 0.554826 0.675681
vt 0.244818 0.532487
vt 0.249058 0.544650
vt 0.261340 0.546265
vt 0.573911 0.684782
vt 0.729368 0.658886
vt 0.324272 0.599576
vt 0.378518 0.619450
vt 0.453635 0.644718
vt 0.530053 0.672352
vt 0.873428 0.636128
vt 0.608405 0.723939
vt 0.607705 0.724120
vt 0.760905 0.507629
vt 0.515061 0.798095
vt 0.441411 0.776657
vt 0.694194 0.544814
vt 0.357414 0.509963
vt 0.669654 0.587728
vt 0.662179 0.607502
vt 0.681543 0.564552
vt 0.647581 0.623307
vt 0.605853 0.654176
vt 0.239223 0.534987
vt 0.242713 0.549326
vt 0.256760 0.549610
vt 0.632983 0.639112
vt 0.751214 0.834533
vt 0.610839 0.656324
vt 0.593163 0.664690
vt 0.599295 0.806772
vt 0.918513 0.841171
vt 0.918620 0.841002
vt 0.542655 0.680162
vt 0.790799 0.671313
vt 0.752802 0.663626
vt 0.668439 0.609339
vt 0.675487 0.589402
vt 0.357506 0.508247
vt 0.686358 0.565492
vt 0.322921 0.489839
vt 0.731188 0.515514
vt 0.537261 0.676025
vt 0.654365 0.626109
vt 0.696202 0.547669
vt 0.712500 0.526826
vt 0.829954 0.664716
vt 0.785640 0.850566
vt 0.850731 0.653887
vt 0.638830 0.642125
vt 0.872586 0.640170
vt 0.367019 0.690515
vt 0.652683 0.733065
vt 0.775188 0.718844
vt 0.380185 0.614559
vt 0.455334 0.640254
vt 0.533669 0.667924
vt 0.327682 0.595169
vt 0.805867 0.856465
vt 0.562006 0.677931
vt 0.567111 0.681597
vt 0.397666 0.728591
vt 0.573823 0.666318
vt 0.586931 0.678433
vt 0.650058 0.734494
vt 0.644827 0.738396
vt 0.665291 0.740928
vt 0.558210 0.671591
vt 0.749782 0.836396
vt 0.757822 0.725887
vt 0.911997 0.840346
vt 0.662792 0.743472
vt 0.737574 0.731628
vt 0.843333 0.853185
vt 0.784766 0.851523
vt 0.805675 0.856927
vt 0.885283 0.847465
vt 0.912582 0.839494
vt 0.597295 0.805422
vt 0.558466 0.799245
vt 0.422936 0.747475
vt 0.448207 0.766359
vt 0.517533 0.789238
s 1
usemtl Handle2Mtl
f 3289/2218/1774 3290/2219/1775 3291/2220/1776
f 3290/2219/1775 3289/2218/1774 3292/2221/1777
f 3293/2218/1778 3294/2220/1779 3295/2219/1780
f 3295/2219/1780 3296/2221/1781 3293/2218/1778
f 3297/2222/1782 3298/2223/1783 3299/2221/1784
f 3298/2223/1783 3297/2222/1782 3300/2224/1785
f 3301/2222/1786 3302/2221/1787 3303/2223/1788
f 3301/2222/1786 3303/2223/1788 3304/2224/1789
f 3305/2225/1790 3297/2222/1782 3306/2226/1791
f 3297/2222/1782 3305/2225/1790 3300/2224/1785
f 3301/2222/1786 3307/2225/1792 3308/2226/1793
f 3307/2225/1792 3301/2222/1786 3304/2224/1789
f 3292/2221/1777 3309/2227/1794 3290/2219/1775
f 3309/2227/1794 3292/2221/1777 3298/2223/1783
f 3296/2221/1781 3310/2219/1795 3311/2227/1796
f 3296/2221/1781 3311/2227/1796 3303/2223/1788
f 3291/2220/1776 3312/2228/1797 3313/2229/1798
f 3312/2228/1797 3291/2220/1776 3314/2219/1799
f 3294/2220/1779 3315/2229/1800 3316/2228/1801
f 3294/2220/1779 3316/2228/1801 3295/2219/1780
f 3317/2230/1802 3318/2231/1803 3319/2232/1804
f 3320/2233/1805 3318/2231/1803 3317/2230/1802
f 3321/2230/1806 3322/2231/1807 3323/2233/1808
f 3321/2230/1806 3324/2232/1809 3322/2231/1807
f 3325/2234/1810 3317/2230/1802 3326/2235/1811
f 3317/2230/1802 3325/2234/1810 3320/2233/1805
f 3327/2230/1812 3328/2234/1813 3329/2235/1814
f 3328/2234/1813 3327/2230/1812 3330/2233/1815
f 3331/2236/1816 3332/2234/1817 3333/2237/1818
f 3334/2234/1819 3335/2236/1820 3336/2237/1821
f 3337/2238/1822 3299/2221/1784 3289/2218/1823
f 3297/2222/1782 3299/2221/1784 3337/2238/1822
f 3338/2239/1824 3339/2232/1825 3318/2231/1803
f 3340/2238/1826 3293/2218/1778 3296/2221/1781
f 3296/2221/1781 3301/2222/1786 3340/2238/1826
f 3324/2232/1809 3341/2239/1827 3322/2231/1807
f 3333/2237/1818 3332/2234/1817 3326/2235/1811
f 3336/2237/1821 3329/2235/1814 3342/2234/1828
f 3343/2240/1829 3344/2236/1830 3333/2237/1818
f 3345/2241/1831 3344/2236/1830 3343/2240/1829
f 3346/2240/1832 3336/2237/1821 3347/2236/1833
f 3346/2240/1832 3347/2236/1833 3348/2241/1834
f 3349/2242/1835 3345/2241/1831 3350/2243/1836
f 3350/2243/1836 3345/2241/1831 3351/2240/1837
f 3352/2241/1838 3353/2242/1839 3354/2243/1840
f 3354/2243/1840 3355/2240/1841 3352/2241/1838
f 3356/2244/1842 3305/2225/1790 3357/2245/1843
f 3306/2226/1791 3357/2245/1843 3305/2225/1790
f 3358/2245/1844 3308/2226/1793 3359/2225/1845
f 3358/2245/1844 3359/2225/1845 3360/2244/1846
f 3361/2232/1847 3362/2239/1848 3363/2246/1849
f 3324/2232/1809 3364/2246/1850 3365/2239/1851
f 3312/2228/1797 3366/2247/1852 3313/2229/1798
f 3367/2248/1853 3313/2229/1798 3366/2247/1852
f 3315/2229/1800 3368/2248/1854 3369/2247/1855
f 3315/2229/1800 3369/2247/1855 3316/2228/1801
f 3290/2219/1856 3370/2249/1857 3312/2228/1797
f 3370/2249/1857 3290/2219/1856 3371/2227/1858
f 3310/2219/1795 3316/2228/1801 3372/2249/1859
f 3310/2219/1795 3372/2249/1859 3311/2227/1796
f 3373/2226/1860 3337/2238/1822 3374/2250/1861
f 3337/2238/1822 3373/2226/1860 3297/2222/1782
f 3375/2238/1862 3376/2226/1863 3377/2250/1864
f 3376/2226/1863 3375/2238/1862 3301/2222/1786
f 3378/2251/1865 3379/2252/1866 3380/2253/1867
f 3381/2251/1868 3382/2253/1869 3383/2252/1870
f 3384/2254/1871 3385/2255/1872 3386/2251/1873
f 3385/2255/1872 3384/2254/1871 3387/2256/1874
f 3388/2257/1875 3387/2256/1874 3384/2254/1871
f 3387/2256/1874 3388/2257/1875 3389/2258/1876
f 3390/2245/1877 3374/2250/1878 3391/2259/1879
f 3374/2250/1878 3390/2245/1877 3306/2226/1791
f 3392/2254/1880 3393/2255/1881 3394/2256/1882
f 3393/2255/1881 3392/2254/1880 3395/2251/1883
f 3396/2256/1884 3397/2257/1885 3392/2254/1880
f 3396/2256/1884 3398/2258/1886 3397/2257/1885
f 3358/2245/1844 3377/2250/1864 3376/2226/1863
f 3377/2250/1864 3358/2245/1844 3399/2259/1887
f 3400/2260/1888 3401/2261/1889 3402/2262/1890
f 3403/2260/1891 3404/2262/1892 3405/2261/1893
f 3406/2252/1894 3407/2251/1895 3408/2255/1896
f 3409/2252/1897 3410/2255/1898 3381/2251/1868
f 3411/2263/1899 3412/2264/1900 3413/2265/1901
f 3412/2264/1900 3411/2263/1899 3414/2266/1899
f 3415/2263/1902 3416/2264/1903 3417/2266/1904
f 3416/2264/1903 3415/2263/1902 3418/2265/1905
f 3419/2235/1906 3420/2267/1907 3421/2268/1908
f 3420/2267/1907 3419/2235/1906 3422/2230/1909
f 3423/2267/1910 3424/2235/1911 3425/2268/1912
f 3424/2235/1911 3423/2267/1910 3426/2230/1913
f 3389/2258/1876 3427/2269/1914 3428/2270/1915
f 3427/2269/1914 3389/2258/1876 3388/2257/1875
f 3429/2269/1916 3398/2258/1886 3430/2270/1917
f 3398/2258/1886 3429/2269/1916 3397/2257/1885
f 3431/2230/1918 3432/2271/1919 3433/2267/1920
f 3432/2271/1919 3431/2230/1918 3339/2232/1825
f 3321/2230/1806 3434/2271/1921 3324/2232/1809
f 3434/2271/1921 3321/2230/1806 3435/2267/1922
f 3436/2272/1923 3437/2273/1924 3438/2274/1925
f 3437/2273/1924 3436/2272/1923 3439/2275/1926
f 3440/2272/1927 3441/2274/1928 3442/2273/1929
f 3442/2273/1929 3443/2275/1927 3440/2272/1927
f 3444/2276/1930 3438/2274/1931 3445/2277/1930
f 3445/2277/1930 3438/2274/1931 3446/2273/1932
f 3441/2274/1933 3447/2276/1934 3448/2277/1935
f 3448/2277/1935 3449/2273/1936 3441/2274/1933
f 3450/2278/1937 3451/2260/1938 3452/2279/1939
f 3451/2260/1938 3450/2278/1937 3401/2261/1889
f 3453/2260/1940 3454/2278/1941 3455/2279/1942
f 3454/2278/1941 3453/2260/1940 3456/2261/1943
f 3370/2249/1857 3457/2280/1944 3312/2228/1797
f 3366/2247/1852 3312/2228/1797 3457/2280/1944
f 3316/2228/1801 3458/2247/1945 3459/2280/1946
f 3316/2228/1801 3459/2280/1946 3372/2249/1859
f 3460/2246/1947 3461/2281/1948 3462/2282/1949
f 3461/2281/1948 3460/2246/1947 3362/2239/1950
f 3463/2246/1951 3464/2282/1952 3465/2281/1953
f 3463/2246/1951 3465/2281/1953 3341/2239/1954
f 3466/2283/1955 3467/2284/1956 3468/2279/1957
f 3466/2283/1955 3468/2279/1957 3469/2260/1958
f 3470/2272/1926 3471/2285/1959 3472/2275/1923
f 3472/2275/1923 3471/2285/1959 3473/2286/1960
f 3453/2260/1940 3474/2279/1961 3475/2283/1962
f 3475/2283/1962 3474/2279/1961 3476/2284/1963
f 3477/2285/1964 3478/2272/1965 3443/2275/1927
f 3443/2275/1927 3479/2286/1966 3477/2285/1964
f 3480/2287/1967 3367/2248/1853 3366/2247/1852
f 3367/2248/1853 3480/2287/1967 3481/2288/1968
f 3482/2241/1969 3483/2289/1970 3484/2290/1971
f 3483/2289/1970 3482/2241/1969 3349/2242/1835
f 3485/2287/1972 3368/2248/1854 3486/2288/1973
f 3368/2248/1854 3485/2287/1972 3369/2247/1855
f 3487/2241/1974 3488/2289/1975 3489/2242/1976
f 3488/2289/1975 3487/2241/1974 3490/2290/1977
f 3491/2291/1978 3492/2292/1979 3493/2293/1980
f 3492/2292/1979 3491/2291/1978 3495/2294/1981
f 3496/2295/1982 3497/2291/1978 3494/2293/1983
f 3497/2291/1978 3496/2295/1982 3498/2296/1984
f 3499/2292/1985 3500/2291/1986 3501/2293/1987
f 3500/2291/1986 3499/2292/1985 3502/2294/1988
f 3503/2295/1989 3501/2293/1987 3504/2291/1990
f 3503/2295/1989 3504/2291/1990 3505/2296/1991
f 3471/2285/1959 3506/2297/1992 3507/2286/1993
f 3507/2286/1993 3506/2297/1992 3508/2298/1994
f 3509/2297/1995 3477/2285/1964 3510/2286/1996
f 3510/2286/1996 3511/2298/1997 3509/2297/1995
f 3512/2299/1998 3513/2265/1999 3402/2262/2000
f 3513/2265/1999 3512/2299/1998 3514/2263/2001
f 3515/2299/2002 3516/2265/2003 3517/2263/2004
f 3516/2265/2003 3515/2299/2002 3404/2262/1892
f 3518/2243/2005 3519/2240/2006 3520/2300/2007
f 3520/2300/2007 3519/2240/2006 3521/2301/2008
f 3522/2240/2009 3523/2243/2010 3524/2300/2011
f 3524/2300/2011 3525/2301/2012 3522/2240/2009
f 3526/2252/2013 3527/2302/2014 3528/2303/2015
f 3527/2302/2014 3526/2252/2013 3408/2255/1896
f 3529/2302/2016 3530/2252/2017 3531/2303/2018
f 3530/2252/2017 3529/2302/2016 3393/2255/1881
f 3532/2298/2019 3533/2297/1992 3534/2297/2020
f 3506/2297/1992 3535/2298/2021 3508/2298/1994
f 3452/2279/1939 3536/2304/2022 3537/2305/2023
f 3536/2304/2022 3452/2279/1939 3538/2284/2024
f 3474/2279/1961 3539/2304/2025 3540/2284/2026
f 3539/2304/2025 3474/2279/1961 3541/2305/2027
f 3542/2306/2028 3527/2302/2014 3543/2256/2029
f 3543/2256/2029 3527/2302/2014 3408/2255/1896
f 3389/2258/1876 3542/2306/2028 3543/2256/2029
f 3544/2307/2030 3542/2306/2028 3389/2258/1876
f 3394/2256/1882 3410/2255/1898 3545/2302/2031
f 3394/2256/1882 3545/2302/2031 3546/2306/2032
f 3398/2258/1886 3394/2256/1882 3546/2306/2032
f 3398/2258/1886 3546/2306/2032 3547/2307/2033
f 3548/2308/2034 3549/2283/2035 3469/2260/1958
f 3548/2308/2034 3469/2260/1958 3550/2262/2036
f 3551/2262/2037 3453/2260/1940 3552/2308/2038
f 3475/2283/1962 3552/2308/2038 3453/2260/1940
f 3553/2309/2039 3554/2310/2040 3555/2311/2041
f 3553/2309/2039 3555/2311/2041 3556/2312/2042
f 3557/2309/2043 3558/2311/2044 3559/2310/2045
f 3558/2311/2044 3557/2309/2043 3560/2312/2046
f 3509/2297/1995 3561/2298/2047 3562/2297/2048
f 3561/2298/2047 3509/2297/1995 3511/2298/1997
f 3563/2297/2049 3562/2297/2048 3564/2313/2050
f 3565/2314/2051 3498/2296/1984 3496/2295/1982
f 3498/2296/1984 3565/2314/2051 3566/2315/2052
f 3567/2314/2053 3503/2295/1989 3505/2296/1991
f 3567/2314/2053 3505/2296/1991 3568/2315/2054
f 3389/2258/1876 3569/2316/2055 3544/2307/2030
f 3569/2316/2055 3389/2258/1876 3570/2270/2056
f 3430/2270/1917 3398/2258/1886 3571/2316/2057
f 3572/2307/2058 3571/2316/2057 3398/2258/1886
f 3573/2317/2059 3574/2310/2060 3553/2309/2039
f 3574/2310/2060 3573/2317/2059 3575/2318/2061
f 3576/2317/2062 3577/2310/2063 3578/2318/2064
f 3577/2310/2063 3576/2317/2062 3557/2309/2043
f 3579/2311/2065 3580/2319/2066 3581/2312/2067
f 3580/2319/2066 3579/2311/2065 3582/2320/2068
f 3583/2319/2069 3558/2311/2070 3584/2312/2071
f 3558/2311/2070 3583/2319/2069 3585/2320/2072
f 3586/2276/2073 3587/2321/2074 3588/2322/2075
f 3587/2321/2074 3586/2276/2073 3589/2277/2076
f 3590/2322/2077 3591/2321/2078 3592/2276/2079
f 3591/2321/2078 3448/2277/1935 3592/2276/2079
f 3594/2323/2080 3595/2315/2081 3596/2314/2082
f 3595/2315/2081 3594/2323/2080 3597/2324/2083
f 3598/2325/1876 3597/2324/2083 3593/2323/2084
f 3597/2324/2083 3598/2325/1876 3599/2326/2085
f 3600/2323/2086 3601/2314/2087 3602/2315/2088
f 3600/2323/2086 3602/2315/2088 3603/2324/2089
f 3604/2325/2090 3600/2323/2086 3603/2324/2089
f 3604/2325/2090 3603/2324/2089 3605/2326/2091
f 3532/2298/2019 3606/2327/2092 3607/2328/2093
f 3608/2297/2094 3606/2327/2092 3532/2298/2019
f 3609/2298/2095 3610/2327/2096 3562/2297/2048
f 3609/2298/2095 3611/2328/2097 3610/2327/2096
f 3612/2308/2098 3613/2265/2099 3412/2264/2100
f 3613/2265/2099 3612/2308/2098 3614/2262/2101
f 3615/2329/2102 3339/2232/1825 3616/2246/2103
f 3339/2232/1825 3615/2329/2102 3617/2271/2104
f 3618/2265/2105 3619/2308/2106 3620/2264/2107
f 3619/2308/2106 3618/2265/2105 3404/2262/1892
f 3324/2232/1809 3621/2329/2108 3622/2246/2109
f 3621/2329/2108 3324/2232/1809 3434/2271/1921
f 3623/2330/2110 3624/2320/2111 3625/2311/2112
f 3624/2320/2111 3623/2330/2110 3626/2331/2113
f 3627/2311/2114 3628/2320/2115 3629/2330/2116
f 3629/2330/2116 3628/2320/2115 3630/2331/2117
f 3496/2295/1982 3631/2332/2118 3632/2333/2119
f 3631/2332/2118 3496/2295/1982 3493/2293/1980
f 3492/2292/1979 3633/2332/2120 3494/2293/1983
f 3633/2332/2120 3492/2292/1979 3634/2334/2121
f 3343/2240/1829 3635/2237/2122 3521/2301/2008
f 3521/2301/2008 3635/2237/2122 3636/2335/2123
f 3637/2332/2124 3503/2295/1989 3638/2333/2125
f 3503/2295/1989 3637/2332/2124 3639/2293/2126
f 3637/2332/2124 3499/2292/1985 3639/2293/2126
f 3637/2332/2124 3640/2334/2127 3499/2292/1985
f 3641/2237/2128 3642/2301/2129 3643/2335/2130
f 3642/2301/2129 3641/2237/2128 3644/2240/2131
f 3645/2336/2132 3646/2287/2133 3647/2337/2134
f 3648/2336/2135 3649/2337/2136 3650/2287/2137
f 3651/2338/2138 3652/2246/2139 3653/2282/2140
f 3652/2246/2139 3651/2338/2138 3654/2329/2141
f 3655/2338/2142 3656/2246/2143 3657/2329/2144
f 3656/2246/2143 3655/2338/2142 3658/2282/2145
f 3659/2237/2146 3660/2235/2147 3636/2335/2148
f 3421/2268/1908 3636/2335/2148 3660/2235/2147
f 3424/2235/1911 3661/2237/2149 3643/2335/2130
f 3643/2335/2130 3662/2268/2150 3424/2235/1911
f 3646/2287/2133 3663/2336/2151 3664/2339/2152
f 3663/2336/2151 3598/2325/1876 3665/2339/2153
f 3666/2287/2154 3667/2339/2155 3669/2336/2156
f 3604/2325/2090 3669/2336/2156 3668/2339/2157
f 3624/2320/2111 3670/2340/2158 3671/2319/2066
f 3672/2341/2159 3670/2340/2158 3624/2320/2111
f 3670/2340/2158 3672/2341/2159 3673/2342/2160
f 3628/2320/2115 3674/2340/2161 3675/2341/2162
f 3674/2340/2161 3628/2320/2115 3583/2319/2069
f 3675/2341/2162 3674/2340/2161 3676/2342/2163
f 3596/2314/2082 3677/2333/2164 3678/2343/2165
f 3677/2333/2164 3596/2314/2082 3679/2295/2166
f 3680/2333/2167 3601/2314/2087 3681/2343/2168
f 3601/2314/2087 3680/2333/2167 3503/2295/1989
f 3682/2341/2169 3624/2320/2111 3683/2331/2170
f 3684/2341/2171 3630/2331/2117 3628/2320/2115
f 3594/2323/2080 3678/2343/2165 3685/2344/2172
f 3678/2343/2165 3594/2323/2080 3686/2314/2173
f 3687/2343/2174 3600/2323/2086 3688/2344/2175
f 3600/2323/2086 3687/2343/2174 3601/2314/2087
f 3366/2247/1852 3647/2337/2134 3689/2287/2176
f 3647/2337/2134 3366/2247/1852 3690/2280/2177
f 3369/2247/1855 3485/2287/1972 3649/2337/2178
f 3369/2247/1855 3649/2337/2178 3459/2280/1946
f 3691/2305/2179 3692/2345/2180 3693/2346/2181
f 3692/2345/2180 3691/2305/2179 3536/2304/2022
f 3541/2305/2027 3694/2345/2182 3695/2304/2183
f 3694/2345/2182 3541/2305/2027 3696/2346/2184
f 3685/2344/2172 3598/2325/1876 3593/2323/2084
f 3598/2325/1876 3685/2344/2172 3697/2347/2185
f 3698/2325/1886 3699/2344/2186 3700/2323/2187
f 3699/2344/2186 3698/2325/1886 3701/2347/2188
f 3702/2348/2189 3703/2349/2190 3704/2350/2191
f 3703/2349/2190 3702/2348/2189 3705/2351/2192
f 3706/2348/2193 3707/2349/2194 3708/2351/2195
f 3707/2349/2194 3706/2348/2193 3709/2350/2196
f 3452/2279/1939 3710/2352/2197 3711/2278/1937
f 3710/2352/2197 3452/2279/1939 3712/2305/2198
f 3455/2279/1942 3713/2352/2199 3714/2305/2200
f 3713/2352/2199 3455/2279/1942 3454/2278/1941
f 3598/2325/1876 3663/2336/2151 3715/2326/2201
f 3716/2336/2135 3698/2325/1886 3717/2326/2202
f 3718/2273/2203 3719/2353/2204 3720/2354/2205
f 3719/2353/2204 3718/2273/2203 3721/2275/2206
f 3722/2273/2207 3723/2353/2208 3724/2275/2209
f 3723/2353/2208 3722/2273/2207 3725/2354/2210
f 3379/2252/1866 3462/2282/1949 3726/2253/2211
f 3726/2253/2211 3462/2282/1949 3727/2281/2212
f 3720/2354/2205 3728/2277/2213 3718/2273/2203
f 3728/2277/2213 3720/2354/2205 3729/2355/2214
f 3464/2282/1952 3530/2252/2215 3730/2253/2216
f 3464/2282/1952 3730/2253/2216 3731/2281/2217
f 3732/2277/2218 3725/2354/2210 3722/2273/2207
f 3725/2354/2210 3732/2277/2218 3733/2355/2219
f 3734/2356/2220 3481/2288/1968 3665/2339/2153
f 3646/2287/2133 3665/2339/2153 3481/2288/1968
f 3486/2288/1973 3735/2356/2221 3736/2339/2222
f 3736/2339/2222 3485/2287/1972 3486/2288/1973
f 3737/2357/2223 3738/2358/2224 3739/2359/2225
f 3740/2357/2226 3741/2359/2227 3742/2358/2228
f 3743/2360/2229 3744/2361/2230 3745/2317/2231
f 3744/2361/2230 3743/2360/2229 3746/2362/2232
f 3693/2346/2233 3746/2362/2232 3743/2360/2229
f 3746/2362/2232 3693/2346/2233 3747/2345/2234
f 3748/2360/2235 3749/2361/2064 3750/2362/2236
f 3749/2361/2064 3748/2360/2235 3576/2317/2237
f 3750/2362/2236 3696/2346/2184 3748/2360/2235
f 3696/2346/2184 3750/2362/2236 3751/2345/2238
f 3752/2363/2239 3753/2364/2240 3754/2365/2241
f 3753/2364/2240 3752/2363/2239 3755/2366/2242
f 3756/2364/2243 3757/2363/2244 3758/2365/2245
f 3757/2363/2244 3756/2364/2243 3759/2366/2246
f 3760/2365/2247 3761/2350/2248 3752/2363/2239
f 3761/2350/2248 3760/2365/2247 3762/2348/2249
f 3763/2365/2250 3709/2350/2196 3764/2348/2251
f 3709/2350/2196 3763/2365/2250 3765/2363/2252
f 3766/2239/2253 3767/2367/2254 3768/2368/2255
f 3767/2367/2254 3766/2239/2253 3769/2231/2256
f 3770/2367/2257 3771/2239/2258 3772/2368/2259
f 3771/2239/2258 3770/2367/2257 3773/2231/2260
f 3774/2340/2261 3775/2369/2262 3776/2319/2263
f 3777/2369/2264 3778/2340/2265 3779/2319/2266
f 3769/2231/2267 3780/2370/2268 3781/2367/2269
f 3780/2370/2268 3769/2231/2267 3320/2233/1805
f 3782/2370/2270 3783/2231/2271 3770/2367/2272
f 3783/2231/2271 3782/2370/2270 3323/2233/1808
f 3332/2234/1817 3784/2371/2273 3785/2372/2274
f 3784/2371/2273 3332/2234/1817 3786/2236/2275
f 3787/2234/2276 3788/2371/2277 3335/2236/1820
f 3788/2371/2277 3787/2234/2276 3789/2372/2278
f 3790/2303/2279 3791/2282/2280 3379/2252/1866
f 3791/2282/2280 3790/2303/2279 3651/2338/2281
f 3792/2303/2282 3658/2282/2145 3655/2338/2142
f 3658/2282/2145 3792/2303/2282 3793/2252/2283
f 3794/2275/2284 3795/2286/2285 3719/2353/2286
f 3719/2353/2286 3795/2286/2285 3796/2373/2287
f 3724/2275/2209 3797/2353/2288 3798/2286/2289
f 3797/2353/2288 3799/2373/2290 3798/2286/2289
f 3755/2366/2242 3800/2374/2291 3753/2364/2240
f 3800/2374/2291 3755/2366/2242 3801/2375/2292
f 3802/2374/2293 3759/2366/2246 3756/2364/2243
f 3759/2366/2246 3802/2374/2293 3803/2375/2294
f 3804/2347/2295 3734/2356/2220 3598/2325/1876
f 3598/2325/1876 3734/2356/2220 3665/2339/2153
f 3698/2325/1886 3736/2339/2222 3805/2356/2296
f 3698/2325/1886 3805/2356/2296 3806/2347/2297
f 3807/2376/2298 3808/2358/2299 3809/2377/2300
f 3809/2377/2300 3808/2358/2299 3737/2357/2301
f 3810/2377/2302 3742/2358/2303 3811/2376/2304
f 3742/2358/2303 3810/2377/2302 3812/2357/2305
f 3670/2340/2306 3813/2378/2307 3814/2369/2308
f 3815/2340/2309 3816/2369/2310 3817/2378/2311
f 3818/2311/2312 3819/2379/2060 3820/2380/2313
f 3820/2380/2313 3821/2330/2314 3818/2311/2312
f 3822/2311/2315 3823/2380/2316 3824/2379/2317
f 3823/2380/2316 3822/2311/2315 3825/2330/2318
f 3826/2381/2319 3827/2382/2320 3828/2383/2321
f 3827/2382/2320 3826/2381/2319 3829/2384/2322
f 3830/2382/2323 3831/2381/2324 3832/2383/2325
f 3831/2381/2324 3830/2382/2323 3833/2384/2326
f 3834/2385/2327 3835/2386/2328 3836/2284/2329
f 3835/2386/2328 3837/2304/2330 3836/2284/2329
f 3838/2284/2331 3839/2386/2332 3840/2385/2333
f 3839/2386/2332 3838/2284/2331 3841/2304/2334
f 3842/2375/2335 3843/2387/2336 3800/2374/2291
f 3843/2387/2336 3842/2375/2335 3844/2388/2337
f 3844/2388/2337 3845/2377/2338 3843/2387/2336
f 3845/2377/2338 3844/2388/2337 3846/2376/2339
f 3847/2387/2340 3803/2375/2294 3802/2374/2293
f 3803/2375/2294 3847/2387/2340 3848/2388/2341
f 3849/2388/2342 3810/2377/2302 3850/2376/2343
f 3810/2377/2302 3849/2388/2342 3851/2387/2344
f 3852/2389/2345 3776/2319/2263 3775/2369/2262
f 3776/2319/2263 3852/2389/2345 3556/2312/2042
f 3853/2389/2346 3777/2369/2264 3854/2319/2266
f 3854/2319/2266 3855/2312/2347 3853/2389/2346
f 3856/2321/2348 3857/2277/2349 3858/2390/2350
f 3858/2390/2350 3857/2277/2349 3859/2355/2351
f 3860/2321/2078 3861/2390/2352 3732/2277/2218
f 3861/2390/2352 3862/2355/2353 3732/2277/2218
f 3761/2350/2248 3863/2349/2354 3864/2391/2355
f 3865/2392/2356 3864/2391/2355 3863/2349/2354
f 3866/2349/2357 3867/2391/2358 3868/2392/2359
f 3867/2391/2358 3866/2349/2357 3709/2350/2196
f 3869/2393/2360 3870/2394/2261 3871/2342/2361
f 3872/2393/2362 3873/2342/2363 3874/2394/2309
f 3875/2395/2364 3710/2352/2197 3876/2346/2365
f 3691/2305/2366 3876/2346/2365 3710/2352/2197
f 3713/2352/2199 3877/2346/2367 3714/2305/2200
f 3877/2346/2367 3713/2352/2199 3878/2395/2368
f 3879/2396/2369 3875/2395/2364 3880/2360/2370
f 3876/2346/2365 3880/2360/2370 3875/2395/2364
f 3878/2395/2368 3881/2360/2371 3877/2346/2367
f 3881/2360/2371 3878/2395/2368 3882/2396/2372
f 3883/2397/2373 3828/2383/2321 3884/2398/2374
f 3885/2398/2375 3886/2383/2376 3887/2397/2377
f 3888/2399/2378 3836/2284/2329 3466/2283/1955
f 3836/2284/2329 3888/2399/2378 3834/2385/2327
f 3889/2399/2379 3890/2284/2331 3840/2385/2333
f 3890/2284/2331 3889/2399/2379 3891/2283/2380
f 3412/2264/1900 3892/2400/2381 3893/2308/2382
f 3620/2264/2107 3894/2308/2383 3895/2400/2384
f 3896/2233/2385 3897/2372/2386 3780/2370/2268
f 3897/2372/2386 3896/2233/2385 3898/2234/2387
f 3899/2233/2388 3789/2372/2278 3900/2234/2389
f 3789/2372/2278 3899/2233/2388 3782/2370/2390
f 3901/2386/2391 3902/2401/2392 3837/2304/2393
f 3837/2304/2393 3902/2401/2392 3747/2345/2234
f 3903/2401/2394 3904/2304/2395 3694/2345/2182
f 3904/2304/2395 3903/2401/2394 3905/2386/2396
f 3906/2286/2397 3907/2298/2398 3908/2373/2399
f 3909/2402/2400 3908/2373/2399 3907/2298/2398
f 3910/2298/2401 3798/2286/2289 3799/2373/2290
f 3799/2373/2290 3911/2402/2402 3910/2298/2401
f 3912/2251/2403 3913/2403/2404 3914/2404/2405
f 3913/2403/2404 3912/2251/2403 3726/2253/2406
f 3915/2405/2407 3916/2269/2407 3917/2406/2407
f 3917/2406/2407 3916/2269/2407 3918/2407/2407
f 3915/2405/2407 3919/2270/2407 3916/2269/2407
f 3919/2270/2407 3915/2405/2407 3920/2316/2407
f 3920/2316/2407 3915/2405/2407 3921/2408/2407
f 3922/2403/2408 3381/2251/1868 3923/2404/2409
f 3381/2251/1868 3922/2403/2408 3924/2253/2410
f 3925/2406/2411 3926/2407/2411 3927/2269/2411
f 3928/2270/2411 3925/2406/2411 3927/2269/2411
f 3929/2405/2411 3928/2270/2411 3930/2408/2411
f 3928/2270/2411 3929/2405/2411 3925/2406/2411
f 3930/2408/2411 3928/2270/2411 3931/2316/2411
f 3761/2350/2248 3932/2409/2412 3933/2363/2413
f 3932/2409/2412 3761/2350/2248 3934/2391/2414
f 3709/2350/2196 3935/2363/2415 3936/2409/2416
f 3936/2409/2416 3937/2391/2417 3709/2350/2196
f 3938/2410/2418 3939/2411/2169 3940/2331/2419
f 3939/2411/2169 3938/2410/2418 3941/2412/2420
f 3942/2411/2421 3943/2410/2422 3944/2331/2423
f 3943/2410/2422 3942/2411/2421 3945/2412/2424
f 3946/2383/2425 3883/2397/2373 3826/2381/2319
f 3831/2381/2324 3947/2397/2426 3832/2383/2325
f 3948/2401/2427 3949/2413/2428 3747/2345/2234
f 3950/2362/2429 3747/2345/2234 3949/2413/2428
f 3694/2345/2182 3951/2362/2430 3952/2413/2431
f 3694/2345/2182 3952/2413/2431 3903/2401/2394
f 3953/2414/2432 3954/2397/2433 3955/2398/2434
f 3956/2415/2435 3953/2414/2432 3955/2398/2434
f 3957/2414/2436 3958/2415/2437 3959/2398/2438
f 3959/2398/2438 3887/2397/2377 3957/2414/2436
f 3960/2416/2439 3402/2262/1890 3401/2261/1889
f 3402/2262/1890 3960/2416/2439 3961/2299/2440
f 3962/2416/2441 3404/2262/1892 3963/2299/2442
f 3404/2262/1892 3962/2416/2441 3456/2261/1943
f 3964/2413/2443 3965/2417/2444 3966/2362/2429
f 3744/2361/2230 3966/2362/2429 3965/2417/2444
f 3967/2362/2445 3749/2361/2064 3968/2417/2446
f 3967/2362/2445 3968/2417/2446 3969/2413/2447
f 3739/2359/2225 3970/2418/2448 3971/2357/2449
f 3972/2359/2450 3973/2357/2451 3974/2418/2452
f 3739/2359/2225 3975/2419/2453 3970/2418/2448
f 3977/2371/2454 3978/2290/2455 3979/2420/2456
f 3979/2420/2456 3978/2290/2455 3980/2421/2457
f 3786/2236/2275 3981/2290/2458 3976/2371/2459
f 3981/2290/2458 3786/2236/2275 3482/2241/2460
f 3972/2359/2450 3974/2418/2452 3982/2419/2461
f 3983/2290/2462 3984/2371/2463 3985/2420/2464
f 3985/2420/2464 3986/2421/2465 3983/2290/2462
f 3490/2290/1977 3335/2236/1820 3788/2371/2277
f 3335/2236/1820 3490/2290/1977 3352/2241/1838
f 3987/2422/2225 3988/2423/2466 3975/2419/2453
f 3989/2297/2467 3990/2313/2468 3991/2297/2020
f 3992/2422/2450 3993/2419/2469 3994/2423/2470
f 3995/2424/2471 3996/2398/2472 3828/2383/2321
f 3996/2398/2472 3995/2424/2471 3997/2415/2473
f 3885/2398/2375 3998/2424/2474 3832/2383/2325
f 3998/2424/2474 3885/2398/2375 3999/2415/2475
f 4000/2313/2476 4001/2327/2477 3534/2297/2478
f 4001/2327/2477 4000/2313/2476 4002/2425/2479
f 3564/2313/2050 4003/2327/2480 4004/2425/2481
f 4003/2327/2480 3564/2313/2050 3562/2297/2048
f 4005/2387/2482 4006/2426/2483 4007/2427/2484
f 4006/2426/2483 4005/2387/2482 4008/2377/2485
f 4009/2426/2486 4010/2387/2487 4011/2427/2488
f 4010/2387/2487 4009/2426/2486 4012/2377/2489
f 4013/2428/2490 4014/2374/2491 4015/2429/2492
f 4014/2374/2491 4013/2428/2490 4016/2364/2493
f 4017/2428/2494 4018/2429/2495 4019/2374/2496
f 4019/2374/2496 4020/2364/2497 4017/2428/2494
f 4021/2430/2498 3828/2383/2321 4022/2382/2499
f 3828/2383/2321 4021/2430/2498 4023/2424/2500
f 4014/2374/2491 4007/2427/2501 4015/2429/2492
f 4007/2427/2501 4014/2374/2491 4024/2387/2502
f 4011/2427/2488 4019/2374/2496 4025/2429/2503
f 4019/2374/2496 4011/2427/2488 4026/2387/2487
f 4027/2430/2504 3832/2383/2325 3998/2424/2474
f 3832/2383/2325 4027/2430/2504 4028/2382/2505
f 3300/2224/1785 4029/2431/2506 4030/2432/2507
f 4029/2431/2506 3300/2224/1785 4031/2225/2508
f 4032/2224/2509 4033/2431/2510 4034/2225/2511
f 4033/2431/2510 4032/2224/2509 4035/2432/2512
f 4036/2368/2513 4037/2433/2514 3362/2239/1848
f 4037/2433/2514 4038/2281/2515 3362/2239/1848
f 3341/2239/1827 4039/2433/2516 4040/2368/2259
f 3341/2239/1827 4041/2281/2517 4039/2433/2516
f 3914/2404/2405 3384/2254/1871 4042/2251/1873
f 3384/2254/1871 3914/2404/2405 4043/2434/2518
f 4043/2434/2518 3388/2257/1875 3384/2254/1871
f 3388/2257/1875 4043/2434/2518 4044/2435/2519
f 4045/2404/2520 3392/2254/1880 4046/2434/2521
f 3392/2254/1880 4045/2404/2520 3395/2251/1883
f 4047/2257/2522 4046/2434/2521 3392/2254/1880
f 4046/2434/2521 4047/2257/2522 4048/2435/2523
f 4049/2409/2524 4050/2366/2525 3933/2363/2526
f 4050/2366/2525 4049/2409/2524 4051/2436/2527
f 3888/2399/2378 3466/2283/1955 4052/2308/2528
f 3936/2409/2416 4053/2366/2529 4054/2436/2530
f 4053/2366/2529 3936/2409/2416 3935/2363/2415
f 3889/2399/2379 4055/2308/2531 3891/2283/2380
f 4056/2437/2532 4057/2438/2533 3715/2326/2201
f 4057/2438/2533 4058/2324/2534 3715/2326/2201
f 4059/2309/2535 4060/2312/2536 4061/2439/2537
f 4061/2439/2537 4060/2312/2536 3852/2389/2345
f 4062/2326/2538 4063/2438/2539 4064/2437/2540
f 4063/2438/2539 4062/2326/2538 3603/2324/2089
f 4065/2439/2541 4066/2389/2542 4067/2312/2543
f 4065/2439/2541 4067/2312/2543 4068/2309/2544
f 3291/2220/1776 3313/2229/1798 4069/2440/2545
f 3313/2229/1798 4070/2441/2546 4069/2440/2545
f 4071/2248/2547 4070/2441/2546 3313/2229/1798
f 4070/2441/2546 4071/2248/2547 4072/2442/2548
f 4073/2440/2549 3315/2229/1800 3294/2220/1779
f 3315/2229/1800 4073/2440/2549 4074/2441/2550
f 4075/2248/2551 3315/2229/1800 4074/2441/2550
f 4074/2441/2550 4076/2442/2552 4075/2248/2551
f 3820/2380/2313 4077/2443/2553 4078/2444/2554
f 4077/2443/2553 3820/2380/2313 4079/2445/2555
f 4080/2444/2556 4081/2446/2314 3820/2380/2313
f 4081/2446/2314 4080/2444/2556 4082/2447/2557
f 3823/2380/2316 4083/2443/2558 4084/2445/2559
f 4083/2443/2558 3823/2380/2316 4085/2444/2560
f 4086/2446/2561 4087/2444/2562 3823/2380/2316
f 4087/2444/2562 4086/2446/2561 4088/2447/2563
f 4089/2448/2564 4090/2422/2565 4091/2449/2299
f 4090/2422/2565 4089/2448/2564 4092/2450/2566
f 4093/2422/2567 4094/2448/2568 4095/2449/2569
f 4094/2448/2568 4093/2422/2567 4096/2450/2570
f 4097/2451/2444 4098/2452/2571 4099/2453/2230
f 4100/2451/2446 4101/2453/2064 4102/2452/2572
f 4103/2454/2573 4072/2442/2548 4104/2288/2574
f 4071/2248/2547 4104/2288/2574 4072/2442/2548
f 4105/2455/2575 4079/2445/2555 4108/2318/2576
f 4079/2445/2555 4109/2456/2060 4107/2318/2577
f 4110/2450/2578 4106/2445/2579 3987/2422/2225
f 4106/2445/2579 4110/2450/2578 4077/2443/2553
f 3486/2288/2580 4075/2248/2551 4111/2442/2581
f 3486/2288/2580 4111/2442/2581 4112/2454/2582
f 4113/2455/2572 4114/2318/2583 4084/2445/2559
f 4116/2445/2584 4115/2318/2585 4117/2456/2317
f 4118/2450/2586 4116/2445/2584 4083/2443/2558
f 4116/2445/2584 4118/2450/2586 4093/2422/2227
f 4119/2457/2587 4120/2458/2588 4121/2459/2589
f 4122/2457/2590 4123/2459/2591 4124/2458/2592
f 3289/2218/1774 4069/2440/2545 4125/2460/2593
f 4069/2440/2545 3289/2218/1774 3291/2220/1776
f 4126/2440/2594 3293/2218/1778 4127/2460/2595
f 3293/2218/1778 4126/2440/2594 3294/2220/1779
f 4128/2461/2596 3492/2292/1979 4129/2462/2597
f 3492/2292/1979 4128/2461/2596 4130/2334/2598
f 4131/2461/2599 3499/2292/1985 3640/2334/2127
f 3499/2292/1985 4131/2461/2599 4132/2462/2600
f 4133/2463/2601 4134/2464/2602 4136/2465/2603
f 4134/2464/2602 4133/2463/2601 4139/2466/2604
f 4137/2465/2605 4140/2467/2606 4141/2296/2607
f 4142/2291/2608 4141/2296/2607 4140/2467/2606
f 4143/2468/2609 4142/2291/2608 4140/2467/2606
f 4144/2294/2610 4142/2291/2608 4143/2468/2609
f 4144/2294/2610 4143/2468/2609 4145/2469/2611
f 4146/2470/2612 4143/2468/2609 4147/2403/2613
f 4143/2468/2609 4146/2470/2612 4148/2469/2614
f 4148/2469/2614 4146/2470/2612 4149/2471/2615
f 4150/2471/2616 4151/2472/2617 4152/2469/2618
f 4152/2469/2618 4151/2472/2617 4144/2294/2610
f 4153/2464/2619 4154/2463/2620 4155/2465/2621
f 4154/2463/2620 4153/2464/2619 4156/2466/2622
f 4157/2467/2623 4155/2465/2621 4159/2296/2624
f 4157/2467/2623 4159/2296/2624 3500/2291/1986
f 4160/2468/2625 4158/2467/2626 3500/2291/1986
f 4160/2468/2625 3500/2291/1986 4161/2294/2627
f 4160/2468/2625 4161/2294/2627 4162/2469/2628
f 4160/2468/2625 4163/2470/2629 3922/2403/2408
f 4164/2469/2630 4163/2470/2629 4160/2468/2625
f 4163/2470/2629 4164/2469/2630 4165/2471/2631
f 4167/2472/2632 4166/2471/2633 4164/2469/2634
f 3502/2294/2635 4167/2472/2632 4164/2469/2634
f 4168/2402/2402 4169/2402/2636 4170/2298/2637
f 4171/2407/2638 3388/2257/1875 4172/2435/2639
f 3388/2257/1875 4171/2407/2638 3427/2269/1914
f 4047/2257/2522 4173/2407/2640 4048/2435/2523
f 4173/2407/2640 4047/2257/2522 4174/2269/2641
f 4175/2377/2642 4176/2473/2643 4006/2426/2483
f 4176/2473/2643 4175/2377/2642 4177/2357/2644
f 4178/2474/2645 4176/2473/2643 4179/2418/2646
f 4180/2357/2647 4179/2418/2646 4176/2473/2643
f 4181/2473/2648 4182/2377/2649 4009/2426/2486
f 4182/2377/2649 4181/2473/2648 4183/2357/2650
f 4181/2473/2648 4184/2418/2651 4185/2357/2652
f 4181/2473/2648 4186/2474/2653 4184/2418/2651
f 4187/2475/2654 4029/2431/2506 4188/2244/2655
f 4188/2244/2655 4029/2431/2506 4031/2225/2508
f 4189/2476/2656 4190/2364/2657 4191/2428/2658
f 4190/2364/2657 4189/2476/2656 4192/2365/2659
f 4193/2431/2660 4194/2475/2661 4195/2244/2662
f 4195/2244/2662 3359/2225/1845 4193/2431/2660
f 4196/2476/2663 4197/2428/2664 4198/2364/2665
f 4198/2364/2665 4199/2365/2666 4196/2476/2663
f 4200/2477/2667 4201/2313/2668 4202/2285/2669
f 4201/2313/2668 3989/2297/2467 4202/2285/2669
f 4203/2436/2670 4204/2375/2671 4205/2366/2525
f 4204/2375/2671 4203/2436/2670 4206/2478/2672
f 4207/2285/2673 4208/2313/2674 4209/2477/2675
f 4208/2313/2674 4207/2285/2673 4210/2297/2676
f 3803/2375/2294 4211/2436/2677 4053/2366/2678
f 4211/2436/2677 3803/2375/2294 4212/2478/2679
f 3645/2336/2132 4213/2479/2680 4214/2480/2681
f 4213/2479/2680 3645/2336/2132 4215/2337/2682
f 4214/2480/2681 3715/2326/2201 3663/2336/2151
f 3715/2326/2201 4214/2480/2681 4056/2437/2532
f 4216/2479/2683 3716/2336/2135 4217/2480/2684
f 3716/2336/2135 4216/2479/2683 3649/2337/2178
f 4218/2326/2685 4219/2480/2686 3648/2336/2687
f 4219/2480/2686 4218/2326/2685 4064/2437/2540
f 4220/2392/2688 4221/2481/2688 4222/2482/2688
f 4220/2392/2688 4222/2482/2688 4223/2483/2688
f 4221/2481/2688 4220/2392/2688 4224/2349/2688
f 4221/2481/2688 4224/2349/2688 4225/2484/2688
f 4225/2484/2688 4224/2349/2688 4226/2351/2688
f 4227/2482/2689 4228/2481/2689 4229/2392/2690
f 4227/2482/2689 4229/2392/2690 4230/2483/2690
f 4228/2481/2689 4231/2349/2690 4229/2392/2690
f 4231/2349/2690 4228/2481/2689 4232/2484/2690
f 4231/2349/2690 4232/2484/2690 4233/2351/2690
f 4234/2484/2691 4235/2348/2692 4236/2485/2693
f 4235/2348/2692 4234/2484/2691 4237/2351/2694
f 4238/2484/2695 4239/2485/2696 4240/2348/2697
f 4238/2484/2695 4240/2348/2697 4241/2351/2698
f 4242/2478/2699 4243/2388/2700 4244/2375/2671
f 4243/2388/2700 4242/2478/2699 4245/2486/2701
f 4246/2388/2702 4247/2478/2703 4248/2375/2704
f 4247/2478/2703 4246/2388/2702 4249/2486/2705
f 4250/2317/2706 3553/2309/2039 4251/2487/2707
f 3553/2309/2039 4061/2439/2537 4251/2487/2707
f 4251/2487/2707 4252/2488/2708 4253/2396/2709
f 4254/2487/2710 3557/2309/2043 4255/2317/2711
f 3557/2309/2043 4254/2487/2710 4065/2439/2712
f 4254/2487/2710 4256/2396/2713 4257/2488/2714
f 4258/2489/2715 4259/2490/2299 3846/2376/2339
f 4259/2490/2299 4258/2489/2715 4260/2448/2716
f 4261/2489/2717 4262/2490/2718 4263/2448/2719
f 4262/2490/2718 4261/2489/2717 3811/2376/2304
f 4264/2491/2720 3988/2423/2721 4265/2492/2575
f 3988/2423/2721 4264/2491/2720 4266/2419/2722
f 4267/2492/2723 4268/2423/2724 4269/2491/2725
f 4269/2491/2725 4268/2423/2724 4270/2419/2726
f 4271/2384/2727 4272/2493/2728 4022/2382/2729
f 4272/2493/2728 4271/2384/2727 4273/2494/2730
f 4274/2493/2731 4275/2384/2732 4028/2382/2505
f 4275/2384/2732 4274/2493/2731 4276/2494/2733
f 4277/2380/2734 4278/2379/2735 4079/2445/2555
f 4279/2380/2736 4084/2445/2559 3824/2379/2317
f 4280/2294/2737 4129/2462/2738 4281/2292/2739
f 4129/2462/2738 4280/2294/2737 4151/2472/2617
f 4282/2462/2740 4283/2294/2741 4284/2292/2742
f 4283/2294/2741 4282/2462/2740 4285/2472/2743
f 3532/2298/2019 4286/2495/2744 4287/2402/2745
f 4286/2495/2744 3532/2298/2019 4288/2328/2746
f 4289/2495/2747 4290/2298/2748 4169/2402/2749
f 4290/2298/2748 4289/2495/2747 4291/2328/2750
f 3939/2411/2169 4292/2412/2751 4293/2496/2752
f 4294/2411/2753 4295/2496/2591 4296/2412/2622
f 4106/2445/2579 4297/2423/2754 4090/2422/2565
f 4116/2445/2755 4298/2422/2756 4299/2423/2757
f 4300/2492/2571 4297/2423/2754 4106/2445/2579
f 4301/2486/2758 3846/2376/2339 4243/2388/2700
f 3846/2376/2339 4301/2486/2758 4258/2489/2715
f 4267/2492/2723 4084/2445/2559 4302/2423/2759
f 4303/2486/2760 3811/2376/2304 4261/2489/2717
f 3811/2376/2304 4303/2486/2760 4246/2388/2761
f 4304/2430/2762 4305/2493/2763 4306/2497/2764
f 4305/2493/2763 4304/2430/2762 3827/2382/2320
f 4307/2430/2765 4308/2497/2766 4309/2493/2767
f 4307/2430/2765 4309/2493/2767 3830/2382/2323
f 4310/2498/2768 3401/2261/1889 3711/2278/1937
f 3401/2261/1889 4310/2498/2768 3960/2416/2439
f 4311/2498/2769 3456/2261/1943 4312/2416/2770
f 3456/2261/1943 4311/2498/2769 3454/2278/1941
f 4313/2290/2771 4314/2289/2772 4315/2421/2773
f 4315/2421/2773 4314/2289/2772 4316/2499/2774
f 4317/2454/2775 4318/2356/2776 4319/2500/2777
f 4104/2288/2574 4318/2356/2776 4317/2454/2775
f 4318/2356/2776 4320/2501/2778 4319/2500/2777
f 4321/2421/2779 3488/2289/1975 3983/2290/2462
f 3488/2289/1975 4321/2421/2779 4322/2499/2780
f 4323/2454/2781 4324/2500/2782 3735/2356/2221
f 3735/2356/2221 3486/2288/1973 4323/2454/2781
f 3735/2356/2221 4324/2500/2782 4325/2501/2783
f 4326/2502/2784 4327/2503/2785 3527/2302/2014
f 4328/2303/2786 3527/2302/2014 4327/2503/2785
f 4327/2503/2785 4330/2504/2787 4329/2303/2788
f 4330/2504/2787 4327/2503/2785 4331/2505/2789
f 4331/2505/2789 4327/2503/2785 4332/2506/2790
f 4331/2505/2789 4333/2461/2791 4330/2504/2787
f 4333/2461/2791 4331/2505/2789 4334/2334/2598
f 4335/2506/2792 4334/2334/2598 4331/2505/2789
f 4335/2506/2792 3633/2332/2120 4334/2334/2598
f 3633/2332/2120 4335/2506/2792 4336/2507/2793
f 3677/2333/2164 4336/2507/2793 4337/2508/2794
f 4336/2507/2793 3677/2333/2164 3631/2332/2118
f 4338/2485/2795 4192/2365/2659 4340/2476/2796
f 4192/2365/2659 4338/2485/2795 4341/2348/2797
f 4339/2485/2798 4342/2481/2799 4343/2484/2800
f 4342/2481/2799 4339/2485/2798 4344/2509/2801
f 3545/2302/2031 4345/2303/2802 4346/2503/2803
f 3545/2302/2031 4346/2503/2803 4347/2502/2804
f 4348/2504/2805 4346/2503/2803 3531/2303/2018
f 4346/2503/2803 4348/2504/2805 4349/2505/2806
f 4346/2503/2803 4349/2505/2806 4350/2506/2807
f 4131/2461/2599 4349/2505/2806 4348/2504/2805
f 4349/2505/2806 4131/2461/2599 3640/2334/2127
f 4351/2506/2808 4349/2505/2806 3640/2334/2127
f 4352/2332/2809 4351/2506/2808 3640/2334/2127
f 4351/2506/2808 4352/2332/2809 4353/2507/2810
f 3680/2333/2167 4354/2507/2811 4352/2332/2809
f 4354/2507/2811 3680/2333/2167 4355/2508/2812
f 4356/2485/2813 4358/2476/2814 4359/2365/2815
f 4356/2485/2813 4359/2365/2815 4360/2348/2816
f 4361/2481/2817 4357/2485/2818 4362/2484/2819
f 4361/2481/2817 4363/2509/2820 4357/2485/2818
f 4364/2510/2821 4365/2477/2822 4366/2272/2823
f 4365/2477/2822 4367/2285/2824 4366/2272/2823
f 4368/2272/2825 4209/2477/2675 4369/2510/2826
f 4209/2477/2675 4368/2272/2825 4207/2285/2673
f 4370/2511/2827 3587/2321/2828 4371/2512/2829
f 4371/2512/2829 3587/2321/2828 3858/2390/2830
f 3591/2321/2078 4372/2511/2831 4373/2512/2832
f 4373/2512/2832 3861/2390/2352 3591/2321/2078
f 3520/2300/2007 4374/2242/2833 3350/2243/2834
f 4375/2513/2833 4374/2242/2833 3520/2300/2007
f 4375/2513/2833 4376/2289/2833 4374/2242/2833
f 4376/2289/2833 4375/2513/2833 4377/2514/2833
f 4376/2289/2833 4377/2514/2833 4378/2499/2833
f 4379/2378/2835 4380/2340/2836 4381/2393/2837
f 4379/2378/2835 4381/2393/2837 4382/2515/2838
f 4383/2289/2839 4384/2513/2840 4385/2242/2841
f 4384/2513/2840 4383/2289/2839 4386/2514/2842
f 4386/2514/2842 4383/2289/2839 4387/2499/2839
f 4385/2242/2841 4384/2513/2840 3524/2300/2011
f 4385/2242/2841 3524/2300/2011 3354/2243/1840
f 4388/2515/2843 4389/2393/2844 3817/2378/2311
f 3815/2340/2309 3817/2378/2311 4389/2393/2844
f 3995/2424/2845 4390/2516/2846 4391/2415/2847
f 3998/2424/2474 4392/2415/2848 4393/2516/2849
f 4394/2517/2850 3289/2218/1774 4125/2460/2593
f 3289/2218/1774 4394/2517/2850 4395/2238/2851
f 4396/2517/2852 4127/2460/2595 3293/2218/1778
f 4396/2517/2852 3293/2218/1778 4397/2238/2853
f 4119/2457/2587 4398/2518/2854 4399/2458/2169
f 4398/2518/2854 4119/2457/2587 4400/2393/2855
f 4401/2519/2856 4400/2393/2855 4119/2457/2587
f 4402/2518/2163 4403/2457/2857 4404/2458/2421
f 4403/2457/2857 4402/2518/2163 4405/2393/2858
f 4406/2519/2859 4403/2457/2857 4405/2393/2858
f 4407/2338/2860 4333/2461/2791 4408/2520/2861
f 4407/2338/2860 4330/2504/2787 4333/2461/2791
f 4330/2504/2787 4407/2338/2860 3528/2303/2015
f 4408/2520/2861 3615/2329/2102 4407/2338/2860
f 3615/2329/2102 4408/2520/2861 4409/2521/2862
f 4131/2461/2599 4410/2338/2863 4411/2520/2864
f 4348/2504/2805 4410/2338/2863 4131/2461/2599
f 4410/2338/2863 4348/2504/2805 4345/2303/2802
f 3621/2329/2108 4412/2520/2865 4410/2338/2863
f 4412/2520/2865 3621/2329/2108 4413/2521/2866
f 4414/2522/2867 4415/2344/2868 3678/2343/2165
f 4415/2344/2868 4414/2522/2867 4416/2523/2869
f 3699/2344/2186 4417/2522/2870 3681/2343/2168
f 4417/2522/2870 3699/2344/2186 4418/2523/2871
f 4419/2524/2872 4420/2525/2873 4421/2401/2874
f 4421/2401/2874 4422/2386/2875 4419/2524/2872
f 4423/2525/2876 4424/2524/2877 4425/2401/2878
f 4425/2401/2878 4424/2524/2877 3905/2386/2879
f 3544/2307/2880 4426/2316/2881 4427/2408/2882
f 4427/2408/2882 4429/2526/2883 3544/2307/2880
f 4428/2526/2884 4430/2527/2885 3544/2307/2030
f 3544/2307/2030 4430/2527/2885 4431/2306/2886
f 4432/2497/2887 4433/2528/2888 4434/2529/2889
f 4433/2528/2888 4432/2497/2887 4305/2493/2763
f 3547/2307/2033 4435/2408/2890 4436/2316/2891
f 4435/2408/2890 3547/2307/2033 4438/2526/2892
f 3547/2307/2033 4439/2527/2893 4437/2526/2894
f 3547/2307/2033 3546/2306/2032 4439/2527/2893
f 4440/2497/2895 4441/2529/2896 4442/2528/2897
f 4440/2497/2895 4442/2528/2897 4443/2493/2898
f 4444/2426/2899 4445/2530/2900 4446/2531/2901
f 4445/2530/2900 4444/2426/2899 4447/2473/2902
f 3514/2263/2001 4448/2532/2903 4449/2266/2904
f 4448/2532/2903 3514/2263/2001 3961/2299/2440
f 4450/2530/2905 4451/2426/2906 4452/2531/2907
f 4451/2426/2906 4450/2530/2905 4453/2473/2908
f 4454/2532/2909 4455/2263/2910 4456/2266/2911
f 4455/2263/2910 4454/2532/2909 3963/2299/2912
f 4457/2343/2913 4337/2508/2794 4458/2522/2914
f 4337/2508/2794 4457/2343/2913 3677/2333/2164
f 3681/2343/2168 4355/2508/2812 3680/2333/2167
f 4355/2508/2812 3681/2343/2168 4417/2522/2870
f 4459/2322/2915 4460/2533/2778 4461/2534/2916
f 4462/2322/2917 4463/2534/2918 4464/2533/2783
f 4465/2534/2919 4460/2533/2778 3804/2347/2295
f 4466/2534/2920 4467/2347/2921 4464/2533/2783
f 4468/2523/2869 3804/2347/2295 4415/2344/2922
f 3804/2347/2295 4468/2523/2869 4469/2535/2919
f 4146/2470/2612 3913/2403/2404 3726/2253/2406
f 4470/2281/2923 4471/2470/2924 3726/2253/2211
f 4471/2470/2924 4470/2281/2923 4037/2433/2925
f 4473/2536/2926 4472/2433/2927 4474/2368/2255
f 4475/2537/2928 4473/2536/2926 4474/2368/2255
f 3701/2347/2188 4476/2523/2929 3699/2344/2186
f 4476/2523/2929 3701/2347/2188 4477/2535/2930
f 4163/2470/2629 3924/2253/2410 3922/2403/2408
f 4041/2281/2517 3924/2253/2410 4163/2470/2629
f 4041/2281/2517 4163/2470/2629 4478/2433/2931
f 4480/2368/2932 4479/2433/2933 4481/2536/2934
f 4480/2368/2932 4481/2536/2934 4482/2537/2935
f 4430/2527/2885 4483/2502/2936 4431/2306/2886
f 4431/2306/2886 4483/2502/2936 4484/2302/2937
f 3546/2306/2032 3545/2302/2031 4347/2502/2804
f 3546/2306/2032 4347/2502/2804 4439/2527/2893
f 4485/2531/2938 4486/2427/2939 4444/2426/2899
f 4486/2427/2939 4485/2531/2938 4487/2538/2940
f 4488/2531/2941 4489/2427/2942 4490/2538/2943
f 4489/2427/2942 4488/2531/2941 4491/2426/2944
f 4492/2355/2945 4493/2539/2946 4494/2540/2947
f 4493/2539/2946 4492/2355/2945 4495/2354/2948
f 4364/2510/2821 4496/2274/2949 4497/2541/2950
f 4496/2274/2949 4364/2510/2821 4498/2272/2951
f 3733/2355/2952 4499/2539/2953 4500/2354/2954
f 4499/2539/2953 3733/2355/2952 4501/2540/2955
f 4502/2510/2956 4503/2541/2957 4504/2274/2958
f 4504/2274/2958 4505/2272/2959 4502/2510/2956
f 4506/2418/2960 3975/2419/2961 4507/2491/2962
f 4508/2418/2963 4509/2491/2964 4510/2419/2965
f 4511/2447/2966 4512/2542/2967 4514/2410/2968
f 4512/2542/2967 4511/2447/2966 4515/2543/2969
f 3940/2331/2970 4082/2447/2971 4513/2410/2972
f 4082/2447/2971 3940/2331/2970 4516/2446/2973
f 4517/2447/2974 3943/2410/2975 4519/2542/2976
f 4519/2542/2976 4520/2543/2977 4517/2447/2974
f 4521/2447/2978 3944/2331/2979 4518/2410/2980
f 3944/2331/2979 4521/2447/2978 4522/2446/2981
f 3391/2259/1879 4523/2544/2982 4524/2545/2983
f 4523/2544/2982 3391/2259/1879 3374/2250/1878
f 4525/2544/2984 3399/2259/1887 4526/2545/2985
f 3399/2259/1887 4525/2544/2984 4527/2250/2986
f 4487/2538/2940 4015/2429/2987 4528/2427/2988
f 4015/2429/2987 4487/2538/2940 4529/2546/2989
f 3907/2298/2398 3532/2298/2019 4531/2402/2990
f 4532/2547/2991 4530/2402/2992 4287/2402/2745
f 4490/2538/2943 4025/2429/2993 4533/2546/2994
f 4025/2429/2993 4490/2538/2943 4489/2427/2942
f 4523/2544/2982 4395/2238/2851 4534/2517/2995
f 4395/2238/2851 4523/2544/2982 3374/2250/1878
f 4525/2544/2984 4396/2517/2852 4397/2238/2853
f 4525/2544/2984 4397/2238/2853 4527/2250/2986
f 4535/2548/2996 3775/2369/2997 4536/2549/2998
f 3775/2369/2997 4535/2548/2996 4537/2389/2999
f 4538/2548/3000 4539/2549/3001 3777/2369/2264
f 4538/2548/3000 3777/2369/2264 4540/2389/3002
f 4541/2337/3003 4542/2550/3004 4543/2479/3005
f 4542/2550/3004 4541/2337/3003 3457/2280/1944
f 3457/2280/1944 4544/2551/3006 4542/2550/3004
f 4544/2551/3006 3457/2280/1944 3370/2249/1857
f 4545/2551/3007 4546/2227/3008 4547/2552/3009
f 3370/2249/1857 4546/2227/3008 4545/2551/3007
f 4546/2227/3008 3298/2223/1783 4547/2552/3009
f 4547/2552/3009 3298/2223/1783 4548/2553/3010
f 4549/2553/3011 4550/2554/3012 4551/2555/3013
f 4550/2554/3012 4549/2553/3011 4552/2432/3014
f 4552/2432/3014 3298/2223/1783 3300/2224/1785
f 3298/2223/1783 4552/2432/3014 4549/2553/3011
f 4553/2550/3015 4554/2337/3016 4216/2479/2683
f 4554/2337/3016 4553/2550/3015 3459/2280/1946
f 4555/2551/2964 3459/2280/1946 4553/2550/3015
f 3459/2280/1946 4555/2551/2964 4557/2249/3017
f 4556/2551/2725 4558/2227/3018 3372/2249/1859
f 4556/2551/2725 4559/2552/3019 4558/2227/3018
f 3303/2223/1788 4558/2227/3018 4559/2552/3019
f 3303/2223/1788 4559/2552/3019 4560/2553/3020
f 4562/2554/3021 4561/2553/3022 4563/2555/3023
f 4561/2553/3022 4562/2554/3021 4035/2432/2512
f 4035/2432/2512 3303/2223/1788 4561/2553/3022
f 3303/2223/1788 4035/2432/2512 4032/2224/2509
f 4564/2494/3024 4565/2528/2888 4272/2493/3025
f 4566/2556/3026 4015/2429/3027 4567/2546/3028
f 4015/2429/3027 4566/2556/3026 4191/2428/2658
f 4568/2528/3029 4569/2494/3030 4274/2493/2731
f 4570/2556/3031 4533/2546/2994 4025/2429/2993
f 4570/2556/3031 4025/2429/2993 4571/2428/3032
f 4572/2557/3033 4537/2389/2999 4573/2548/3034
f 4572/2557/3033 4574/2439/3035 4537/2389/2999
f 4575/2557/3036 4540/2389/3002 4065/2439/2712
f 4575/2557/3036 4576/2548/3037 4540/2389/3002
f 3421/2268/1908 3420/2267/1907 4577/2558/3038
f 3420/2267/1907 4578/2559/3039 4577/2558/3038
f 3901/2386/3040 4579/2560/3041 4419/2524/3042
f 4579/2560/3041 3901/2386/3040 4580/2385/3043
f 4581/2558/3044 3435/2267/1922 3662/2268/2150
f 3435/2267/1922 4581/2558/3044 4582/2559/3045
f 4424/2524/2877 4583/2560/3046 3905/2386/2879
f 4583/2560/3046 4584/2385/3047 3905/2386/2879
f 3934/2391/2414 4585/2483/3048 4586/2561/3049
f 4585/2483/3048 3934/2391/2414 4587/2392/3050
f 3867/2391/2358 4588/2483/3051 3868/2392/2359
f 4588/2483/3051 3867/2391/2358 4589/2561/3052
f 3804/2347/2295 4590/2501/3053 4318/2356/3054
f 4591/2487/3055 4592/2562/3056 4593/2474/3057
f 4594/2439/3058 4592/2562/3056 4251/2487/2707
f 4595/2396/2369 4596/2317/3059 4251/2487/2707
f 3880/2360/2370 4596/2317/3059 4595/2396/2369
f 4597/2487/3060 4186/2474/3061 4598/2562/3062
f 4065/2439/2712 4254/2487/2710 4598/2562/3062
f 4599/2396/3063 4254/2487/2710 4255/2317/2711
f 4599/2396/3063 4255/2317/2711 4600/2360/3064
f 3701/2347/2188 3805/2356/2296 4325/2501/2783
f 4420/2525/2873 4601/2563/3065 4602/2413/3066
f 4602/2413/3066 4421/2401/2874 4420/2525/2873
f 4423/2525/2876 4603/2413/3067 4604/2563/3068
f 4603/2413/3067 4423/2525/2876 4425/2401/2878
f 4605/2564/3069 4578/2559/3039 4606/2271/3070
f 3433/2267/1920 4606/2271/3070 4578/2559/3039
f 4607/2271/3071 4608/2267/3072 4582/2559/3073
f 4607/2271/3071 4582/2559/3073 4609/2564/3074
f 4610/2354/3075 4611/2565/3076 4612/2539/3077
f 4611/2565/3076 4610/2354/3075 4613/2353/3078
f 4614/2354/3079 4615/2565/3080 4616/2353/3081
f 4615/2565/3080 4614/2354/3079 4499/2539/2953
f 4617/2566/3082 4447/2473/2902 4618/2567/3083
f 4447/2473/2902 4617/2566/3082 4445/2530/2900
f 4619/2566/3084 4181/2473/2648 4450/2530/2905
f 4181/2473/2648 4619/2566/3084 4620/2567/3085
f 4382/2515/2838 4621/2519/3086 4622/2568/3087
f 4623/2515/3088 4624/2568/3089 4625/2519/2859
f 4626/2569/3090 4627/2570/3090 4628/2571/3091
f 4629/2569/3092 4630/2571/3093 4631/2570/3094
f 4632/2570/3095 4633/2572/3096 4634/2571/3097
f 4633/2572/3096 4632/2570/3095 4635/2573/3098
f 4636/2570/3099 4637/2572/3100 4638/2573/3101
f 4637/2572/3100 4636/2570/3099 4639/2571/3102
f 4460/2533/2778 4640/2322/3103 4641/2500/3104
f 4464/2533/2783 4642/2500/3105 4643/2322/3106
f 4644/2414/3107 4645/2574/3108 3883/2397/2373
f 3883/2397/2373 4645/2574/3108 4646/2381/3109
f 4647/2390/3110 4648/2355/3111 4494/2540/2947
f 4494/2540/2947 4649/2575/3112 4647/2390/3110
f 4650/2574/3113 3957/2414/2436 3887/2397/2377
f 3887/2397/2377 4651/2381/3114 4650/2574/3113
f 4652/2390/3115 4501/2540/3116 4653/2355/3117
f 4652/2390/3115 4654/2575/3118 4501/2540/3116
f 4655/2417/3119 4656/2413/3120 4601/2563/3065
f 4657/2417/3121 4658/2563/3122 4659/2413/3067
f 4660/2576/3123 3775/2369/2997 4379/2378/2835
f 3775/2369/2997 4660/2576/3123 4536/2549/2998
f 3777/2369/2264 4661/2576/3124 3817/2378/2311
f 4661/2576/3124 3777/2369/2264 4662/2549/3125
f 4401/2519/2856 4382/2515/2838 4381/2393/2837
f 4625/2519/3126 3872/2393/3127 4388/2515/2843
f 4628/2571/3091 4663/2577/3128 4664/2578/3129
f 4665/2579/3130 4664/2578/3129 4663/2577/3128
f 4666/2578/3131 4667/2579/3132 4668/2577/3133
f 4666/2578/3131 4668/2577/3133 4669/2571/3134
f 4670/2516/3135 4671/2580/3136 4672/2581/3137
f 4671/2580/3136 4670/2516/3135 4673/2582/3136
f 4674/2415/3138 4672/2581/3137 4644/2414/3107
f 4672/2581/3137 4674/2415/3138 4675/2516/3137
f 4676/2516/3139 4677/2580/3139 4678/2582/3139
f 4677/2580/3139 4676/2516/3139 4680/2581/3139
f 4679/2581/3140 4681/2415/3141 4682/2414/3142
f 4681/2415/3141 4679/2581/3140 4676/2516/3139
f 4683/2498/3143 3713/2352/2199 4684/2278/3144
f 3713/2352/2199 4683/2498/3143 4685/2583/3145
f 3711/2278/1937 3710/2352/2197 4310/2498/2768
f 3710/2352/2197 4686/2583/3146 4310/2498/2768
f 4133/2463/2601 4687/2496/3147 4688/2412/2751
f 4687/2496/3147 4133/2463/2601 4689/2438/3148
f 4690/2496/3149 4691/2463/3150 4692/2412/2622
f 4691/2463/3150 4690/2496/3149 4693/2438/3151
f 3932/2409/2412 4694/2561/3152 4695/2584/3153
f 4694/2561/3152 3932/2409/2412 3864/2391/2355
f 3936/2409/2416 4696/2561/3154 4697/2391/2417
f 4696/2561/3154 3936/2409/2416 4698/2584/3155
f 4699/2585/3156 4700/2428/3157 4566/2556/3026
f 4700/2428/3157 4699/2585/3156 4701/2476/3158
f 4702/2585/3159 4570/2556/3031 4197/2428/2664
f 4702/2585/3159 4197/2428/2664 4703/2476/3160
f 4433/2528/3161 4704/2494/3162 4705/2586/3163
f 4706/2494/3164 4442/2528/3165 4707/2586/3166
f 4409/2521/2862 4605/2564/3069 3615/2329/2102
f 4606/2271/3070 3615/2329/2102 4605/2564/3069
f 3621/2329/2108 4607/2271/3071 4609/2564/3074
f 3621/2329/2108 4609/2564/3074 4708/2521/3167
f 4370/2511/3168 4709/2587/3169 4710/2500/3170
f 4103/2454/2573 4710/2500/3170 4709/2587/3169
f 4712/2321/3171 4711/2500/3172 4713/2322/3173
f 4711/2500/3172 4712/2321/3171 4370/2511/3174
f 4714/2587/3175 4715/2500/3176 4112/2454/2582
f 4715/2500/3176 4714/2587/3175 4372/2511/3177
f 3591/2321/2078 4716/2500/3178 4372/2511/2831
f 4716/2500/3178 3591/2321/2078 4717/2322/3179
f 4718/2578/3180 4719/2588/3181 4720/2569/3182
f 4719/2588/3181 4718/2578/3180 4721/2529/3183
f 4722/2529/3184 4665/2579/3185 4723/2497/3186
f 4665/2579/3185 4722/2529/3184 4724/2578/3187
f 4725/2578/3188 4726/2569/3189 4727/2588/3190
f 4725/2578/3188 4727/2588/3190 4441/2529/2896
f 4728/2579/3191 4441/2529/3192 4729/2497/3193
f 4728/2579/3191 4730/2578/3194 4441/2529/3192
f 4731/2575/3195 4732/2589/3196 4733/2590/3197
f 4734/2575/3198 4735/2590/3199 4736/2589/3200
f 4416/2523/3201 4737/2591/3202 4738/2568/3203
f 4739/2523/3204 4740/2568/3205 4741/2591/3206
f 4742/2491/3207 4743/2451/3208 4744/2563/3209
f 4743/2451/3208 4742/2491/3207 4098/2452/2571
f 4100/2451/2446 4509/2491/2964 4604/2563/3068
f 4509/2491/2964 4100/2451/2446 4102/2452/2572
f 4745/2327/3210 4746/2425/3211 4747/2328/3212
f 4748/2592/3213 4747/2328/3212 4746/2425/3211
f 4747/2328/3212 4748/2592/3213 4749/2495/3214
f 4749/2495/3214 4748/2592/3213 4750/2593/3215
f 4751/2591/3216 4660/2576/3217 4752/2594/3218
f 4753/2495/3219 4754/2592/3220 4755/2328/3221
f 4754/2592/3220 4753/2495/3219 4756/2593/3220
f 4754/2592/3220 4757/2425/3220 4755/2328/3221
f 4757/2425/3220 4758/2327/3220 4755/2328/3221
f 4759/2591/3222 4760/2594/3223 4661/2576/3124
f 4761/2384/3224 4645/2574/3108 4762/2595/3225
f 4645/2574/3108 4761/2384/3224 4763/2381/3226
f 4764/2574/3227 4765/2384/3228 4766/2595/3229
f 4765/2384/3228 4764/2574/3227 4651/2381/3114
f 4579/2560/3041 4767/2399/3230 4768/2596/3231
f 4767/2399/3230 4579/2560/3041 4580/2385/3043
f 4769/2560/3232 4770/2399/3233 4771/2385/3234
f 4770/2399/3233 4769/2560/3232 4772/2596/3235
f 4773/2597/3236 4640/2322/3103 4469/2535/3237
f 4640/2322/3103 4773/2597/3236 4775/2276/3238
f 4497/2541/2950 4775/2276/3238 4773/2597/3236
f 4775/2276/3238 4497/2541/2950 4776/2274/3239
f 4777/2535/3240 4778/2598/3241 4774/2597/3242
f 4780/2597/3243 4781/2535/3244 4462/2322/2917
f 4780/2597/3243 4462/2322/2917 4782/2276/3245
f 4503/2541/2957 4780/2597/3243 4782/2276/3245
f 4503/2541/2957 4782/2276/3245 4504/2274/2958
f 4477/2535/3246 4779/2597/3247 4783/2598/3248
f 4784/2599/3249 4686/2583/3146 4785/2395/3250
f 3710/2352/2197 4785/2395/3250 4686/2583/3146
f 4786/2395/3251 3713/2352/2199 4787/2583/3252
f 4786/2395/3251 4787/2583/3252 4788/2599/3253
f 4789/2390/3254 4790/2600/3255 4791/2601/3256
f 4790/2600/3255 4789/2390/3254 4792/2512/3257
f 4791/2601/3256 4734/2575/3198 4789/2390/3254
f 4793/2600/3258 4794/2390/3259 4795/2601/3260
f 4794/2390/3259 4793/2600/3258 4796/2512/3261
f 4795/2601/3262 4797/2390/3263 4731/2575/3195
f 4186/2474/2653 4254/2487/2710 4257/2488/2714
f 4178/2474/2645 4252/2488/2708 4251/2487/2707
f 4798/2395/3264 4253/2396/2709 4784/2599/3249
f 4253/2396/2709 4799/2488/3265 4784/2599/3249
f 4788/2599/3266 4800/2396/3267 4801/2395/3268
f 4800/2396/3267 4788/2599/3266 4257/2488/2714
f 4802/2602/3269 4000/2313/2476 4803/2313/3270
f 4000/2313/2476 4802/2602/3269 4804/2602/3271
f 4000/2313/2476 4805/2297/3272 4803/2313/3270
f 4806/2602/3273 4807/2313/3274 4808/2602/3275
f 4807/2313/3274 4806/2602/3273 4809/2313/3276
f 4807/2313/3274 4809/2313/3276 3563/2297/3277
f 4810/2594/3278 4811/2576/3279 4379/2378/2835
f 4810/2594/3278 4379/2378/2835 4812/2603/2838
f 4813/2576/3280 4814/2594/3281 3817/2378/2311
f 3817/2378/2311 4814/2594/3281 4815/2603/3088
f 4816/2480/3282 4796/2512/3261 4817/2600/3258
f 4816/2480/3282 4818/2604/3283 4796/2512/3261
f 4818/2604/3283 4816/2480/3282 4213/2479/2680
f 4819/2600/3284 4792/2512/3257 4820/2480/3285
f 4821/2604/3286 4820/2480/3285 4792/2512/3257
f 4820/2480/3285 4821/2604/3286 4216/2479/2683
f 3636/2335/2148 3421/2268/1908 4822/2605/3287
f 3421/2268/1908 4823/2558/3288 4822/2605/3287
f 4824/2605/3289 3662/2268/2150 3643/2335/2130
f 3662/2268/2150 4824/2605/3289 4581/2558/3044
f 4817/2600/3258 4825/2601/3290 4826/2590/3291
f 4819/2600/3292 4735/2590/3199 4827/2601/3293
f 4828/2606/3294 4634/2571/3097 4829/2572/3295
f 4634/2571/3097 4828/2606/3294 4830/2577/3296
f 4831/2606/3297 4637/2572/3100 4639/2571/3102
f 4639/2571/3102 4832/2577/3298 4831/2606/3297
f 4724/2578/3299 4833/2569/3300 4834/2571/3301
f 4835/2607/3302 4836/2567/3303 4837/2562/3304
f 4836/2567/3303 4835/2607/3302 4617/2566/3305
f 4838/2571/3306 4839/2569/3307 4725/2578/3188
f 4840/2607/3308 4841/2567/3309 4619/2566/3310
f 4841/2567/3309 4840/2607/3308 4598/2562/3062
f 4339/2485/3311 4842/2476/3312 4843/2509/3313
f 4843/2509/3313 4842/2476/3312 4844/2585/3314
f 4363/2509/2820 4702/2585/3315 4845/2476/3316
f 4363/2509/2820 4845/2476/3316 4357/2485/2818
f 3561/2298/2637 4846/2298/3317 3911/2402/3318
f 4848/2547/3319 4847/2402/3318 4849/2547/3320
f 4847/2402/3318 4848/2547/3319 4169/2402/2636
f 4850/2436/3321 4851/2584/3322 4852/2608/3323
f 4851/2584/3322 4850/2436/3321 3932/2409/2412
f 4853/2436/3324 4698/2584/3155 3936/2409/2416
f 4698/2584/3155 4853/2436/3324 4854/2608/3325
f 4855/2430/3326 4856/2497/3327 4857/2609/3328
f 4856/2497/3327 4665/2579/3185 4857/2609/3328
f 4858/2609/3329 4859/2497/3330 4860/2430/3331
f 4859/2497/3330 4858/2609/3329 4728/2579/3191
f 4861/2610/3332 4613/2353/3078 3796/2373/2287
f 4613/2353/3078 4861/2610/3332 4862/2565/3333
f 3723/2353/2288 4863/2610/3334 3799/2373/2290
f 4863/2610/3334 3723/2353/2288 4615/2565/3080
f 4705/2586/3163 4864/2611/3335 4433/2528/3161
f 4864/2611/3335 4705/2586/3163 4865/2612/3336
f 4866/2611/3337 4867/2586/3338 4568/2528/3029
f 4867/2586/3338 4866/2611/3337 4868/2612/3339
f 4869/2613/3340 4870/2368/3341 3767/2367/2254
f 4870/2368/3341 4869/2613/3340 4871/2537/3342
f 4872/2613/3343 4040/2368/2932 4482/2537/2935
f 4040/2368/2932 4872/2613/3343 3770/2367/2257
f 4146/2470/2612 4472/2433/2927 4151/2472/2617
f 4146/2470/2612 4151/2472/2617 4873/2471/3344
f 4151/2472/2617 4472/2433/2927 4473/2536/2926
f 4874/2480/3345 4875/2590/3346 4056/2437/2532
f 4875/2590/3346 4874/2480/3345 4817/2600/3258
f 4875/2590/3346 4876/2589/3347 4056/2437/2532
f 4176/2473/2643 4178/2474/2645 4618/2567/3083
f 4178/2474/2645 4837/2562/3304 4618/2567/3083
f 4877/2410/3348 4878/2614/3349 4879/2412/2604
f 4878/2614/3349 4877/2410/3348 4512/2542/2967
f 4039/2433/3350 4163/2470/2629 4167/2472/2632
f 4039/2433/3350 4167/2472/2632 4880/2536/3351
f 4167/2472/2632 4163/2470/2629 4881/2471/3352
f 4217/2480/3353 4735/2590/3199 4882/2600/3354
f 4735/2590/3199 4217/2480/3353 4064/2437/2540
f 4735/2590/3199 4064/2437/2540 4883/2589/3355
f 4884/2474/3356 4181/2473/2648 4620/2567/3085
f 4620/2567/3085 4598/2562/3062 4884/2474/3356
f 3943/2410/2422 3945/2412/2424 4885/2614/3357
f 4885/2614/3357 4886/2542/3358 3943/2410/2422
f 4719/2588/3181 4434/2529/2889 4887/2611/3359
f 4887/2611/3359 4434/2529/2889 4433/2528/2888
f 4719/2588/3181 4887/2611/3359 4889/2615/3360
f 4887/2611/3359 4890/2616/3361 4888/2615/3362
f 4891/2617/3363 4890/2616/3361 4887/2611/3359
f 4892/2529/3364 4893/2588/3365 4894/2611/3366
f 4892/2529/3364 4894/2611/3366 4442/2528/3029
f 4894/2611/3366 4893/2588/3365 4895/2615/3367
f 4894/2611/3366 4895/2615/3367 4896/2616/3368
f 4897/2617/3369 4894/2611/3366 4896/2616/3368
f 4536/2549/2998 4898/2576/3370 4899/2618/3371
f 4539/2549/3001 4900/2618/3372 4813/2576/3280
f 4810/2594/3278 4901/2568/3373 4737/2591/3202
f 4814/2594/3281 4741/2591/3206 4624/2568/3089
f 4902/2619/3374 4507/2491/2962 4601/2563/3065
f 4507/2491/2962 4902/2619/3374 4903/2418/3375
f 4904/2494/3376 4762/2595/3225 4905/2606/3377
f 4762/2595/3225 4904/2494/3376 4906/2384/3378
f 4907/2619/3379 4908/2491/3380 4909/2418/2452
f 4908/2491/3380 4907/2619/3379 4604/2563/3068
f 4910/2494/3381 4911/2595/3382 4765/2384/3228
f 4911/2595/3382 4910/2494/3381 4912/2606/3383
f 3913/2403/2404 4913/2468/3384 4914/2620/3385
f 4914/2620/3385 4913/2468/3384 4915/2621/3386
f 4913/2468/3384 4916/2622/3387 4917/2621/3386
f 4916/2622/3387 4913/2468/3384 4140/2467/2606
f 4140/2467/2606 4138/2465/3388 4916/2622/3387
f 4138/2465/3388 4918/2623/3389 4916/2622/3387
f 4918/2623/3389 4138/2465/3388 4919/2464/3390
f 4135/2465/3391 4920/2296/3392 4921/2315/3393
f 4133/2463/2601 4135/2465/3391 4921/2315/3393
f 4057/2438/3394 4133/2463/2601 3597/2324/2083
f 4133/2463/2601 4921/2315/3393 3597/2324/2083
f 4922/2620/3395 4923/2621/3396 4924/2468/3397
f 4922/2620/3395 4924/2468/3397 4925/2403/3398
f 4926/2622/3399 4924/2468/3397 4927/2621/3400
f 4924/2468/3397 4926/2622/3399 4158/2467/2626
f 4928/2622/3401 4155/2465/2621 4158/2467/2626
f 4929/2623/3402 4155/2465/2621 4928/2622/3401
f 4155/2465/2621 4929/2623/3402 4930/2464/3403
f 4155/2465/2621 3568/2315/2054 3505/2296/1991
f 3568/2315/2054 4155/2465/2621 4931/2463/3404
f 4932/2324/3405 4931/2463/3404 4063/2438/2539
f 4931/2463/3404 4932/2324/3405 3568/2315/2054
f 4933/2266/3406 4934/2624/3407 4935/2264/3408
f 4934/2624/3407 4933/2266/3406 4936/2532/3409
f 4935/2264/3408 4934/2624/3407 3892/2400/3410
f 4937/2624/3411 4938/2266/3412 4939/2264/3413
f 4938/2266/3412 4937/2624/3411 4940/2532/3414
f 4937/2624/3411 4939/2264/3413 4941/2400/3415
f 4942/2625/2587 4943/2437/3416 4876/2589/3196
f 4944/2625/2857 4736/2589/3417 4064/2437/2540
f 4689/2438/3148 4945/2626/2587 4946/2459/3418
f 4945/2626/2587 4689/2438/3148 4056/2437/2532
f 4947/2626/2857 4693/2438/3151 4948/2459/3149
f 4693/2438/3151 4947/2626/2857 4064/2437/2540
f 4901/2568/3373 4810/2594/3278 4949/2515/3419
f 4624/2568/3089 4623/2515/3088 4814/2594/3281
f 4950/2618/3420 4737/2591/3202 4951/2522/3421
f 4952/2523/3422 4951/2522/3421 4737/2591/3202
f 4953/2618/3423 4811/2576/3279 4737/2591/3202
f 4954/2522/3424 4955/2523/3425 4741/2591/3206
f 4954/2522/3424 4741/2591/3206 4900/2618/3372
f 4900/2618/3372 4741/2591/3206 4813/2576/3280
f 4826/2590/3291 4825/2601/3290 4731/2575/3195
f 4735/2590/3199 4654/2575/3118 4827/2601/3293
f 4956/2561/3426 4957/2482/3427 4958/2627/3428
f 4957/2482/3427 4956/2561/3426 4959/2483/3429
f 4960/2561/3430 4961/2482/3431 4962/2483/3432
f 4961/2482/3431 4960/2561/3430 4963/2627/3433
f 4964/2370/3434 4965/2628/3435 4966/2629/3436
f 4965/2628/3435 4964/2370/3434 4968/2372/3437
f 4969/2420/3438 4967/2372/3439 3977/2371/2454
f 4967/2372/3439 4969/2420/3438 4970/2628/3440
f 4971/2370/3441 4972/2628/3442 4974/2372/3443
f 4972/2628/3442 4971/2370/3441 4975/2629/3444
f 4973/2372/3445 4976/2420/3446 4977/2371/3447
f 4976/2420/3446 4973/2372/3445 4972/2628/3442
f 4206/2478/2672 4978/2608/3448 4979/2630/3449
f 4978/2608/3448 4206/2478/2672 4051/2436/2527
f 4247/2478/2703 4854/2608/3450 4980/2436/3451
f 4854/2608/3450 4247/2478/2703 4981/2630/3452
f 3995/2424/2471 4982/2582/3453 4983/2516/3454
f 4984/2631/3455 4982/2582/3453 3995/2424/2471
f 3998/2424/2474 4985/2516/3456 4986/2582/3457
f 3998/2424/2474 4986/2582/3457 4987/2631/3458
f 4043/2434/2518 4988/2573/3459 4989/2570/3460
f 4989/2570/3460 4990/2435/3461 4043/2434/2518
f 4991/2434/3462 4992/2570/3463 4993/2573/3101
f 4991/2434/3462 4994/2435/3464 4992/2570/3463
f 4995/2632/3465 4997/2633/3466 4998/2489/3467
f 4997/2633/3466 4089/2448/2564 4998/2489/3467
f 4995/2632/3465 4998/2489/3467 4301/2486/2758
f 4999/2634/3468 4995/2632/3465 4301/2486/2758
f 4260/2448/2716 4996/2633/3469 5000/2635/3470
f 4260/2448/2716 5000/2635/3470 4092/2450/2566
f 5001/2489/3471 5002/2633/3472 5003/2632/3473
f 5002/2633/3472 5001/2489/3471 5004/2448/3474
f 5003/2632/3473 4249/2486/2705 5005/2489/3475
f 4249/2486/2705 5003/2632/3473 5006/2634/3476
f 5007/2448/3477 5008/2635/3478 5002/2633/3472
f 5008/2635/3478 5007/2448/3477 4096/2450/2570
f 3781/2367/3479 4966/2629/3436 5009/2613/3480
f 4966/2629/3436 3781/2367/3479 4964/2370/3434
f 4975/2629/3444 5010/2367/3481 4872/2613/3343
f 5010/2367/3481 4975/2629/3444 4971/2370/3441
f 5011/2444/3482 5012/2543/3483 4511/2447/3484
f 5012/2543/3483 5011/2444/3482 5013/2636/3485
f 5014/2444/3486 4517/2447/2974 5015/2543/3487
f 5015/2543/3487 5016/2636/3488 5014/2444/3486
f 5017/2612/3489 5018/2573/3490 5019/2637/3491
f 5017/2612/3489 4829/2572/3295 5018/2573/3490
f 4829/2572/3295 5017/2612/3489 5020/2586/3492
f 5021/2638/3493 5017/2612/3489 5019/2637/3491
f 5017/2612/3489 5021/2638/3493 5023/2639/3494
f 5024/2494/3495 5025/2572/3496 5020/2586/3492
f 5025/2572/3496 5024/2494/3495 4905/2606/3497
f 5026/2404/3498 5022/2639/3499 5027/2638/3500
f 5026/2404/3498 4914/2620/3385 5022/2639/3499
f 4914/2620/3385 5026/2404/3498 3913/2403/2404
f 5021/2638/3493 5028/2434/3501 5026/2404/3498
f 5019/2637/3491 5028/2434/3501 5021/2638/3493
f 5028/2434/3501 5019/2637/3491 5029/2573/3490
f 5030/2612/3502 4637/2572/3100 5031/2586/3503
f 4637/2572/3100 5030/2612/3502 5032/2573/3504
f 5030/2612/3502 5033/2637/3505 5032/2573/3504
f 5034/2494/3506 5031/2586/3503 4637/2572/3100
f 4637/2572/3100 5035/2606/3383 5034/2494/3506
f 5030/2612/3502 5037/2638/3507 5033/2637/3505
f 5037/2638/3507 5030/2612/3502 5039/2639/3508
f 4991/2434/3462 5036/2638/3509 4045/2404/2520
f 5036/2638/3509 4991/2434/3462 5033/2637/3505
f 5033/2637/3505 4991/2434/3462 5040/2573/3510
f 3923/2404/2409 5041/2638/3511 5038/2639/3512
f 4922/2620/3395 3923/2404/2409 5038/2639/3512
f 3923/2404/2409 4922/2620/3395 5042/2403/3513
f 5043/2630/3514 5044/2634/3515 4206/2478/2672
f 5044/2634/3515 4301/2486/2758 4206/2478/2672
f 4247/2478/2703 5045/2634/3516 4981/2630/3452
f 5045/2634/3516 4247/2478/2703 5046/2486/3517
f 5047/2640/3518 4092/2450/2566 5048/2635/3519
f 4092/2450/2566 5047/2640/3518 4077/2443/2553
f 5049/2640/3520 4096/2450/2570 4083/2443/2558
f 4096/2450/2570 5049/2640/3520 5008/2635/3478
f 5050/2587/3521 5051/2641/3522 4103/2454/2573
f 5052/2442/3523 4103/2454/2573 5051/2641/3522
f 4112/2454/2582 5053/2442/3524 5054/2641/3525
f 4112/2454/2582 5054/2641/3525 4714/2587/3175
f 5055/2614/3526 5056/2464/3527 5057/2466/2420
f 5058/2614/3528 5059/2466/2424 4153/2464/2619
f 4077/2443/2553 5013/2636/3485 4078/2444/2554
f 5013/2636/3485 4077/2443/2553 5047/2640/3518
f 4083/2443/2558 4085/2444/2560 5016/2636/3488
f 4083/2443/2558 5016/2636/3488 5049/2640/3520
f 4574/2439/3035 4835/2607/3302 4592/2562/3056
f 4835/2607/3302 4574/2439/3035 5060/2557/3529
f 4572/2557/3033 4573/2548/3034 5061/2642/3530
f 5061/2642/3530 4573/2548/3034 5062/2643/3531
f 4857/2609/3328 5063/2631/3455 5064/2430/3532
f 3995/2424/2471 5064/2430/3532 5063/2631/3455
f 4065/2439/2712 4840/2607/3308 4575/2557/3036
f 4840/2607/3308 4065/2439/2712 4598/2562/3062
f 5065/2642/3533 4538/2548/3000 4575/2557/3036
f 4538/2548/3000 5065/2642/3533 5066/2643/3534
f 4987/2631/3535 5067/2430/3536 5068/2424/3537
f 5067/2430/3536 4987/2631/3535 4858/2609/3329
f 5069/2301/3538 3636/2335/2148 5070/2644/3539
f 5070/2644/3539 3636/2335/2148 4822/2605/3287
f 5071/2644/3540 3643/2335/2130 5072/2301/3541
f 3643/2335/2130 5071/2644/3540 5073/2605/3542
f 5074/2645/3543 5075/2475/3543 5076/2244/3544
f 5077/2245/3543 5074/2645/3543 5076/2244/3544
f 5077/2245/3543 5078/2646/3543 5074/2645/3543
f 5079/2259/3544 5078/2646/3543 5077/2245/3543
f 5078/2646/3543 5079/2259/3544 5080/2545/3543
f 5081/2464/3545 4878/2614/3349 5082/2647/3389
f 5083/2645/3546 5084/2245/3546 5085/2244/3546
f 5083/2645/3546 5085/2244/3546 5086/2475/3547
f 5084/2245/3546 5083/2645/3546 5087/2646/3547
f 5084/2245/3546 5087/2646/3547 5088/2259/3548
f 5088/2259/3548 5087/2646/3547 5089/2545/3546
f 5090/2647/3402 5091/2614/3549 5092/2464/3550
f 4420/2525/2873 5093/2648/3551 5094/2649/3552
f 5093/2648/3551 4420/2525/2873 4419/2524/2872
f 5095/2648/3553 4423/2525/2876 5096/2649/3554
f 4423/2525/2876 5095/2648/3553 5097/2524/3555
f 5098/2547/3556 3796/2373/2287 4531/2402/2990
f 3796/2373/2287 5098/2547/3556 5099/2610/3557
f 3799/2373/2290 4849/2547/3320 3911/2402/2402
f 4849/2547/3320 3799/2373/2290 5100/2610/3558
f 5101/2650/3559 5102/2531/3560 4445/2530/2900
f 5102/2531/3560 5101/2650/3559 5103/2651/3561
f 5104/2580/3562 5105/2652/3563 5106/2581/3564
f 5106/2581/3564 5105/2652/3563 4645/2574/3565
f 5107/2650/3566 5108/2531/3567 5109/2651/3568
f 5108/2531/3567 5107/2650/3566 5110/2530/3569
f 5111/2652/3570 5112/2580/3571 5113/2581/3572
f 5113/2581/3572 4764/2574/3227 5111/2652/3570
f 5114/2649/3573 4902/2619/3374 4601/2563/3065
f 4601/2563/3065 5115/2525/3574 5114/2649/3573
f 5096/2649/3554 4604/2563/3068 4907/2619/3379
f 4604/2563/3068 5096/2649/3554 4423/2525/2876
f 5116/2425/3575 5117/2602/3576 5118/2592/3577
f 5117/2602/3576 5116/2425/3575 4000/2313/2476
f 5119/2602/3578 4004/2425/2481 5120/2592/3579
f 4004/2425/2481 5119/2602/3578 5121/2313/3580
f 5103/2651/3561 5122/2653/3581 5102/2531/3560
f 5102/2531/3560 5122/2653/3581 5123/2538/3582
f 5124/2653/3583 5109/2651/3568 5108/2531/3567
f 5108/2531/3567 5125/2538/3584 5124/2653/3583
f 4768/2596/3231 3893/2308/2382 5126/2624/3585
f 3893/2308/2382 4768/2596/3231 3888/2399/2378
f 4772/2596/3235 5127/2308/3586 4770/2399/3233
f 5127/2308/3586 4772/2596/3235 5128/2624/3587
f 5129/2606/3588 5130/2654/3589 5131/2577/3590
f 5130/2654/3589 5129/2606/3588 4762/2595/3225
f 4831/2606/3591 5132/2654/3592 5133/2595/3593
f 5132/2654/3592 4831/2606/3591 5134/2577/3594
f 4252/2488/2708 5135/2418/3595 5136/2619/3596
f 5135/2418/3595 4252/2488/2708 5137/2474/3597
f 4257/2488/2714 5138/2418/3598 4186/2474/2653
f 5138/2418/3598 4257/2488/2714 5139/2619/3599
f 4695/2584/3600 5140/2627/3601 5141/2655/3602
f 5140/2627/3601 4695/2584/3600 4956/2561/3603
f 5142/2584/3604 5143/2627/3605 4960/2561/3606
f 5143/2627/3605 5142/2584/3604 5144/2655/3607
f 4663/2577/3608 5145/2654/3609 5146/2579/3610
f 5147/2609/3611 5146/2579/3610 5145/2654/3609
f 5148/2654/3612 5149/2579/3613 5150/2609/3614
f 5149/2579/3613 5148/2654/3612 5151/2577/3615
f 4784/2599/3249 5136/2619/3596 5152/2649/3616
f 5136/2619/3596 4784/2599/3249 4252/2488/2708
f 4788/2599/3266 5139/2619/3599 5153/2488/3617
f 5139/2619/3599 4788/2599/3266 5154/2649/3618
f 5155/2656/3619 4951/2522/3421 5156/2508/3620
f 4951/2522/3421 5155/2656/3619 4953/2618/3371
f 4417/2522/2870 5157/2656/3621 5158/2508/3622
f 5157/2656/3621 4417/2522/2870 5159/2618/3623
f 5160/2406/3624 5161/2435/3625 4632/2570/3095
f 5161/2435/3625 5160/2406/3624 4171/2407/2638
f 5162/2481/3626 4843/2509/3313 5163/2482/3627
f 4843/2509/3313 5164/2627/3628 5163/2482/3627
f 4994/2435/3464 5165/2406/3629 5166/2570/3630
f 5165/2406/3629 4994/2435/3464 4173/2407/2640
f 5167/2509/3631 5168/2482/3632 5169/2627/3633
f 5168/2482/3632 5167/2509/3631 5170/2481/3634
f 5171/2650/3635 5172/2566/3636 5173/2657/3637
f 5172/2566/3636 5171/2650/3635 4445/2530/2900
f 5107/2650/3566 5174/2657/3638 5175/2566/3639
f 5175/2566/3639 4450/2530/2905 5107/2650/3566
f 5176/2595/3640 5177/2652/3641 5178/2654/3642
f 5177/2652/3641 5176/2595/3640 4645/2574/3643
f 4645/2574/3565 3953/2414/3644 5106/2581/3564
f 5179/2652/3645 4911/2595/3646 5180/2654/3647
f 4911/2595/3646 5179/2652/3645 4764/2574/3227
f 4764/2574/3227 5113/2581/3572 3957/2414/3648
f 5181/2653/3649 5182/2658/3650 5183/2538/3651
f 5183/2538/3651 5182/2658/3650 4529/2546/2989
f 5184/2659/3652 4529/2546/2989 5182/2658/3650
f 4529/2546/2989 5184/2659/3652 4566/2556/3026
f 5185/2658/3653 5186/2653/3654 5187/2538/3655
f 5187/2538/3655 5188/2546/3656 5185/2658/3653
f 5189/2659/3657 5185/2658/3653 5188/2546/3656
f 5188/2546/3656 5190/2556/3658 5189/2659/3657
f 5191/2648/3659 5192/2660/3660 5193/2560/3661
f 5191/2648/3659 5193/2560/3661 5194/2524/3662
f 5195/2524/3663 5196/2560/3664 5197/2648/3665
f 5198/2660/3666 5197/2648/3665 5196/2560/3664
f 4796/2512/3667 5199/2604/3668 5200/2511/3669
f 5050/2587/3521 5200/2511/3669 5199/2604/3668
f 5201/2511/3670 4714/2587/3175 4821/2604/3286
f 5201/2511/3670 4821/2604/3286 4792/2512/3257
f 5202/2442/3671 5203/2661/3672 4070/2441/2546
f 5203/2661/3672 5202/2442/3671 5051/2641/3673
f 5053/2442/3524 5204/2441/3674 5205/2661/3675
f 5205/2661/3675 5054/2641/3525 5053/2442/3524
f 5206/2662/3676 3961/2299/2440 5207/2416/3677
f 3961/2299/2440 5206/2662/3676 5208/2532/3678
f 5209/2662/3679 5210/2299/3680 5211/2532/3681
f 5210/2299/3680 5209/2662/3679 3962/2416/2441
f 5212/2608/3682 5213/2655/3683 5214/2659/3684
f 5213/2655/3683 5212/2608/3682 5215/2584/3685
f 5144/2655/3607 5216/2608/3686 5217/2659/3687
f 5216/2608/3686 5144/2655/3607 5142/2584/3604
f 5218/2657/3688 5219/2607/3689 5220/2663/3690
f 5219/2607/3689 5218/2657/3688 5172/2566/3636
f 5221/2657/3691 5222/2663/3692 5223/2607/3693
f 5223/2607/3693 5175/2566/3639 5221/2657/3691
f 5224/2624/3694 5225/2664/2528 5226/2400/3695
f 5128/2624/3587 4941/2400/3415 5227/2664/2531
f 5228/2593/3696 4532/2547/2991 4286/2495/2744
f 4286/2495/2744 4532/2547/2991 4287/2402/2745
f 4289/2495/2747 4169/2402/2749 5229/2547/3697
f 4289/2495/2747 5229/2547/3697 5230/2593/3698
f 5231/2300/3699 5232/2644/3700 5233/2513/3701
f 5232/2644/3700 5231/2300/3699 5234/2301/3702
f 5071/2644/3703 5235/2300/3704 5236/2513/3705
f 5235/2300/3704 5071/2644/3703 5237/2301/3706
f 5238/2655/3707 4566/2556/3708 5214/2659/3684
f 4566/2556/3708 5238/2655/3707 5239/2585/3709
f 5240/2655/3710 5241/2659/3711 4570/2556/3031
f 5240/2655/3710 4570/2556/3031 4702/2585/3159
f 4686/2583/3146 5242/2649/3712 5243/2648/3713
f 5242/2649/3712 4686/2583/3146 4784/2599/3249
f 4685/2583/3145 5244/2649/3714 4788/2599/3266
f 5244/2649/3714 4685/2583/3145 5245/2648/3715
f 4129/2462/2738 4408/2520/2861 5246/2461/3716
f 4408/2520/2861 4129/2462/2738 5247/2665/3717
f 4287/2402/2745 4531/2402/2990 3532/2298/2019
f 5248/2402/3718 5249/2547/3719 5098/2547/3556
f 5250/2602/3720 5098/2547/3556 5249/2547/3719
f 4952/2523/3721 5251/2666/3722 5252/2535/3723
f 4412/2520/2865 4282/2462/2740 4131/2461/2599
f 4282/2462/2740 4412/2520/2865 5253/2665/3724
f 4476/2523/3725 5254/2535/3726 5255/2666/3727
f 4843/2509/3313 5238/2655/3707 5256/2627/3728
f 5238/2655/3707 4843/2509/3313 5257/2585/3729
f 5240/2655/3710 5167/2509/3631 5169/2627/3633
f 5167/2509/3631 5240/2655/3710 4702/2585/3159
f 5258/2660/3730 5259/2596/3731 5260/2662/3732
f 5258/2660/3730 5196/2560/3733 5259/2596/3731
f 5192/2660/3660 5261/2596/3734 5262/2560/3735
f 5192/2660/3660 5263/2662/3736 5261/2596/3734
f 5264/2667/3737 4803/2313/3270 4365/2477/2822
f 4803/2313/3270 5264/2667/3737 5265/2602/3738
f 5266/2667/3739 5267/2313/3740 5268/2602/3741
f 5267/2313/3740 5266/2667/3739 5269/2477/3742
f 5060/2557/3529 5220/2663/3690 5270/2607/3689
f 5220/2663/3690 5060/2557/3529 5061/2642/3530
f 5271/2658/3743 5272/2608/3744 5214/2659/3684
f 5273/2557/3745 5222/2663/3692 5065/2642/3533
f 5222/2663/3692 5273/2557/3745 5274/2607/3746
f 5275/2658/3747 5276/2659/3748 5277/2608/3749
f 5278/2598/3750 5252/2535/3723 5251/2666/3722
f 4783/2598/3248 5279/2666/3751 5254/2535/3726
f 5280/2651/3752 4997/2633/3466 5281/2632/3753
f 4997/2633/3466 5280/2651/3752 5171/2650/3635
f 5109/2651/3568 5282/2633/3754 5107/2650/3566
f 5282/2633/3754 5109/2651/3568 5283/2632/3755
f 5284/2668/3756 4336/2507/2793 4332/2506/2790
f 4336/2507/2793 5284/2668/3756 5285/2669/3757
f 4353/2507/3758 5286/2668/3759 4350/2506/2807
f 5286/2668/3759 4353/2507/3758 5287/2669/3760
f 5288/2669/3761 5156/2508/3620 4336/2507/2793
f 5289/2670/3762 5156/2508/3620 5288/2669/3761
f 5156/2508/3620 5289/2670/3762 5290/2656/3763
f 5291/2670/3764 5158/2508/3765 5292/2656/3766
f 5287/2669/3760 5158/2508/3765 5291/2670/3764
f 5158/2508/3765 5287/2669/3760 4353/2507/3758
f 5293/2671/3767 4332/2506/2790 5294/2503/3768
f 4332/2506/2790 5293/2671/3767 5295/2668/3769
f 4350/2506/2807 5296/2671/3770 5297/2503/3771
f 5296/2671/3770 4350/2506/2807 5286/2668/3759
f 5122/2653/3581 4995/2632/3465 5298/2634/3772
f 4995/2632/3465 5122/2653/3581 5280/2651/3752
f 5122/2653/3581 4999/2634/3468 5299/2630/3773
f 5299/2630/3773 5182/2658/3650 5122/2653/3581
f 5124/2653/3583 5283/2632/3755 5109/2651/3568
f 5283/2632/3755 5124/2653/3583 5006/2634/3476
f 5124/2653/3583 5301/2630/3774 5300/2634/3775
f 5301/2630/3774 5124/2653/3583 5185/2658/3653
f 5302/2654/3776 5303/2631/3777 5304/2609/3778
f 5303/2631/3777 5302/2654/3776 5305/2652/3779
f 5306/2631/3780 5307/2654/3781 5150/2609/3614
f 5307/2654/3781 5306/2631/3780 5308/2652/3782
f 4326/2502/2784 5309/2527/3783 5310/2616/3784
f 5309/2527/3783 4889/2615/3360 5310/2616/3784
f 4889/2615/3360 5309/2527/3783 4719/2588/3181
f 5311/2616/3785 5312/2527/3786 5313/2502/3787
f 5312/2527/3786 5311/2616/3785 5314/2615/3788
f 5312/2527/3786 5314/2615/3788 5315/2588/3789
f 5316/2440/3790 5203/2661/3672 5317/2672/3791
f 5203/2661/3672 5316/2440/3790 5318/2441/3792
f 4126/2440/2594 5205/2661/3675 5319/2441/3793
f 5205/2661/3675 4126/2440/2594 5320/2672/3794
f 3960/2416/2439 4310/2498/2768 5206/2662/3676
f 5206/2662/3676 4310/2498/2768 5321/2660/3795
f 5209/2662/3679 5322/2660/3796 4311/2498/3797
f 5209/2662/3679 4311/2498/3797 3962/2416/2441
f 5212/2608/3798 5182/2658/3650 4979/2630/3449
f 4854/2608/3450 5301/2630/3774 5185/2658/3653
f 5290/2656/3763 5323/2673/3799 5324/2674/3800
f 5323/2673/3799 5290/2656/3763 5325/2670/3801
f 5326/2673/3802 5292/2656/3766 5327/2674/3803
f 5292/2656/3766 5326/2673/3802 5328/2670/3804
f 5329/2521/3805 5330/2665/3806 5331/2675/3807
f 5330/2665/3806 5329/2521/3805 5332/2520/3808
f 5333/2521/3809 5334/2665/3724 4411/2520/2864
f 5334/2665/3724 5333/2521/3809 5335/2675/3810
f 4535/2548/2996 5336/2676/3811 5062/2643/3812
f 5336/2676/3811 4535/2548/2996 5337/2677/2998
f 5338/2617/3813 5339/2503/3814 4483/2502/2936
f 5339/2503/3814 5338/2617/3813 5340/2671/3815
f 5338/2617/3813 4483/2502/2936 5341/2616/3816
f 4576/2548/3037 5342/2676/3817 5343/2677/3001
f 5342/2676/3817 4576/2548/3037 5066/2643/3818
f 5297/2503/3771 5344/2617/3819 5313/2502/3787
f 5344/2617/3819 5297/2503/3771 5345/2671/3820
f 5313/2502/3787 5344/2617/3819 5346/2616/3821
f 5347/2408/3822 4720/2569/3182 4428/2526/2884
f 4720/2569/3182 5347/2408/3822 5348/2405/3823
f 5349/2569/3824 4430/2527/2885 4428/2526/2884
f 4430/2527/2885 5349/2569/3824 5350/2588/3825
f 5351/2569/3826 5352/2408/3827 4437/2526/2894
f 5352/2408/3827 5351/2569/3826 5353/2405/3828
f 5354/2527/3829 4726/2569/3830 4437/2526/2894
f 4726/2569/3830 5354/2527/3829 4893/2588/3831
f 5355/2589/3832 4401/2519/2856 4942/2625/2587
f 4401/2519/2856 5355/2589/3832 5356/2678/3833
f 5357/2589/3834 4406/2519/2859 5358/2678/3835
f 4406/2519/2859 5357/2589/3834 5359/2625/2590
f 5171/2650/3635 5048/2635/3519 4997/2633/3466
f 5048/2635/3519 5171/2650/3635 5173/2657/3637
f 5303/2631/3777 5360/2580/3836 5361/2582/3837
f 5360/2580/3836 5303/2631/3777 5362/2652/3838
f 5107/2650/3566 5363/2635/3839 5174/2657/3638
f 5363/2635/3839 5107/2650/3566 5364/2633/3840
f 5306/2631/3780 5365/2582/3841 5366/2580/3842
f 5366/2580/3842 5367/2652/3843 5306/2631/3780
f 5368/2678/3844 5369/2679/3845 5370/2680/3846
f 5358/2678/3835 5371/2680/3847 5372/2679/3848
f 5337/2677/2998 5373/2674/3849 5336/2676/3811
f 5336/2676/3811 5373/2674/3849 5374/2681/3799
f 5342/2676/3817 5375/2674/3850 5343/2677/3001
f 5375/2674/3850 5342/2676/3817 5376/2681/3851
f 5377/2479/3852 5378/2682/3853 5379/2604/3854
f 5378/2682/3853 5377/2479/3852 4542/2550/3004
f 5380/2682/3855 4216/2479/2683 5381/2604/3856
f 4216/2479/2683 5380/2682/3855 5382/2550/3857
f 4310/2498/2768 5383/2648/3858 5321/2660/3795
f 5383/2648/3858 4310/2498/2768 4686/2583/3146
f 5384/2648/3859 4683/2498/3143 5322/2660/3796
f 4683/2498/3143 5384/2648/3859 4685/2583/3145
f 5173/2657/3637 5047/2640/3518 5000/2635/3470
f 5047/2640/3518 5173/2657/3637 5220/2663/3690
f 5221/2657/3691 5049/2640/3520 5222/2663/3692
f 5049/2640/3520 5221/2657/3691 5363/2635/3839
f 5385/2510/3860 5386/2667/3861 5387/2477/2667
f 5386/2667/3861 5385/2510/3860 5388/2683/3862
f 4369/2510/2826 4209/2477/2675 5266/2667/3739
f 5266/2667/3739 5389/2683/3863 4369/2510/2826
f 4552/2432/3014 5390/2684/3864 5391/2554/3865
f 5390/2684/3864 4552/2432/3014 4029/2431/2506
f 4035/2432/2512 5392/2684/3866 4033/2431/2510
f 5392/2684/3866 4035/2432/2512 5393/2554/3867
f 5224/2624/3694 5394/2662/3868 5259/2596/3731
f 5395/2532/3869 5394/2662/3868 5224/2624/3694
f 5396/2624/3870 4772/2596/3235 5397/2662/3871
f 5397/2662/3871 5398/2532/3872 5396/2624/3870
f 5399/2542/3873 5400/2643/3874 5401/2676/3875
f 5066/2643/3818 4886/2542/3358 5402/2676/3876
f 4886/2542/3358 5066/2643/3818 5015/2543/3487
f 5400/2643/3874 5403/2542/3877 5012/2543/3483
f 5220/2663/3690 5013/2636/3485 5047/2640/3518
f 5013/2636/3485 5220/2663/3690 5404/2642/3878
f 5016/2636/3488 5222/2663/3692 5049/2640/3520
f 5222/2663/3692 5016/2636/3488 5065/2642/3533
f 4901/2568/3373 5251/2666/3722 4468/2523/3879
f 5405/2568/3880 4739/2523/3204 5279/2666/3751
f 5406/2685/3846 5355/2589/3832 5407/2575/3112
f 5408/2685/3847 4654/2575/3118 5409/2589/3848
f 5385/2510/3860 4497/2541/2950 5388/2683/3862
f 4497/2541/2950 5410/2686/3881 5388/2683/3862
f 4369/2510/2826 5389/2683/3863 4503/2541/2957
f 4503/2541/2957 5389/2683/3863 5411/2686/3882
f 5061/2642/3530 5012/2543/3483 5013/2636/3485
f 5012/2543/3483 5061/2642/3530 5400/2643/3874
f 5412/2642/3883 5413/2543/3884 5414/2643/3885
f 5413/2543/3884 5412/2642/3883 5016/2636/3488
f 5406/2685/3846 5415/2575/3886 5416/2540/3887
f 5408/2685/3847 5417/2540/2955 4734/2575/3198
f 5416/2540/3887 5418/2686/3888 5419/2598/3889
f 5418/2686/3888 5416/2540/3887 5420/2539/3890
f 4501/2540/3116 5421/2686/3891 5422/2539/3892
f 5421/2686/3891 4501/2540/3116 5423/2598/3893
f 5424/2645/3894 4029/2431/2506 4187/2475/2654
f 4029/2431/2506 5424/2645/3894 5425/2684/3895
f 4033/2431/2510 5426/2645/3896 4194/2475/2661
f 5426/2645/3896 4033/2431/2510 5427/2684/3897
f 5428/2460/3898 5317/2672/3791 5429/2687/3899
f 5317/2672/3791 5428/2460/3898 5316/2440/3790
f 5320/2672/3794 5430/2460/3900 5431/2687/3901
f 5430/2460/3900 5320/2672/3794 4126/2440/2594
f 4542/2550/3004 5432/2688/3902 5378/2682/3853
f 5432/2688/3902 4542/2550/3004 5433/2551/3903
f 5434/2688/3904 4553/2550/3015 5380/2682/3855
f 4553/2550/3015 5434/2688/3904 4555/2551/2964
f 4865/2612/3336 5338/2617/3813 4887/2611/3359
f 5338/2617/3813 4865/2612/3336 5022/2639/3905
f 5435/2676/3906 5436/2614/3907 4512/2542/2967
f 5436/2614/3907 5435/2676/3906 5374/2681/3799
f 5344/2617/3819 4868/2612/3339 4894/2611/3366
f 4868/2612/3339 5344/2617/3819 5039/2639/3508
f 5402/2676/3876 5437/2614/3908 5376/2681/3802
f 5437/2614/3908 5402/2676/3876 5438/2542/3909
f 4778/2598/3241 5439/2686/3910 5440/2597/3911
f 4497/2541/2950 5440/2597/3911 5439/2686/3910
f 4779/2597/3247 5441/2541/3912 5442/2686/3913
f 4779/2597/3247 5442/2686/3913 4783/2598/3248
f 5443/2641/3914 4818/2604/3283 5444/2682/3915
f 4818/2604/3283 5443/2641/3914 5050/2587/3521
f 5445/2641/3916 4821/2604/3286 4714/2587/3175
f 4821/2604/3286 5445/2641/3916 5446/2682/3855
f 5251/2666/3722 5368/2678/3844 5447/2680/3917
f 5279/2666/3751 5448/2680/3918 5358/2678/3835
f 4544/2551/3006 5449/2689/3919 5450/2688/3920
f 5449/2689/3919 4544/2551/3006 4547/2552/3009
f 4551/2555/3013 4547/2552/3009 4549/2553/3011
f 4547/2552/3009 4551/2555/3013 5449/2689/3919
f 4556/2551/2725 5451/2689/3921 4559/2552/3019
f 5451/2689/3921 4556/2551/2725 5453/2688/3922
f 4563/2555/3023 5452/2552/3923 5454/2689/3924
f 5452/2552/3923 4563/2555/3023 5455/2553/3925
f 5456/2621/3926 5457/2622/3927 5295/2668/3769
f 5458/2669/3928 5295/2668/3769 5457/2622/3927
f 4926/2622/3399 5286/2668/3759 5287/2669/3760
f 5286/2668/3759 4926/2622/3399 4923/2621/3396
f 5457/2622/3927 4918/2623/3389 5458/2669/3928
f 5459/2670/3929 5458/2669/3928 4918/2623/3389
f 5460/2669/3930 5291/2670/3931 4929/2623/3402
f 5460/2669/3930 4929/2623/3402 4926/2622/3399
f 5374/2681/3799 4918/2623/3932 4878/2614/3349
f 4918/2623/3932 5374/2681/3799 5461/2670/3933
f 5376/2681/3802 4929/2623/3402 5328/2670/3804
f 4929/2623/3402 5376/2681/3802 5437/2614/3908
f 5295/2668/3769 5293/2671/3767 5456/2621/3926
f 5293/2671/3767 4914/2620/3385 5456/2621/3926
f 5462/2668/3934 4923/2621/3396 5296/2671/3770
f 5296/2671/3770 4923/2621/3396 4922/2620/3395
f 5420/2539/3890 5463/2683/3935 5418/2686/3888
f 5463/2683/3935 5420/2539/3890 5464/2565/3936
f 5465/2683/3937 5422/2539/3892 5421/2686/3891
f 5422/2539/3892 5465/2683/3937 5466/2565/3938
f 5467/2665/3939 5468/2462/3940 4473/2536/2926
f 5468/2462/3940 5469/2472/3941 4473/2536/2926
f 4473/2536/2926 5470/2675/3942 5330/2665/3806
f 5470/2675/3942 4473/2536/2926 5471/2537/3943
f 5253/2665/3724 4880/2536/3351 5472/2462/3944
f 5472/2462/3944 4880/2536/3351 5473/2472/3945
f 5474/2675/3810 4880/2536/3351 5253/2665/3724
f 4880/2536/3351 5474/2675/3810 5475/2537/3946
f 5429/2687/3899 5476/2690/3947 5428/2460/3898
f 5477/2517/3948 5428/2460/3898 5476/2690/3947
f 5478/2690/3949 5430/2460/3900 5479/2517/3950
f 5430/2460/3900 5478/2690/3949 5480/2687/3951
f 5481/2519/3952 5368/2678/3844 4901/2568/3373
f 5251/2666/3722 4901/2568/3373 5368/2678/3844
f 4624/2568/3089 5279/2666/3751 5358/2678/3835
f 4624/2568/3089 5358/2678/3835 4625/2519/2859
f 5419/2598/3889 5251/2666/3722 5482/2680/3953
f 5482/2680/3953 5416/2540/3887 5419/2598/3889
f 5279/2666/3751 5423/2598/3893 5448/2680/3918
f 5448/2680/3918 5423/2598/3893 4501/2540/3116
f 5023/2639/3494 4914/2620/3385 5338/2617/3813
f 5293/2671/3767 5338/2617/3813 4914/2620/3385
f 4922/2620/3395 5344/2617/3819 5483/2671/3954
f 5344/2617/3819 4922/2620/3395 5039/2639/3508
f 4849/2547/3320 5484/2602/3955 4848/2547/3319
f 5484/2602/3955 4849/2547/3320 5485/2602/3956
f 5098/2547/3556 5250/2602/3720 5486/2602/3957
f 5464/2565/3958 5487/2667/3959 5488/2683/3960
f 5487/2667/3959 5464/2565/3958 4861/2610/3332
f 5466/2565/3938 5489/2667/3961 4863/2610/3334
f 5489/2667/3961 5466/2565/3938 5465/2683/3937
f 5490/2547/3962 5491/2592/3963 5492/2602/3964
f 5491/2592/3963 5490/2547/3962 5493/2593/3965
f 4848/2547/3319 5494/2592/3966 5230/2593/3698
f 5494/2592/3966 4848/2547/3319 5495/2602/3967
f 5496/2545/3968 4523/2544/2982 5497/2646/3969
f 5498/2691/3970 5497/2646/3969 4523/2544/2982
f 5499/2646/3971 5500/2691/3972 4525/2544/2984
f 5499/2646/3971 4525/2544/2984 4526/2545/2985
f 4861/2610/3332 5486/2602/3957 5487/2667/3959
f 5486/2602/3957 4861/2610/3332 5098/2547/3556
f 4863/2610/3334 5485/2602/3956 4849/2547/3320
f 5485/2602/3956 4863/2610/3334 5489/2667/3961
f 5349/2569/3973 5501/2405/3974 5160/2406/3624
f 5349/2569/3973 5160/2406/3624 4989/2570/3460
f 5351/2569/3975 5165/2406/3629 5502/2405/3976
f 5165/2406/3629 5351/2569/3975 5503/2570/3977
f 5504/2690/3978 5505/2691/3979 4394/2517/2850
f 4523/2544/2982 4394/2517/2850 5505/2691/3979
f 5500/2691/3972 5479/2517/3950 4525/2544/2984
f 5479/2517/3950 5500/2691/3972 5478/2690/3949
f 5506/2421/3980 5507/2499/3981 5508/2692/3982
f 5509/2514/3983 5508/2692/3982 5507/2499/3981
f 5510/2499/3984 5511/2692/3985 5512/2514/3986
f 5511/2692/3985 5510/2499/3984 3986/2421/2465
f 5513/2420/3987 5508/2692/3982 5514/2693/3988
f 5508/2692/3982 5513/2420/3987 5515/2421/3989
f 5511/2692/3985 4976/2420/3446 5516/2693/3990
f 4976/2420/3446 5511/2692/3985 5517/2421/3991
f 4578/2559/3039 5518/2694/3992 5519/2695/3993
f 5520/2694/3994 4582/2559/3045 5521/2695/3995
f 5522/2694/3996 5523/2559/3997 4605/2564/3069
f 4605/2564/3069 5524/2675/3998 5522/2694/3996
f 5524/2675/3998 4605/2564/3069 5329/2521/3805
f 5522/2694/3996 5525/2537/3999 4869/2613/3340
f 5525/2537/3999 5522/2694/3996 5524/2675/3998
f 5526/2559/4000 5520/2694/3994 4609/2564/3074
f 5527/2675/4001 4609/2564/3074 5520/2694/3994
f 4609/2564/3074 5527/2675/4001 5528/2521/4002
f 5520/2694/3994 5529/2537/4003 5527/2675/4001
f 5529/2537/4003 5520/2694/3994 5530/2613/4004
f 5531/2695/4005 5532/2696/4006 4578/2559/3039
f 4577/2558/3038 4578/2559/3039 5532/2696/4006
f 5533/2696/4007 4582/2559/3045 4581/2558/3044
f 4582/2559/3045 5533/2696/4007 5521/2695/3995
f 5534/2693/4008 4965/2628/3435 5513/2420/3987
f 4965/2628/3435 5534/2693/4008 5532/2696/4006
f 5535/2693/4009 5536/2628/4010 5533/2696/4007
f 5536/2628/4010 5535/2693/4009 4976/2420/3446
f 5203/2661/4011 5444/2682/3915 5537/2688/4012
f 5444/2682/3915 5203/2661/4011 5443/2641/3914
f 5538/2661/4013 5446/2682/3855 5445/2641/3916
f 5446/2682/3855 5538/2661/4013 5539/2688/4014
f 5531/2695/4005 5518/2694/3992 4966/2629/3436
f 5518/2694/3992 5540/2613/4015 4966/2629/3436
f 4975/2629/3444 5520/2694/3994 5521/2695/3995
f 5520/2694/3994 4975/2629/3444 5530/2613/4004
f 5541/2605/4016 5532/2696/4006 5534/2693/4008
f 5532/2696/4006 5541/2605/4016 4577/2558/3038
f 4824/2605/3289 5533/2696/4007 4581/2558/3044
f 5533/2696/4007 4824/2605/3289 5535/2693/4009
f 4966/2629/3436 4965/2628/3435 5531/2695/4005
f 5532/2696/4006 5531/2695/4005 4965/2628/3435
f 5536/2628/4010 5521/2695/3995 5533/2696/4007
f 5521/2695/3995 5536/2628/4010 4975/2629/3444
f 5534/2693/4008 5542/2644/4017 4822/2605/3287
f 5542/2644/4017 5534/2693/4008 5543/2692/4018
f 5544/2644/4019 5516/2693/3990 5545/2605/4020
f 5516/2693/3990 5544/2644/4019 5546/2692/4021
f 5547/2513/4022 5508/2692/3982 5548/2514/4023
f 5508/2692/3982 5547/2513/4022 5542/2644/4017
f 5546/2692/4021 5236/2513/3705 5549/2514/4024
f 5236/2513/3705 5546/2692/4021 5544/2644/4019
f 5550/2672/4025 5432/2688/3902 5449/2689/3919
f 5432/2688/3902 5550/2672/4025 5551/2661/4026
f 5552/2672/4027 5453/2688/3922 5538/2661/4013
f 5453/2688/3922 5552/2672/4027 5451/2689/3921
f 5449/2689/3919 5553/2687/4028 5317/2672/3791
f 5553/2687/4028 5449/2689/3919 4551/2555/3013
f 5431/2687/3901 5451/2689/4029 5320/2672/3794
f 5451/2689/4029 5431/2687/3901 4563/2555/3023
f 4551/2555/4030 5476/2690/3947 5429/2687/3899
f 5476/2690/3947 4551/2555/4030 5554/2554/4031
f 5478/2690/3949 4563/2555/3023 5555/2687/4032
f 4563/2555/3023 5478/2690/3949 5556/2554/4033
f 5557/2554/4034 5505/2691/3979 5476/2690/3947
f 5505/2691/3979 5557/2554/4034 5558/2684/4035
f 5500/2691/3972 5393/2554/3867 5478/2690/3949
f 5393/2554/3867 5500/2691/3972 5392/2684/3866
f 5559/2646/4036 5560/2684/4037 5424/2645/3894
f 5560/2684/4037 5559/2646/4036 5561/2691/4038
f 5499/2646/3971 5562/2684/4039 5563/2691/4040
f 5562/2684/4039 5499/2646/3971 5426/2645/4041
